<?xml version="1.0" encoding="UTF-8"?>
<!DOCTYPE svg PUBLIC "-//W3C//DTD SVG 1.1//EN" "http://www.w3.org/Graphics/SVG/1.1/DTD/svg11.dtd">
<!-- Creator: CorelDRAW (Not for commercial use) -->
<svg xmlns="http://www.w3.org/2000/svg" xml:space="preserve" width="215.9mm" height="279.4mm" version="1.1" style="shape-rendering:geometricPrecision; text-rendering:geometricPrecision; image-rendering:optimizeQuality; fill-rule:evenodd; clip-rule:evenodd"
viewBox="0 0 21590 27940"
 xmlns:xlink="http://www.w3.org/1999/xlink"
 xmlns:xodm="http://www.corel.com/coreldraw/odm/2003">
 <defs>
  <style type="text/css">
   <![CDATA[
    .str0 {stroke:black;stroke-width:20;stroke-miterlimit:22.9256}
    .fil294 {fill:none}
    .fil0 {fill:#13192A}
    .fil293 {fill:#13192B}
    .fil292 {fill:#13192C}
    .fil291 {fill:#131A2C}
    .fil290 {fill:#131A2D}
    .fil289 {fill:#141A2D}
    .fil288 {fill:#141A2E}
    .fil287 {fill:#141A2F}
    .fil286 {fill:#141B2F}
    .fil285 {fill:#141B30}
    .fil284 {fill:#141B31}
    .fil283 {fill:#151B31}
    .fil282 {fill:#151C31}
    .fil281 {fill:#151C32}
    .fil280 {fill:#151C33}
    .fil279 {fill:#151D33}
    .fil278 {fill:#151D34}
    .fil277 {fill:#161D34}
    .fil276 {fill:#161D35}
    .fil275 {fill:#161E35}
    .fil274 {fill:#161E36}
    .fil273 {fill:#171E36}
    .fil272 {fill:#171E37}
    .fil271 {fill:#171F37}
    .fil270 {fill:#171F38}
    .fil269 {fill:#171F39}
    .fil268 {fill:#172039}
    .fil267 {fill:#182039}
    .fil266 {fill:#18203A}
    .fil265 {fill:#18213B}
    .fil264 {fill:#19213B}
    .fil263 {fill:#19213C}
    .fil262 {fill:#19223C}
    .fil261 {fill:#19223D}
    .fil260 {fill:#1A233E}
    .fil259 {fill:#1A233F}
    .fil258 {fill:#1A243F}
    .fil257 {fill:#1A2440}
    .fil256 {fill:#1B2440}
    .fil255 {fill:#1B2441}
    .fil254 {fill:#1B2541}
    .fil253 {fill:#1B2542}
    .fil252 {fill:#1C2542}
    .fil251 {fill:#1C2642}
    .fil250 {fill:#1C2643}
    .fil249 {fill:#1C2744}
    .fil248 {fill:#1D2744}
    .fil247 {fill:#1D2745}
    .fil246 {fill:#1D2845}
    .fil245 {fill:#1D2846}
    .fil244 {fill:#1E2846}
    .fil243 {fill:#1E2946}
    .fil242 {fill:#1E2947}
    .fil241 {fill:#1E2948}
    .fil240 {fill:#1E2A48}
    .fil239 {fill:#1F2A48}
    .fil238 {fill:#1F2A49}
    .fil237 {fill:#1F2B49}
    .fil236 {fill:#1F2B4A}
    .fil235 {fill:#202B4A}
    .fil234 {fill:#202C4A}
    .fil233 {fill:#202C4B}
    .fil232 {fill:#212D4C}
    .fil231 {fill:#212D4D}
    .fil230 {fill:#212E4D}
    .fil229 {fill:#222E4D}
    .fil228 {fill:#222E4E}
    .fil227 {fill:#222F4E}
    .fil226 {fill:#222F4F}
    .fil225 {fill:#232F4F}
    .fil224 {fill:#23304F}
    .fil223 {fill:#233050}
    .fil222 {fill:#243050}
    .fil221 {fill:#243150}
    .fil220 {fill:#243151}
    .fil219 {fill:#243152}
    .fil218 {fill:#243252}
    .fil217 {fill:#253252}
    .fil216 {fill:#253253}
    .fil215 {fill:#253353}
    .fil214 {fill:#263353}
    .fil213 {fill:#263354}
    .fil212 {fill:#263454}
    .fil211 {fill:#263455}
    .fil210 {fill:#273455}
    .fil209 {fill:#273555}
    .fil208 {fill:#273556}
    .fil207 {fill:#273656}
    .fil206 {fill:#283656}
    .fil205 {fill:#283657}
    .fil204 {fill:#283758}
    .fil203 {fill:#293758}
    .fil202 {fill:#293859}
    .fil201 {fill:#2A3859}
    .fil200 {fill:#2A385A}
    .fil199 {fill:#2A395A}
    .fil198 {fill:#2A395B}
    .fil197 {fill:#2B395B}
    .fil196 {fill:#2B3A5B}
    .fil195 {fill:#2B3A5C}
    .fil194 {fill:#2B3B5C}
    .fil193 {fill:#2C3B5C}
    .fil192 {fill:#2C3B5D}
    .fil191 {fill:#2C3C5D}
    .fil190 {fill:#2D3C5E}
    .fil189 {fill:#2D3D5E}
    .fil188 {fill:#2D3D5F}
    .fil187 {fill:#2E3D5F}
    .fil186 {fill:#2E3E5F}
    .fil185 {fill:#2E3E60}
    .fil184 {fill:#2F3E60}
    .fil183 {fill:#2F3F61}
    .fil182 {fill:#2F3F62}
    .fil181 {fill:#2F4062}
    .fil180 {fill:#304062}
    .fil179 {fill:#304063}
    .fil178 {fill:#304163}
    .fil177 {fill:#314163}
    .fil176 {fill:#314164}
    .fil175 {fill:#314264}
    .fil174 {fill:#324265}
    .fil173 {fill:#324365}
    .fil172 {fill:#324366}
    .fil171 {fill:#334366}
    .fil170 {fill:#334466}
    .fil169 {fill:#334467}
    .fil168 {fill:#334567}
    .fil167 {fill:#344567}
    .fil166 {fill:#344568}
    .fil165 {fill:#344668}
    .fil164 {fill:#344669}
    .fil163 {fill:#354669}
    .fil162 {fill:#354769}
    .fil161 {fill:#35476A}
    .fil160 {fill:#36476A}
    .fil159 {fill:#36486A}
    .fil158 {fill:#36486B}
    .fil157 {fill:#37496C}
    .fil156 {fill:#374A6D}
    .fil155 {fill:#384A6D}
    .fil154 {fill:#384A6E}
    .fil153 {fill:#384B6E}
    .fil152 {fill:#394B6E}
    .fil151 {fill:#394B6F}
    .fil150 {fill:#394C6F}
    .fil149 {fill:#3A4C70}
    .fil148 {fill:#3A4D70}
    .fil147 {fill:#3A4D71}
    .fil146 {fill:#3B4D71}
    .fil145 {fill:#3B4E71}
    .fil144 {fill:#3B4E72}
    .fil143 {fill:#3C4F72}
    .fil142 {fill:#3C4F73}
    .fil141 {fill:#3C5073}
    .fil140 {fill:#3D5074}
    .fil139 {fill:#3D5174}
    .fil138 {fill:#3D5175}
    .fil137 {fill:#3E5175}
    .fil136 {fill:#3E5275}
    .fil135 {fill:#3E5276}
    .fil134 {fill:#3F5276}
    .fil133 {fill:#3F5376}
    .fil132 {fill:#3F5377}
    .fil131 {fill:#405478}
    .fil130 {fill:#405579}
    .fil129 {fill:#415579}
    .fil128 {fill:#41557A}
    .fil127 {fill:#41567A}
    .fil126 {fill:#42567A}
    .fil125 {fill:#42567B}
    .fil124 {fill:#42577B}
    .fil123 {fill:#43577C}
    .fil122 {fill:#43587C}
    .fil121 {fill:#43587D}
    .fil120 {fill:#44587D}
    .fil119 {fill:#44597D}
    .fil118 {fill:#44597E}
    .fil117 {fill:#445A7E}
    .fil116 {fill:#455A7E}
    .fil115 {fill:#455A7F}
    .fil114 {fill:#455B7F}
    .fil113 {fill:#465B7F}
    .fil112 {fill:#465B80}
    .fil111 {fill:#465C80}
    .fil110 {fill:#465C81}
    .fil109 {fill:#475C81}
    .fil108 {fill:#475D81}
    .fil107 {fill:#475D82}
    .fil106 {fill:#485D82}
    .fil105 {fill:#485E82}
    .fil104 {fill:#485E83}
    .fil103 {fill:#495E83}
    .fil102 {fill:#495F83}
    .fil101 {fill:#495F84}
    .fil100 {fill:#496084}
    .fil99 {fill:#4A6085}
    .fil98 {fill:#4A6185}
    .fil97 {fill:#4A6186}
    .fil96 {fill:#4B6186}
    .fil95 {fill:#4B6287}
    .fil94 {fill:#4C6287}
    .fil93 {fill:#4C6288}
    .fil92 {fill:#4C6388}
    .fil91 {fill:#4D6389}
    .fil90 {fill:#4D6489}
    .fil89 {fill:#4D648A}
    .fil88 {fill:#4E658A}
    .fil87 {fill:#4E658B}
    .fil86 {fill:#4E668B}
    .fil85 {fill:#4F668B}
    .fil84 {fill:#4F668C}
    .fil83 {fill:#4F678C}
    .fil82 {fill:#50678C}
    .fil81 {fill:#50678D}
    .fil80 {fill:#50688D}
    .fil79 {fill:#51688E}
    .fil78 {fill:#51698E}
    .fil77 {fill:#51698F}
    .fil76 {fill:#52698F}
    .fil75 {fill:#526A8F}
    .fil74 {fill:#526A90}
    .fil73 {fill:#526B90}
    .fil72 {fill:#536B90}
    .fil71 {fill:#536B91}
    .fil70 {fill:#536C91}
    .fil69 {fill:#546C92}
    .fil68 {fill:#546D92}
    .fil67 {fill:#546D93}
    .fil66 {fill:#556D93}
    .fil65 {fill:#556E93}
    .fil64 {fill:#556E94}
    .fil63 {fill:#566E94}
    .fil62 {fill:#566F94}
    .fil61 {fill:#566F95}
    .fil60 {fill:#577095}
    .fil59 {fill:#577096}
    .fil58 {fill:#577196}
    .fil57 {fill:#587197}
    .fil56 {fill:#587298}
    .fil55 {fill:#597298}
    .fil54 {fill:#597399}
    .fil53 {fill:#5A7399}
    .fil52 {fill:#5A739A}
    .fil51 {fill:#5A749A}
    .fil50 {fill:#5B749A}
    .fil49 {fill:#5B759B}
    .fil48 {fill:#5B759C}
    .fil47 {fill:#5C769C}
    .fil46 {fill:#5C769D}
    .fil45 {fill:#5C779D}
    .fil44 {fill:#5D779D}
    .fil43 {fill:#5D779E}
    .fil42 {fill:#5D789E}
    .fil41 {fill:#5E789E}
    .fil40 {fill:#5E789F}
    .fil39 {fill:#5E799F}
    .fil38 {fill:#5F79A0}
    .fil37 {fill:#5F7AA0}
    .fil36 {fill:#5F7AA1}
    .fil35 {fill:#607AA1}
    .fil34 {fill:#607BA1}
    .fil33 {fill:#607BA2}
    .fil32 {fill:#617CA2}
    .fil31 {fill:#617CA3}
    .fil30 {fill:#617DA3}
    .fil29 {fill:#627DA3}
    .fil28 {fill:#627DA4}
    .fil27 {fill:#627EA4}
    .fil26 {fill:#627EA5}
    .fil25 {fill:#637EA5}
    .fil24 {fill:#637FA5}
    .fil23 {fill:#637FA6}
    .fil22 {fill:#647FA6}
    .fil21 {fill:#6480A6}
    .fil20 {fill:#6480A7}
    .fil19 {fill:#6580A7}
    .fil18 {fill:#6581A7}
    .fil17 {fill:#6581A8}
    .fil16 {fill:#6582A8}
    .fil15 {fill:#6682A8}
    .fil14 {fill:#6682A9}
    .fil13 {fill:#6683A9}
    .fil12 {fill:#6683AA}
    .fil11 {fill:#6783AA}
    .fil10 {fill:#6784AA}
    .fil9 {fill:#6784AB}
    .fil8 {fill:#6884AB}
    .fil7 {fill:#6885AB}
    .fil6 {fill:#6885AC}
    .fil5 {fill:#6985AC}
    .fil4 {fill:#6986AD}
    .fil3 {fill:#6A86AD}
    .fil2 {fill:#6A87AD}
    .fil1 {fill:#6A87AE}
   ]]>
  </style>
    <clipPath id="id0">
     <path d="M-49995.02 18768.33l54363.81 0 0 33705.56 -54363.81 0 0 -33705.56z"/>
    </clipPath>
 </defs>
 <g id="Layer_x0020_1">
  <metadata id="CorelCorpID_0Corel-Layer"/>
  <g>
   <g style="clip-path:url(#id0)">
    <polygon class="fil0" points="-49995.02,18768.33 4368.79,18768.33 4368.79,52473.89 -49995.02,52473.89 "/>
    <path id="_1" class="fil1" d="M-22772.3 35621.11c0,-13.98 -18.27,-25.3 -40.82,-25.3 -22.54,0 -40.81,11.32 -40.81,25.3 0,13.98 18.27,25.3 40.81,25.3 22.55,0 40.82,-11.32 40.82,-25.3z"/>
    <path id="_2" class="fil1" d="M-22785.91 35621.11c0,9.32 -12.18,16.87 -27.21,16.87 -15.02,0 -27.2,-7.55 -27.2,-16.87 0,-9.32 12.18,-16.87 27.2,-16.87 15.03,0 27.21,7.55 27.21,16.87zm40.82 0c0,-23.29 -30.46,-42.17 -68.03,-42.17 -37.56,0 -68.02,18.88 -68.02,42.17 0,23.29 30.46,42.17 68.02,42.17 37.57,0 68.03,-18.88 68.03,-42.17z"/>
    <path id="_3" class="fil1" d="M-22758.7 35621.11c0,18.63 -24.36,33.74 -54.42,33.74 -30.05,0 -54.41,-15.11 -54.41,-33.74 0,-18.63 24.36,-33.74 54.41,-33.74 30.06,0 54.42,15.11 54.42,33.74zm40.82 0c0,-32.61 -42.64,-59.04 -95.24,-59.04 -52.59,0 -95.23,26.43 -95.23,59.04 0,32.61 42.64,59.04 95.23,59.04 52.6,0 95.24,-26.43 95.24,-59.04z"/>
    <path id="_4" class="fil1" d="M-22731.49 35621.11c0,27.95 -36.54,50.61 -81.63,50.61 -45.08,0 -81.62,-22.66 -81.62,-50.61 0,-27.95 36.54,-50.61 81.62,-50.61 45.09,0 81.63,22.66 81.63,50.61zm40.82 0c0,-41.93 -54.82,-75.91 -122.45,-75.91 -67.62,0 -122.44,33.98 -122.44,75.91 0,41.93 54.82,75.91 122.44,75.91 67.63,0 122.45,-33.98 122.45,-75.91z"/>
    <path id="_5" class="fil1" d="M-22704.28 35621.11c0,37.27 -48.73,67.48 -108.84,67.48 -60.1,0 -108.83,-30.21 -108.83,-67.48 0,-37.27 48.73,-67.48 108.83,-67.48 60.11,0 108.84,30.21 108.84,67.48zm40.82 0c0,-51.24 -67.01,-92.78 -149.66,-92.78 -82.64,0 -149.65,41.54 -149.65,92.78 0,51.24 67.01,92.78 149.65,92.78 82.65,0 149.66,-41.54 149.66,-92.78z"/>
    <path id="_6" class="fil1" d="M-22677.07 35621.11c0,46.58 -60.91,84.35 -136.05,84.35 -75.13,0 -136.04,-37.77 -136.04,-84.35 0,-46.58 60.91,-84.35 136.04,-84.35 75.14,0 136.05,37.77 136.05,84.35zm40.81 0c0,-60.56 -79.18,-109.65 -176.86,-109.65 -97.67,0 -176.85,49.09 -176.85,109.65 0,60.56 79.18,109.65 176.85,109.65 97.68,0 176.86,-49.09 176.86,-109.65z"/>
    <path id="_7" class="fil1" d="M-22649.86 35621.11c0,55.9 -73.09,101.22 -163.26,101.22 -90.16,0 -163.25,-45.32 -163.25,-101.22 0,-55.9 73.09,-101.22 163.25,-101.22 90.17,0 163.26,45.32 163.26,101.22zm40.81 0c0,-69.88 -91.36,-126.52 -204.07,-126.52 -112.7,0 -204.06,56.64 -204.06,126.52 0,69.88 91.36,126.52 204.06,126.52 112.71,0 204.07,-56.64 204.07,-126.52z"/>
    <path id="_8" class="fil1" d="M-22622.65 35621.11c0,65.22 -85.27,118.09 -190.47,118.09 -105.19,0 -190.46,-52.87 -190.46,-118.09 0,-65.22 85.27,-118.09 190.46,-118.09 105.2,0 190.47,52.87 190.47,118.09zm40.81 0c0,-79.19 -103.54,-143.39 -231.28,-143.39 -127.73,0 -231.27,64.2 -231.27,143.39 0,79.19 103.54,143.39 231.27,143.39 127.74,0 231.28,-64.2 231.28,-143.39z"/>
    <path id="_9" class="fil1" d="M-22595.44 35621.11c0,74.53 -97.46,134.96 -217.68,134.96 -120.21,0 -217.67,-60.43 -217.67,-134.96 0,-74.53 97.46,-134.96 217.67,-134.96 120.22,0 217.68,60.43 217.68,134.96zm40.81 0c0,-88.51 -115.73,-160.26 -258.49,-160.26 -142.75,0 -258.48,71.75 -258.48,160.26 0,88.51 115.73,160.26 258.48,160.26 142.76,0 258.49,-71.75 258.49,-160.26z"/>
    <path id="_10" class="fil1" d="M-22568.23 35621.11c0,83.85 -109.64,151.83 -244.89,151.83 -135.24,0 -244.88,-67.98 -244.88,-151.83 0,-83.85 109.64,-151.83 244.88,-151.83 135.25,0 244.89,67.98 244.89,151.83zm40.81 0c0,-97.83 -127.91,-177.13 -285.7,-177.13 -157.78,0 -285.69,79.3 -285.69,177.13 0,97.83 127.91,177.13 285.69,177.13 157.79,0 285.7,-79.3 285.7,-177.13z"/>
    <path id="_11" class="fil1" d="M-22541.02 35621.11c0,93.17 -121.82,168.7 -272.1,168.7 -150.27,0 -272.09,-75.53 -272.09,-168.7 0,-93.17 121.82,-168.7 272.09,-168.7 150.28,0 272.1,75.53 272.1,168.7zm40.81 0c0,-107.14 -140.09,-194 -312.91,-194 -172.81,0 -312.9,86.86 -312.9,194 0,107.14 140.09,194 312.9,194 172.82,0 312.91,-86.86 312.91,-194z"/>
    <path id="_12" class="fil1" d="M-22513.81 35621.11c0,102.49 -134.01,185.57 -299.31,185.57 -165.29,0 -299.3,-83.08 -299.3,-185.57 0,-102.49 134.01,-185.57 299.3,-185.57 165.3,0 299.31,83.08 299.31,185.57zm40.81 0c0,-116.46 -152.28,-210.87 -340.12,-210.87 -187.83,0 -340.11,94.41 -340.11,210.87 0,116.46 152.28,210.87 340.11,210.87 187.84,0 340.12,-94.41 340.12,-210.87z"/>
    <path id="_13" class="fil1" d="M-22486.61 35621.11c0,111.8 -146.18,202.44 -326.51,202.44 -180.32,0 -326.5,-90.64 -326.5,-202.44 0,-111.8 146.18,-202.44 326.5,-202.44 180.33,0 326.51,90.64 326.51,202.44zm40.82 0c0,-125.78 -164.46,-227.74 -367.33,-227.74 -202.86,0 -367.32,101.96 -367.32,227.74 0,125.78 164.46,227.74 367.32,227.74 202.87,0 367.33,-101.96 367.33,-227.74z"/>
    <path id="_14" class="fil1" d="M-22459.4 35621.11c0,121.12 -158.36,219.31 -353.72,219.31 -195.35,0 -353.71,-98.19 -353.71,-219.31 0,-121.12 158.36,-219.31 353.71,-219.31 195.36,0 353.72,98.19 353.72,219.31zm40.82 0c0,-135.09 -176.64,-244.61 -394.54,-244.61 -217.89,0 -394.53,109.52 -394.53,244.61 0,135.09 176.64,244.61 394.53,244.61 217.9,0 394.54,-109.52 394.54,-244.61z"/>
    <path id="_15" class="fil1" d="M-22432.19 35621.11c0,130.44 -170.54,236.18 -380.93,236.18 -210.38,0 -380.92,-105.74 -380.92,-236.18 0,-130.44 170.54,-236.18 380.92,-236.18 210.39,0 380.93,105.74 380.93,236.18zm40.82 0c0,-144.41 -188.82,-261.48 -421.75,-261.48 -232.92,0 -421.74,117.07 -421.74,261.48 0,144.41 188.82,261.48 421.74,261.48 232.93,0 421.75,-117.07 421.75,-261.48z"/>
    <path id="_16" class="fil1" d="M-22404.98 35621.11c0,139.75 -182.73,253.04 -408.14,253.04 -225.4,0 -408.13,-113.29 -408.13,-253.04 0,-139.75 182.73,-253.04 408.13,-253.04 225.41,0 408.14,113.29 408.14,253.04zm40.82 0c0,-153.73 -201.01,-278.35 -448.96,-278.35 -247.94,0 -448.95,124.62 -448.95,278.35 0,153.73 201.01,278.35 448.95,278.35 247.95,0 448.96,-124.62 448.96,-278.35z"/>
    <path id="_17" class="fil1" d="M-22377.77 35621.11c0,149.07 -194.91,269.91 -435.35,269.91 -240.43,0 -435.34,-120.84 -435.34,-269.91 0,-149.07 194.91,-269.91 435.34,-269.91 240.44,0 435.35,120.84 435.35,269.91zm40.81 0c0,-163.04 -213.18,-295.22 -476.16,-295.22 -262.97,0 -476.15,132.18 -476.15,295.22 0,163.04 213.18,295.22 476.15,295.22 262.98,0 476.16,-132.18 476.16,-295.22z"/>
    <path id="_18" class="fil1" d="M-22350.56 35621.11c0,158.39 -207.09,286.78 -462.56,286.78 -255.46,0 -462.55,-128.39 -462.55,-286.78 0,-158.39 207.09,-286.78 462.55,-286.78 255.47,0 462.56,128.39 462.56,286.78zm40.81 0c0,-172.36 -225.36,-312.09 -503.37,-312.09 -278,0 -503.36,139.73 -503.36,312.09 0,172.36 225.36,312.09 503.36,312.09 278.01,0 503.37,-139.73 503.37,-312.09z"/>
    <path id="_19" class="fil1" d="M-22323.35 35621.11c0,167.7 -219.28,303.65 -489.77,303.65 -270.48,0 -489.76,-135.95 -489.76,-303.65 0,-167.7 219.28,-303.65 489.76,-303.65 270.49,0 489.77,135.95 489.77,303.65zm40.81 0c0,-181.68 -237.55,-328.96 -530.58,-328.96 -293.02,0 -530.57,147.28 -530.57,328.96 0,181.68 237.55,328.96 530.57,328.96 293.03,0 530.58,-147.28 530.58,-328.96z"/>
    <path id="_20" class="fil1" d="M-22296.14 35621.11c0,177.02 -231.46,320.52 -516.98,320.52 -285.51,0 -516.97,-143.5 -516.97,-320.52 0,-177.02 231.46,-320.52 516.97,-320.52 285.52,0 516.98,143.5 516.98,320.52zm40.81 0c0,-191 -249.73,-345.83 -557.79,-345.83 -308.05,0 -557.78,154.83 -557.78,345.83 0,191 249.73,345.83 557.78,345.83 308.06,0 557.79,-154.83 557.79,-345.83z"/>
    <path id="_21" class="fil1" d="M-22268.93 35621.11c0,186.34 -243.64,337.39 -544.19,337.39 -300.54,0 -544.18,-151.05 -544.18,-337.39 0,-186.34 243.64,-337.39 544.18,-337.39 300.55,0 544.19,151.05 544.19,337.39zm40.81 0c0,-200.31 -261.91,-362.7 -585,-362.7 -323.08,0 -584.99,162.39 -584.99,362.7 0,200.31 261.91,362.7 584.99,362.7 323.09,0 585,-162.39 585,-362.7z"/>
    <path id="_22" class="fil1" d="M-22241.72 35621.11c0,195.65 -255.82,354.26 -571.4,354.26 -315.57,0 -571.39,-158.61 -571.39,-354.26 0,-195.65 255.82,-354.26 571.39,-354.26 315.58,0 571.4,158.61 571.4,354.26zm40.81 0c0,-209.63 -274.09,-379.57 -612.21,-379.57 -338.11,0 -612.2,169.94 -612.2,379.57 0,209.63 274.09,379.57 612.2,379.57 338.12,0 612.21,-169.94 612.21,-379.57z"/>
    <path id="_23" class="fil1" d="M-22214.51 35621.11c0,204.97 -268.01,371.13 -598.61,371.13 -330.59,0 -598.6,-166.16 -598.6,-371.13 0,-204.97 268.01,-371.13 598.6,-371.13 330.6,0 598.61,166.16 598.61,371.13zm40.81 0c0,-218.95 -286.28,-396.44 -639.42,-396.44 -353.13,0 -639.41,177.49 -639.41,396.44 0,218.95 286.28,396.44 639.41,396.44 353.14,0 639.42,-177.49 639.42,-396.44z"/>
    <path id="_24" class="fil2" d="M-22187.31 35621.11c0,214.29 -280.18,388 -625.81,388 -345.62,0 -625.8,-173.71 -625.8,-388 0,-214.29 280.18,-388 625.8,-388 345.63,0 625.81,173.71 625.81,388zm40.82 0c0,-228.26 -298.46,-413.31 -666.63,-413.31 -368.16,0 -666.62,185.05 -666.62,413.31 0,228.26 298.46,413.31 666.62,413.31 368.17,0 666.63,-185.05 666.63,-413.31z"/>
    <path id="_25" class="fil3" d="M-22160.1 35621.11c0,223.6 -292.36,404.87 -653.02,404.87 -360.65,0 -653.01,-181.27 -653.01,-404.87 0,-223.6 292.36,-404.87 653.01,-404.87 360.66,0 653.02,181.27 653.02,404.87zm40.82 0c0,-237.58 -310.64,-430.18 -693.84,-430.18 -383.19,0 -693.83,192.6 -693.83,430.18 0,237.58 310.64,430.18 693.83,430.18 383.2,0 693.84,-192.6 693.84,-430.18z"/>
    <path id="_26" class="fil3" d="M-22132.89 35621.11c0,232.92 -304.55,421.74 -680.23,421.74 -375.67,0 -680.22,-188.82 -680.22,-421.74 0,-232.92 304.55,-421.74 680.22,-421.74 375.68,0 680.23,188.82 680.23,421.74zm40.82 0c0,-246.9 -322.82,-447.05 -721.05,-447.05 -398.22,0 -721.04,200.15 -721.04,447.05 0,246.9 322.82,447.05 721.04,447.05 398.23,0 721.05,-200.15 721.05,-447.05z"/>
    <path id="_27" class="fil4" d="M-22105.68 35621.11c0,242.24 -316.73,438.61 -707.44,438.61 -390.7,0 -707.43,-196.37 -707.43,-438.61 0,-242.24 316.73,-438.61 707.43,-438.61 390.71,0 707.44,196.37 707.44,438.61zm40.82 0c0,-256.21 -335.01,-463.92 -748.26,-463.92 -413.24,0 -748.25,207.71 -748.25,463.92 0,256.21 335.01,463.92 748.25,463.92 413.25,0 748.26,-207.71 748.26,-463.92z"/>
    <path id="_28" class="fil4" d="M-22078.47 35621.11c0,251.55 -328.91,455.48 -734.65,455.48 -405.73,0 -734.64,-203.93 -734.64,-455.48 0,-251.55 328.91,-455.48 734.64,-455.48 405.74,0 734.65,203.93 734.65,455.48zm40.81 0c0,-265.53 -347.18,-480.79 -775.46,-480.79 -428.27,0 -775.45,215.26 -775.45,480.79 0,265.53 347.18,480.79 775.45,480.79 428.28,0 775.46,-215.26 775.46,-480.79z"/>
    <path id="_29" class="fil4" d="M-22051.26 35621.11c0,260.87 -341.09,472.35 -761.86,472.35 -420.76,0 -761.85,-211.48 -761.85,-472.35 0,-260.87 341.09,-472.35 761.85,-472.35 420.77,0 761.86,211.48 761.86,472.35zm40.81 0c0,-274.85 -359.36,-497.65 -802.67,-497.65 -443.3,0 -802.66,222.8 -802.66,497.65 0,274.85 359.36,497.65 802.66,497.65 443.31,0 802.67,-222.8 802.67,-497.65z"/>
    <path id="_30" class="fil4" d="M-22024.05 35621.11c0,270.19 -353.28,489.22 -789.07,489.22 -435.78,0 -789.06,-219.03 -789.06,-489.22 0,-270.19 353.28,-489.22 789.06,-489.22 435.79,0 789.07,219.03 789.07,489.22zm40.81 0c0,-284.16 -371.55,-514.52 -829.88,-514.52 -458.32,0 -829.87,230.36 -829.87,514.52 0,284.16 371.55,514.52 829.87,514.52 458.33,0 829.88,-230.36 829.88,-514.52z"/>
    <path id="_31" class="fil4" d="M-21996.84 35621.11c0,279.51 -365.46,506.09 -816.28,506.09 -450.81,0 -816.27,-226.58 -816.27,-506.09 0,-279.51 365.46,-506.09 816.27,-506.09 450.82,0 816.28,226.58 816.28,506.09zm40.81 0c0,-293.48 -383.73,-531.39 -857.09,-531.39 -473.35,0 -857.08,237.91 -857.08,531.39 0,293.48 383.73,531.39 857.08,531.39 473.36,0 857.09,-237.91 857.09,-531.39z"/>
    <path id="_32" class="fil4" d="M-21969.63 35621.11c0,288.82 -377.64,522.96 -843.49,522.96 -465.84,0 -843.48,-234.14 -843.48,-522.96 0,-288.82 377.64,-522.96 843.48,-522.96 465.85,0 843.49,234.14 843.49,522.96zm40.81 0c0,-302.8 -395.91,-548.26 -884.3,-548.26 -488.38,0 -884.29,245.46 -884.29,548.26 0,302.8 395.91,548.26 884.29,548.26 488.39,0 884.3,-245.46 884.3,-548.26z"/>
    <path id="_33" class="fil4" d="M-21942.42 35621.11c0,298.14 -389.83,539.83 -870.7,539.83 -480.86,0 -870.69,-241.69 -870.69,-539.83 0,-298.14 389.83,-539.83 870.69,-539.83 480.87,0 870.7,241.69 870.7,539.83zm40.81 0c0,-312.11 -408.09,-565.13 -911.51,-565.13 -503.41,0 -911.5,253.02 -911.5,565.13 0,312.11 408.09,565.13 911.5,565.13 503.42,0 911.51,-253.02 911.51,-565.13z"/>
    <path id="_34" class="fil4" d="M-21915.21 35621.11c0,307.46 -402.01,556.7 -897.91,556.7 -495.89,0 -897.9,-249.24 -897.9,-556.7 0,-307.46 402.01,-556.7 897.9,-556.7 495.9,0 897.91,249.24 897.91,556.7zm40.81 0c0,-321.43 -420.28,-582 -938.72,-582 -518.43,0 -938.71,260.57 -938.71,582 0,321.43 420.28,582 938.71,582 518.44,0 938.72,-260.57 938.72,-582z"/>
    <path id="_35" class="fil4" d="M-21888.01 35621.11c0,316.77 -414.18,573.57 -925.11,573.57 -510.92,0 -925.1,-256.8 -925.1,-573.57 0,-316.77 414.18,-573.57 925.1,-573.57 510.93,0 925.11,256.8 925.11,573.57zm40.82 0c0,-330.75 -432.46,-598.87 -965.93,-598.87 -533.46,0 -965.92,268.12 -965.92,598.87 0,330.75 432.46,598.87 965.92,598.87 533.47,0 965.93,-268.12 965.93,-598.87z"/>
    <path id="_36" class="fil4" d="M-21860.8 35621.11c0,326.09 -426.36,590.44 -952.32,590.44 -525.95,0 -952.31,-264.35 -952.31,-590.44 0,-326.09 426.36,-590.44 952.31,-590.44 525.96,0 952.32,264.35 952.32,590.44zm40.82 0c0,-340.07 -444.64,-615.74 -993.14,-615.74 -548.49,0 -993.13,275.67 -993.13,615.74 0,340.07 444.64,615.74 993.13,615.74 548.5,0 993.14,-275.67 993.14,-615.74z"/>
    <path id="_37" class="fil4" d="M-21833.59 35621.11c0,335.41 -438.55,607.31 -979.53,607.31 -540.97,0 -979.52,-271.9 -979.52,-607.31 0,-335.41 438.55,-607.31 979.52,-607.31 540.98,0 979.53,271.9 979.53,607.31zm40.82 0c0,-349.38 -456.83,-632.61 -1020.35,-632.61 -563.51,0 -1020.34,283.23 -1020.34,632.61 0,349.38 456.83,632.61 1020.34,632.61 563.52,0 1020.35,-283.23 1020.35,-632.61z"/>
    <path id="_38" class="fil4" d="M-21806.38 35621.11c0,344.72 -450.73,624.18 -1006.74,624.18 -556,0 -1006.73,-279.46 -1006.73,-624.18 0,-344.72 450.73,-624.18 1006.73,-624.18 556.01,0 1006.74,279.46 1006.74,624.18zm40.82 0c0,-358.7 -469.01,-649.48 -1047.56,-649.48 -578.54,0 -1047.55,290.78 -1047.55,649.48 0,358.7 469.01,649.48 1047.55,649.48 578.55,0 1047.56,-290.78 1047.56,-649.48z"/>
    <path id="_39" class="fil4" d="M-21779.17 35621.11c0,354.04 -462.91,641.05 -1033.95,641.05 -571.03,0 -1033.94,-287.01 -1033.94,-641.05 0,-354.04 462.91,-641.05 1033.94,-641.05 571.04,0 1033.95,287.01 1033.95,641.05zm40.82 0c0,-368.02 -481.19,-666.35 -1074.77,-666.35 -593.57,0 -1074.76,298.33 -1074.76,666.35 0,368.02 481.19,666.35 1074.76,666.35 593.58,0 1074.77,-298.33 1074.77,-666.35z"/>
    <path id="_40" class="fil4" d="M-21751.96 35621.11c0,363.36 -475.1,657.92 -1061.16,657.92 -586.05,0 -1061.15,-294.56 -1061.15,-657.92 0,-363.36 475.1,-657.92 1061.15,-657.92 586.06,0 1061.16,294.56 1061.16,657.92zm40.81 0c0,-377.33 -493.36,-683.22 -1101.97,-683.22 -608.6,0 -1101.96,305.89 -1101.96,683.22 0,377.33 493.36,683.22 1101.96,683.22 608.61,0 1101.97,-305.89 1101.97,-683.22z"/>
    <path id="_41" class="fil4" d="M-21724.75 35621.11c0,372.67 -487.28,674.79 -1088.37,674.79 -601.08,0 -1088.36,-302.12 -1088.36,-674.79 0,-372.67 487.28,-674.79 1088.36,-674.79 601.09,0 1088.37,302.12 1088.37,674.79zm40.81 0c0,-386.65 -505.55,-700.09 -1129.18,-700.09 -623.62,0 -1129.17,313.44 -1129.17,700.09 0,386.65 505.55,700.09 1129.17,700.09 623.63,0 1129.18,-313.44 1129.18,-700.09z"/>
    <path id="_42" class="fil5" d="M-21697.54 35621.11c0,381.99 -499.46,691.66 -1115.58,691.66 -616.11,0 -1115.57,-309.67 -1115.57,-691.66 0,-381.99 499.46,-691.66 1115.57,-691.66 616.12,0 1115.58,309.67 1115.58,691.66zm40.81 0c0,-395.97 -517.73,-716.96 -1156.39,-716.96 -638.65,0 -1156.38,320.99 -1156.38,716.96 0,395.97 517.73,716.96 1156.38,716.96 638.66,0 1156.39,-320.99 1156.39,-716.96z"/>
    <path id="_43" class="fil5" d="M-21670.33 35621.11c0,391.31 -511.64,708.53 -1142.79,708.53 -631.14,0 -1142.78,-317.22 -1142.78,-708.53 0,-391.31 511.64,-708.53 1142.78,-708.53 631.15,0 1142.79,317.22 1142.79,708.53zm40.81 0c0,-405.28 -529.91,-733.83 -1183.6,-733.83 -653.68,0 -1183.59,328.55 -1183.59,733.83 0,405.28 529.91,733.83 1183.59,733.83 653.69,0 1183.6,-328.55 1183.6,-733.83z"/>
    <path id="_44" class="fil5" d="M-21643.12 35621.11c0,400.62 -523.83,725.39 -1170,725.39 -646.16,0 -1169.99,-324.77 -1169.99,-725.39 0,-400.62 523.83,-725.39 1169.99,-725.39 646.17,0 1170,324.77 1170,725.39zm40.81 0c0,-414.6 -542.1,-750.7 -1210.81,-750.7 -668.7,0 -1210.8,336.1 -1210.8,750.7 0,414.6 542.1,750.7 1210.8,750.7 668.71,0 1210.81,-336.1 1210.81,-750.7z"/>
    <path id="_45" class="fil5" d="M-21615.91 35621.11c0,409.94 -536.01,742.26 -1197.21,742.26 -661.19,0 -1197.2,-332.32 -1197.2,-742.26 0,-409.94 536.01,-742.26 1197.2,-742.26 661.2,0 1197.21,332.32 1197.21,742.26zm40.81 0c0,-423.92 -554.28,-767.57 -1238.02,-767.57 -683.73,0 -1238.01,343.65 -1238.01,767.57 0,423.92 554.28,767.57 1238.01,767.57 683.74,0 1238.02,-343.65 1238.02,-767.57z"/>
    <path id="_46" class="fil5" d="M-21588.7 35621.11c0,419.26 -548.19,759.13 -1224.42,759.13 -676.22,0 -1224.41,-339.87 -1224.41,-759.13 0,-419.26 548.19,-759.13 1224.41,-759.13 676.23,0 1224.42,339.87 1224.42,759.13zm40.81 0c0,-433.23 -566.46,-784.44 -1265.23,-784.44 -698.76,0 -1265.22,351.21 -1265.22,784.44 0,433.23 566.46,784.44 1265.22,784.44 698.77,0 1265.23,-351.21 1265.23,-784.44z"/>
    <path id="_47" class="fil6" d="M-21561.5 35621.11c0,428.58 -560.36,776 -1251.62,776 -691.25,0 -1251.61,-347.42 -1251.61,-776 0,-428.58 560.36,-776 1251.61,-776 691.26,0 1251.62,347.42 1251.62,776zm40.82 0c0,-442.55 -578.64,-801.31 -1292.44,-801.31 -713.79,0 -1292.43,358.76 -1292.43,801.31 0,442.55 578.64,801.31 1292.43,801.31 713.8,0 1292.44,-358.76 1292.44,-801.31z"/>
    <path id="_48" class="fil6" d="M-21534.29 35621.11c0,437.89 -572.55,792.87 -1278.83,792.87 -706.27,0 -1278.82,-354.98 -1278.82,-792.87 0,-437.89 572.55,-792.87 1278.82,-792.87 706.28,0 1278.83,354.98 1278.83,792.87zm40.82 0c0,-451.87 -590.83,-818.18 -1319.65,-818.18 -728.81,0 -1319.64,366.31 -1319.64,818.18 0,451.87 590.83,818.18 1319.64,818.18 728.82,0 1319.65,-366.31 1319.65,-818.18z"/>
    <path id="_49" class="fil6" d="M-21507.08 35621.11c0,447.21 -584.73,809.74 -1306.04,809.74 -721.3,0 -1306.03,-362.53 -1306.03,-809.74 0,-447.21 584.73,-809.74 1306.03,-809.74 721.31,0 1306.04,362.53 1306.04,809.74zm40.82 0c0,-461.18 -603.01,-835.05 -1346.86,-835.05 -743.84,0 -1346.85,373.87 -1346.85,835.05 0,461.18 603.01,835.05 1346.85,835.05 743.85,0 1346.86,-373.87 1346.86,-835.05z"/>
    <path id="_50" class="fil6" d="M-21479.87 35621.11c0,456.53 -596.91,826.61 -1333.25,826.61 -736.33,0 -1333.24,-370.08 -1333.24,-826.61 0,-456.53 596.91,-826.61 1333.24,-826.61 736.34,0 1333.25,370.08 1333.25,826.61zm40.82 0c0,-470.5 -615.19,-851.92 -1374.07,-851.92 -758.87,0 -1374.06,381.42 -1374.06,851.92 0,470.5 615.19,851.92 1374.06,851.92 758.88,0 1374.07,-381.42 1374.07,-851.92z"/>
    <path id="_51" class="fil6" d="M-21452.66 35621.11c0,465.84 -609.1,843.48 -1360.46,843.48 -751.35,0 -1360.45,-377.64 -1360.45,-843.48 0,-465.84 609.1,-843.48 1360.45,-843.48 751.36,0 1360.46,377.64 1360.46,843.48zm40.81 0c0,-479.82 -627.37,-868.79 -1401.27,-868.79 -773.89,0 -1401.26,388.97 -1401.26,868.79 0,479.82 627.37,868.79 1401.26,868.79 773.9,0 1401.27,-388.97 1401.27,-868.79z"/>
    <path id="_52" class="fil6" d="M-21425.45 35621.11c0,475.16 -621.28,860.35 -1387.67,860.35 -766.38,0 -1387.66,-385.19 -1387.66,-860.35 0,-475.16 621.28,-860.35 1387.66,-860.35 766.39,0 1387.67,385.19 1387.67,860.35zm40.81 0c0,-489.13 -639.55,-885.66 -1428.48,-885.66 -788.92,0 -1428.47,396.53 -1428.47,885.66 0,489.13 639.55,885.66 1428.47,885.66 788.93,0 1428.48,-396.53 1428.48,-885.66z"/>
    <path id="_53" class="fil6" d="M-21398.24 35621.11c0,484.48 -633.46,877.22 -1414.88,877.22 -781.41,0 -1414.87,-392.74 -1414.87,-877.22 0,-484.48 633.46,-877.22 1414.87,-877.22 781.42,0 1414.88,392.74 1414.88,877.22zm40.81 0c0,-498.45 -651.73,-902.53 -1455.69,-902.53 -803.95,0 -1455.68,404.08 -1455.68,902.53 0,498.45 651.73,902.53 1455.68,902.53 803.96,0 1455.69,-404.08 1455.69,-902.53z"/>
    <path id="_54" class="fil7" d="M-21371.03 35621.11c0,493.79 -645.64,894.09 -1442.09,894.09 -796.44,0 -1442.08,-400.3 -1442.08,-894.09 0,-493.79 645.64,-894.09 1442.08,-894.09 796.45,0 1442.09,400.3 1442.09,894.09zm40.81 0c0,-507.77 -663.91,-919.4 -1482.9,-919.4 -818.98,0 -1482.89,411.63 -1482.89,919.4 0,507.77 663.91,919.4 1482.89,919.4 818.99,0 1482.9,-411.63 1482.9,-919.4z"/>
    <path id="_55" class="fil8" d="M-21343.82 35621.11c0,503.11 -657.83,910.96 -1469.3,910.96 -811.46,0 -1469.29,-407.85 -1469.29,-910.96 0,-503.11 657.83,-910.96 1469.29,-910.96 811.47,0 1469.3,407.85 1469.3,910.96zm40.81 0c0,-517.09 -676.1,-936.27 -1510.11,-936.27 -834,0 -1510.1,419.18 -1510.1,936.27 0,517.09 676.1,936.27 1510.1,936.27 834.01,0 1510.11,-419.18 1510.11,-936.27z"/>
    <path id="_56" class="fil8" d="M-21316.61 35621.11c0,512.43 -670.01,927.83 -1496.51,927.83 -826.49,0 -1496.5,-415.4 -1496.5,-927.83 0,-512.43 670.01,-927.83 1496.5,-927.83 826.5,0 1496.51,415.4 1496.51,927.83zm40.81 0c0,-526.4 -688.28,-953.14 -1537.32,-953.14 -849.03,0 -1537.31,426.74 -1537.31,953.14 0,526.4 688.28,953.14 1537.31,953.14 849.04,0 1537.32,-426.74 1537.32,-953.14z"/>
    <path id="_57" class="fil8" d="M-21289.4 35621.11c0,521.74 -682.19,944.7 -1523.72,944.7 -841.52,0 -1523.71,-422.96 -1523.71,-944.7 0,-521.74 682.19,-944.7 1523.71,-944.7 841.53,0 1523.72,422.96 1523.72,944.7zm40.81 0c0,-535.72 -700.46,-970 -1564.53,-970 -864.06,0 -1564.52,434.28 -1564.52,970 0,535.72 700.46,970 1564.52,970 864.07,0 1564.53,-434.28 1564.53,-970z"/>
    <path id="_58" class="fil8" d="M-21262.2 35621.11c0,531.06 -694.37,961.57 -1550.92,961.57 -856.54,0 -1550.91,-430.51 -1550.91,-961.57 0,-531.06 694.37,-961.57 1550.91,-961.57 856.55,0 1550.92,430.51 1550.92,961.57zm40.82 0c0,-545.04 -712.65,-986.87 -1591.74,-986.87 -879.08,0 -1591.73,441.83 -1591.73,986.87 0,545.04 712.65,986.87 1591.73,986.87 879.09,0 1591.74,-441.83 1591.74,-986.87z"/>
    <path id="_59" class="fil8" d="M-21234.99 35621.11c0,540.38 -706.55,978.44 -1578.13,978.44 -871.57,0 -1578.12,-438.06 -1578.12,-978.44 0,-540.38 706.55,-978.44 1578.12,-978.44 871.58,0 1578.13,438.06 1578.13,978.44zm40.82 0c0,-554.35 -724.83,-1003.74 -1618.95,-1003.74 -894.11,0 -1618.94,449.39 -1618.94,1003.74 0,554.35 724.83,1003.74 1618.94,1003.74 894.12,0 1618.95,-449.39 1618.95,-1003.74z"/>
    <path id="_60" class="fil8" d="M-21207.78 35621.11c0,549.69 -718.73,995.31 -1605.34,995.31 -886.6,0 -1605.33,-445.62 -1605.33,-995.31 0,-549.69 718.73,-995.31 1605.33,-995.31 886.61,0 1605.34,445.62 1605.34,995.31zm40.82 0c0,-563.67 -737.01,-1020.61 -1646.16,-1020.61 -909.14,0 -1646.15,456.94 -1646.15,1020.61 0,563.67 737.01,1020.61 1646.15,1020.61 909.15,0 1646.16,-456.94 1646.16,-1020.61z"/>
    <path id="_61" class="fil9" d="M-21180.57 35621.11c0,559.01 -730.91,1012.18 -1632.55,1012.18 -901.63,0 -1632.54,-453.17 -1632.54,-1012.18 0,-559.01 730.91,-1012.18 1632.54,-1012.18 901.64,0 1632.55,453.17 1632.55,1012.18zm40.82 0c0,-572.99 -749.19,-1037.48 -1673.37,-1037.48 -924.17,0 -1673.36,464.49 -1673.36,1037.48 0,572.99 749.19,1037.48 1673.36,1037.48 924.18,0 1673.37,-464.49 1673.37,-1037.48z"/>
    <path id="_62" class="fil9" d="M-21153.36 35621.11c0,568.33 -743.1,1029.05 -1659.76,1029.05 -916.65,0 -1659.75,-460.72 -1659.75,-1029.05 0,-568.33 743.1,-1029.05 1659.75,-1029.05 916.66,0 1659.76,460.72 1659.76,1029.05zm40.81 0c0,-582.3 -761.37,-1054.35 -1700.57,-1054.35 -939.19,0 -1700.56,472.05 -1700.56,1054.35 0,582.3 761.37,1054.35 1700.56,1054.35 939.2,0 1700.57,-472.05 1700.57,-1054.35z"/>
    <path id="_63" class="fil9" d="M-21126.15 35621.11c0,577.64 -755.28,1045.92 -1686.97,1045.92 -931.68,0 -1686.96,-468.28 -1686.96,-1045.92 0,-577.64 755.28,-1045.92 1686.96,-1045.92 931.69,0 1686.97,468.28 1686.97,1045.92zm40.81 0c0,-591.62 -773.55,-1071.22 -1727.78,-1071.22 -954.22,0 -1727.77,479.6 -1727.77,1071.22 0,591.62 773.55,1071.22 1727.77,1071.22 954.23,0 1727.78,-479.6 1727.78,-1071.22z"/>
    <path id="_64" class="fil10" d="M-21098.94 35621.11c0,586.96 -767.46,1062.79 -1714.18,1062.79 -946.71,0 -1714.17,-475.83 -1714.17,-1062.79 0,-586.96 767.46,-1062.79 1714.17,-1062.79 946.72,0 1714.18,475.83 1714.18,1062.79zm40.81 0c0,-600.94 -785.73,-1088.09 -1754.99,-1088.09 -969.25,0 -1754.98,487.15 -1754.98,1088.09 0,600.94 785.73,1088.09 1754.98,1088.09 969.26,0 1754.99,-487.15 1754.99,-1088.09z"/>
    <path id="_65" class="fil10" d="M-21071.73 35621.11c0,596.28 -779.65,1079.66 -1741.39,1079.66 -961.73,0 -1741.38,-483.38 -1741.38,-1079.66 0,-596.28 779.65,-1079.66 1741.38,-1079.66 961.74,0 1741.39,483.38 1741.39,1079.66zm40.81 0c0,-610.25 -797.91,-1104.96 -1782.2,-1104.96 -984.28,0 -1782.19,494.71 -1782.19,1104.96 0,610.25 797.91,1104.96 1782.19,1104.96 984.29,0 1782.2,-494.71 1782.2,-1104.96z"/>
    <path id="_66" class="fil11" d="M-21044.52 35621.11c0,605.6 -791.83,1096.53 -1768.6,1096.53 -976.76,0 -1768.59,-490.93 -1768.59,-1096.53 0,-605.6 791.83,-1096.53 1768.59,-1096.53 976.77,0 1768.6,490.93 1768.6,1096.53zm40.81 0c0,-619.57 -810.1,-1121.83 -1809.41,-1121.83 -999.3,0 -1809.4,502.26 -1809.4,1121.83 0,619.57 810.1,1121.83 1809.4,1121.83 999.31,0 1809.41,-502.26 1809.41,-1121.83z"/>
    <path id="_67" class="fil11" d="M-21017.31 35621.11c0,614.91 -804.01,1113.4 -1795.81,1113.4 -991.79,0 -1795.8,-498.49 -1795.8,-1113.4 0,-614.91 804.01,-1113.4 1795.8,-1113.4 991.8,0 1795.81,498.49 1795.81,1113.4zm40.81 0c0,-628.89 -822.28,-1138.7 -1836.62,-1138.7 -1014.33,0 -1836.61,509.81 -1836.61,1138.7 0,628.89 822.28,1138.7 1836.61,1138.7 1014.34,0 1836.62,-509.81 1836.62,-1138.7z"/>
    <path id="_68" class="fil11" d="M-20990.1 35621.11c0,624.23 -816.19,1130.27 -1823.02,1130.27 -1006.82,0 -1823.01,-506.04 -1823.01,-1130.27 0,-624.23 816.19,-1130.27 1823.01,-1130.27 1006.83,0 1823.02,506.04 1823.02,1130.27zm40.81 0c0,-638.2 -834.46,-1155.57 -1863.83,-1155.57 -1029.36,0 -1863.82,517.37 -1863.82,1155.57 0,638.2 834.46,1155.57 1863.82,1155.57 1029.37,0 1863.83,-517.37 1863.83,-1155.57z"/>
    <path id="_69" class="fil11" d="M-20962.9 35621.11c0,633.55 -828.37,1147.14 -1850.22,1147.14 -1021.84,0 -1850.21,-513.59 -1850.21,-1147.14 0,-633.55 828.37,-1147.14 1850.21,-1147.14 1021.85,0 1850.22,513.59 1850.22,1147.14zm40.82 0c0,-647.52 -846.65,-1172.44 -1891.04,-1172.44 -1044.38,0 -1891.03,524.92 -1891.03,1172.44 0,647.52 846.65,1172.44 1891.03,1172.44 1044.39,0 1891.04,-524.92 1891.04,-1172.44z"/>
    <path id="_70" class="fil11" d="M-20935.69 35621.11c0,642.86 -840.55,1164.01 -1877.43,1164.01 -1036.87,0 -1877.42,-521.15 -1877.42,-1164.01 0,-642.86 840.55,-1164.01 1877.42,-1164.01 1036.88,0 1877.43,521.15 1877.43,1164.01zm40.82 0c0,-656.84 -858.83,-1189.31 -1918.25,-1189.31 -1059.41,0 -1918.24,532.47 -1918.24,1189.31 0,656.84 858.83,1189.31 1918.24,1189.31 1059.42,0 1918.25,-532.47 1918.25,-1189.31z"/>
    <path id="_71" class="fil11" d="M-20908.48 35621.11c0,652.18 -852.73,1180.88 -1904.64,1180.88 -1051.9,0 -1904.63,-528.7 -1904.63,-1180.88 0,-652.18 852.73,-1180.88 1904.63,-1180.88 1051.91,0 1904.64,528.7 1904.64,1180.88zm40.82 0c0,-666.15 -871.01,-1206.18 -1945.46,-1206.18 -1074.44,0 -1945.45,540.03 -1945.45,1206.18 0,666.15 871.01,1206.18 1945.45,1206.18 1074.45,0 1945.46,-540.03 1945.46,-1206.18z"/>
    <path id="_72" class="fil11" d="M-20881.27 35621.11c0,661.5 -864.92,1197.75 -1931.85,1197.75 -1066.92,0 -1931.84,-536.25 -1931.84,-1197.75 0,-661.5 864.92,-1197.75 1931.84,-1197.75 1066.93,0 1931.85,536.25 1931.85,1197.75zm40.82 0c0,-675.47 -883.19,-1223.05 -1972.67,-1223.05 -1089.47,0 -1972.66,547.58 -1972.66,1223.05 0,675.47 883.19,1223.05 1972.66,1223.05 1089.48,0 1972.67,-547.58 1972.67,-1223.05z"/>
    <path id="_73" class="fil12" d="M-20854.06 35621.11c0,670.81 -877.1,1214.61 -1959.06,1214.61 -1081.95,0 -1959.05,-543.8 -1959.05,-1214.61 0,-670.81 877.1,-1214.61 1959.05,-1214.61 1081.96,0 1959.06,543.8 1959.06,1214.61zm40.81 0c0,-684.79 -895.37,-1239.92 -1999.87,-1239.92 -1104.49,0 -1999.86,555.13 -1999.86,1239.92 0,684.79 895.37,1239.92 1999.86,1239.92 1104.5,0 1999.87,-555.13 1999.87,-1239.92z"/>
    <path id="_74" class="fil13" d="M-20826.85 35621.11c0,680.13 -889.28,1231.48 -1986.27,1231.48 -1096.98,0 -1986.26,-551.35 -1986.26,-1231.48 0,-680.13 889.28,-1231.48 1986.26,-1231.48 1096.99,0 1986.27,551.35 1986.27,1231.48zm40.81 0c0,-694.11 -907.55,-1256.79 -2027.08,-1256.79 -1119.52,0 -2027.07,562.68 -2027.07,1256.79 0,694.11 907.55,1256.79 2027.07,1256.79 1119.53,0 2027.08,-562.68 2027.08,-1256.79z"/>
    <path id="_75" class="fil14" d="M-20799.64 35621.11c0,689.45 -901.46,1248.35 -2013.48,1248.35 -1112.01,0 -2013.47,-558.9 -2013.47,-1248.35 0,-689.45 901.46,-1248.35 2013.47,-1248.35 1112.02,0 2013.48,558.9 2013.48,1248.35zm40.81 0c0,-703.42 -919.73,-1273.66 -2054.29,-1273.66 -1134.55,0 -2054.28,570.24 -2054.28,1273.66 0,703.42 919.73,1273.66 2054.28,1273.66 1134.56,0 2054.29,-570.24 2054.29,-1273.66z"/>
    <path id="_76" class="fil14" d="M-20772.43 35621.11c0,698.76 -913.65,1265.22 -2040.69,1265.22 -1127.03,0 -2040.68,-566.46 -2040.68,-1265.22 0,-698.76 913.65,-1265.22 2040.68,-1265.22 1127.04,0 2040.69,566.46 2040.69,1265.22zm40.81 0c0,-712.74 -931.92,-1290.53 -2081.5,-1290.53 -1149.57,0 -2081.49,577.79 -2081.49,1290.53 0,712.74 931.92,1290.53 2081.49,1290.53 1149.58,0 2081.5,-577.79 2081.5,-1290.53z"/>
    <path id="_77" class="fil14" d="M-20745.22 35621.11c0,708.08 -925.83,1282.09 -2067.9,1282.09 -1142.06,0 -2067.89,-574.01 -2067.89,-1282.09 0,-708.08 925.83,-1282.09 2067.89,-1282.09 1142.07,0 2067.9,574.01 2067.9,1282.09zm40.81 0c0,-722.06 -944.1,-1307.4 -2108.71,-1307.4 -1164.6,0 -2108.7,585.34 -2108.7,1307.4 0,722.06 944.1,1307.4 2108.7,1307.4 1164.61,0 2108.71,-585.34 2108.71,-1307.4z"/>
    <path id="_78" class="fil14" d="M-20718.01 35621.11c0,717.4 -938.01,1298.96 -2095.11,1298.96 -1157.09,0 -2095.1,-581.56 -2095.1,-1298.96 0,-717.4 938.01,-1298.96 2095.1,-1298.96 1157.1,0 2095.11,581.56 2095.11,1298.96zm40.81 0c0,-731.37 -956.28,-1324.27 -2135.92,-1324.27 -1179.63,0 -2135.91,592.9 -2135.91,1324.27 0,731.37 956.28,1324.27 2135.91,1324.27 1179.64,0 2135.92,-592.9 2135.92,-1324.27z"/>
    <path id="_79" class="fil14" d="M-20690.8 35621.11c0,726.71 -950.2,1315.83 -2122.32,1315.83 -1172.11,0 -2122.31,-589.12 -2122.31,-1315.83 0,-726.71 950.2,-1315.83 2122.31,-1315.83 1172.12,0 2122.32,589.12 2122.32,1315.83zm40.81 0c0,-740.69 -968.46,-1341.14 -2163.13,-1341.14 -1194.66,0 -2163.12,600.45 -2163.12,1341.14 0,740.69 968.46,1341.14 2163.12,1341.14 1194.67,0 2163.13,-600.45 2163.13,-1341.14z"/>
    <path id="_80" class="fil14" d="M-20663.59 35621.11c0,736.03 -962.38,1332.7 -2149.53,1332.7 -1187.14,0 -2149.52,-596.67 -2149.52,-1332.7 0,-736.03 962.38,-1332.7 2149.52,-1332.7 1187.15,0 2149.53,596.67 2149.53,1332.7zm40.81 0c0,-750.01 -980.65,-1358.01 -2190.34,-1358.01 -1209.68,0 -2190.33,608 -2190.33,1358.01 0,750.01 980.65,1358.01 2190.33,1358.01 1209.69,0 2190.34,-608 2190.34,-1358.01z"/>
    <path id="_81" class="fil14" d="M-20636.39 35621.11c0,745.35 -974.55,1349.57 -2176.73,1349.57 -1202.17,0 -2176.72,-604.22 -2176.72,-1349.57 0,-745.35 974.55,-1349.57 2176.72,-1349.57 1202.18,0 2176.73,604.22 2176.73,1349.57zm40.82 0c0,-759.32 -992.83,-1374.88 -2217.55,-1374.88 -1224.71,0 -2217.54,615.56 -2217.54,1374.88 0,759.32 992.83,1374.88 2217.54,1374.88 1224.72,0 2217.55,-615.56 2217.55,-1374.88z"/>
    <path id="_82" class="fil15" d="M-20609.18 35621.11c0,754.66 -986.73,1366.44 -2203.94,1366.44 -1217.2,0 -2203.93,-611.78 -2203.93,-1366.44 0,-754.66 986.73,-1366.44 2203.93,-1366.44 1217.21,0 2203.94,611.78 2203.94,1366.44zm40.82 0c0,-768.64 -1005.01,-1391.75 -2244.76,-1391.75 -1239.74,0 -2244.75,623.11 -2244.75,1391.75 0,768.64 1005.01,1391.75 2244.75,1391.75 1239.75,0 2244.76,-623.11 2244.76,-1391.75z"/>
    <path id="_83" class="fil16" d="M-20581.97 35621.11c0,763.98 -998.92,1383.31 -2231.15,1383.31 -1232.22,0 -2231.14,-619.33 -2231.14,-1383.31 0,-763.98 998.92,-1383.31 2231.14,-1383.31 1232.23,0 2231.15,619.33 2231.15,1383.31zm40.82 0c0,-777.96 -1017.2,-1408.62 -2271.97,-1408.62 -1254.76,0 -2271.96,630.66 -2271.96,1408.62 0,777.96 1017.2,1408.62 2271.96,1408.62 1254.77,0 2271.97,-630.66 2271.97,-1408.62z"/>
    <path id="_84" class="fil17" d="M-20554.76 35621.11c0,773.3 -1011.1,1400.18 -2258.36,1400.18 -1247.25,0 -2258.35,-626.88 -2258.35,-1400.18 0,-773.3 1011.1,-1400.18 2258.35,-1400.18 1247.26,0 2258.36,626.88 2258.36,1400.18zm40.82 0c0,-787.27 -1029.38,-1425.49 -2299.18,-1425.49 -1269.79,0 -2299.17,638.22 -2299.17,1425.49 0,787.27 1029.38,1425.49 2299.17,1425.49 1269.8,0 2299.18,-638.22 2299.18,-1425.49z"/>
    <path id="_85" class="fil17" d="M-20527.55 35621.11c0,782.62 -1023.28,1417.05 -2285.57,1417.05 -1262.28,0 -2285.56,-634.43 -2285.56,-1417.05 0,-782.62 1023.28,-1417.05 2285.56,-1417.05 1262.29,0 2285.57,634.43 2285.57,1417.05zm40.81 0c0,-796.59 -1041.55,-1442.36 -2326.38,-1442.36 -1284.82,0 -2326.37,645.77 -2326.37,1442.36 0,796.59 1041.55,1442.36 2326.37,1442.36 1284.83,0 2326.38,-645.77 2326.38,-1442.36z"/>
    <path id="_86" class="fil17" d="M-20500.34 35621.11c0,791.93 -1035.46,1433.92 -2312.78,1433.92 -1277.31,0 -2312.77,-641.99 -2312.77,-1433.92 0,-791.93 1035.46,-1433.92 2312.77,-1433.92 1277.32,0 2312.78,641.99 2312.78,1433.92zm40.81 0c0,-805.91 -1053.73,-1459.22 -2353.59,-1459.22 -1299.85,0 -2353.58,653.31 -2353.58,1459.22 0,805.91 1053.73,1459.22 2353.58,1459.22 1299.86,0 2353.59,-653.31 2353.59,-1459.22z"/>
    <path id="_87" class="fil17" d="M-20473.13 35621.11c0,801.25 -1047.65,1450.79 -2339.99,1450.79 -1292.33,0 -2339.98,-649.54 -2339.98,-1450.79 0,-801.25 1047.65,-1450.79 2339.98,-1450.79 1292.34,0 2339.99,649.54 2339.99,1450.79zm40.81 0c0,-815.22 -1065.92,-1476.09 -2380.8,-1476.09 -1314.87,0 -2380.79,660.87 -2380.79,1476.09 0,815.22 1065.92,1476.09 2380.79,1476.09 1314.88,0 2380.8,-660.87 2380.8,-1476.09z"/>
    <path id="_88" class="fil17" d="M-20445.92 35621.11c0,810.57 -1059.83,1467.66 -2367.2,1467.66 -1307.36,0 -2367.19,-657.09 -2367.19,-1467.66 0,-810.57 1059.83,-1467.66 2367.19,-1467.66 1307.37,0 2367.2,657.09 2367.2,1467.66zm40.81 0c0,-824.54 -1078.1,-1492.96 -2408.01,-1492.96 -1329.9,0 -2408,668.42 -2408,1492.96 0,824.54 1078.1,1492.96 2408,1492.96 1329.91,0 2408.01,-668.42 2408.01,-1492.96z"/>
    <path id="_89" class="fil17" d="M-20418.71 35621.11c0,819.88 -1072.01,1484.53 -2394.41,1484.53 -1322.39,0 -2394.4,-664.65 -2394.4,-1484.53 0,-819.88 1072.01,-1484.53 2394.4,-1484.53 1322.4,0 2394.41,664.65 2394.41,1484.53zm40.81 0c0,-833.86 -1090.28,-1509.83 -2435.22,-1509.83 -1344.93,0 -2435.21,675.97 -2435.21,1509.83 0,833.86 1090.28,1509.83 2435.21,1509.83 1344.94,0 2435.22,-675.97 2435.22,-1509.83z"/>
    <path id="_90" class="fil18" d="M-20391.5 35621.11c0,829.2 -1084.2,1501.4 -2421.62,1501.4 -1337.41,0 -2421.61,-672.2 -2421.61,-1501.4 0,-829.2 1084.2,-1501.4 2421.61,-1501.4 1337.42,0 2421.62,672.2 2421.62,1501.4zm40.81 0c0,-843.17 -1102.47,-1526.7 -2462.43,-1526.7 -1359.95,0 -2462.42,683.53 -2462.42,1526.7 0,843.17 1102.47,1526.7 2462.42,1526.7 1359.96,0 2462.43,-683.53 2462.43,-1526.7z"/>
    <path id="_91" class="fil18" d="M-20364.29 35621.11c0,838.52 -1096.38,1518.27 -2448.83,1518.27 -1352.44,0 -2448.82,-679.75 -2448.82,-1518.27 0,-838.52 1096.38,-1518.27 2448.82,-1518.27 1352.45,0 2448.83,679.75 2448.83,1518.27zm40.81 0c0,-852.49 -1114.65,-1543.57 -2489.64,-1543.57 -1374.98,0 -2489.63,691.08 -2489.63,1543.57 0,852.49 1114.65,1543.57 2489.63,1543.57 1374.99,0 2489.64,-691.08 2489.64,-1543.57z"/>
    <path id="_92" class="fil19" d="M-20337.09 35621.11c0,847.83 -1108.55,1535.14 -2476.03,1535.14 -1367.47,0 -2476.02,-687.31 -2476.02,-1535.14 0,-847.83 1108.55,-1535.14 2476.02,-1535.14 1367.48,0 2476.03,687.31 2476.03,1535.14zm40.82 0c0,-861.81 -1126.83,-1560.44 -2516.85,-1560.44 -1390.01,0 -2516.84,698.63 -2516.84,1560.44 0,861.81 1126.83,1560.44 2516.84,1560.44 1390.02,0 2516.85,-698.63 2516.85,-1560.44z"/>
    <path id="_93" class="fil20" d="M-20309.88 35621.11c0,857.15 -1120.73,1552.01 -2503.24,1552.01 -1382.5,0 -2503.23,-694.86 -2503.23,-1552.01 0,-857.15 1120.73,-1552.01 2503.23,-1552.01 1382.51,0 2503.24,694.86 2503.24,1552.01zm40.82 0c0,-871.13 -1139.01,-1577.31 -2544.06,-1577.31 -1405.04,0 -2544.05,706.18 -2544.05,1577.31 0,871.13 1139.01,1577.31 2544.05,1577.31 1405.05,0 2544.06,-706.18 2544.06,-1577.31z"/>
    <path id="_94" class="fil20" d="M-20282.67 35621.11c0,866.47 -1132.92,1568.88 -2530.45,1568.88 -1397.52,0 -2530.44,-702.41 -2530.44,-1568.88 0,-866.47 1132.92,-1568.88 2530.44,-1568.88 1397.53,0 2530.45,702.41 2530.45,1568.88zm40.82 0c0,-880.44 -1151.2,-1594.18 -2571.27,-1594.18 -1420.06,0 -2571.26,713.74 -2571.26,1594.18 0,880.44 1151.2,1594.18 2571.26,1594.18 1420.07,0 2571.27,-713.74 2571.27,-1594.18z"/>
    <path id="_95" class="fil20" d="M-20255.46 35621.11c0,875.78 -1145.1,1585.75 -2557.66,1585.75 -1412.55,0 -2557.65,-709.97 -2557.65,-1585.75 0,-875.78 1145.1,-1585.75 2557.65,-1585.75 1412.56,0 2557.66,709.97 2557.66,1585.75zm40.82 0c0,-889.76 -1163.38,-1611.05 -2598.48,-1611.05 -1435.09,0 -2598.47,721.29 -2598.47,1611.05 0,889.76 1163.38,1611.05 2598.47,1611.05 1435.1,0 2598.48,-721.29 2598.48,-1611.05z"/>
    <path id="_96" class="fil20" d="M-20228.25 35621.11c0,885.1 -1157.28,1602.62 -2584.87,1602.62 -1427.58,0 -2584.86,-717.52 -2584.86,-1602.62 0,-885.1 1157.28,-1602.62 2584.86,-1602.62 1427.59,0 2584.87,717.52 2584.87,1602.62zm40.81 0c0,-899.08 -1175.55,-1627.92 -2625.68,-1627.92 -1450.12,0 -2625.67,728.84 -2625.67,1627.92 0,899.08 1175.55,1627.92 2625.67,1627.92 1450.13,0 2625.68,-728.84 2625.68,-1627.92z"/>
    <path id="_97" class="fil21" d="M-20201.04 35621.11c0,894.42 -1169.47,1619.49 -2612.08,1619.49 -1442.6,0 -2612.07,-725.07 -2612.07,-1619.49 0,-894.42 1169.47,-1619.49 2612.07,-1619.49 1442.61,0 2612.08,725.07 2612.08,1619.49zm40.81 0c0,-908.39 -1187.74,-1644.79 -2652.89,-1644.79 -1465.14,0 -2652.88,736.4 -2652.88,1644.79 0,908.39 1187.74,1644.79 2652.88,1644.79 1465.15,0 2652.89,-736.4 2652.89,-1644.79z"/>
    <path id="_98" class="fil21" d="M-20173.83 35621.11c0,903.73 -1181.65,1636.36 -2639.29,1636.36 -1457.63,0 -2639.28,-732.63 -2639.28,-1636.36 0,-903.73 1181.65,-1636.36 2639.28,-1636.36 1457.64,0 2639.29,732.63 2639.29,1636.36zm40.81 0c0,-917.71 -1199.92,-1661.66 -2680.1,-1661.66 -1480.17,0 -2680.09,743.95 -2680.09,1661.66 0,917.71 1199.92,1661.66 2680.09,1661.66 1480.18,0 2680.1,-743.95 2680.1,-1661.66z"/>
    <path id="_99" class="fil21" d="M-20146.62 35621.11c0,913.05 -1193.83,1653.23 -2666.5,1653.23 -1472.66,0 -2666.49,-740.18 -2666.49,-1653.23 0,-913.05 1193.83,-1653.23 2666.49,-1653.23 1472.67,0 2666.5,740.18 2666.5,1653.23zm40.81 0c0,-927.03 -1212.1,-1678.53 -2707.31,-1678.53 -1495.2,0 -2707.3,751.5 -2707.3,1678.53 0,927.03 1212.1,1678.53 2707.3,1678.53 1495.21,0 2707.31,-751.5 2707.31,-1678.53z"/>
    <path id="_100" class="fil22" d="M-20119.41 35621.11c0,922.37 -1206.01,1670.1 -2693.71,1670.1 -1487.69,0 -2693.7,-747.73 -2693.7,-1670.1 0,-922.37 1206.01,-1670.1 2693.7,-1670.1 1487.7,0 2693.71,747.73 2693.71,1670.1zm40.81 0c0,-936.34 -1224.28,-1695.4 -2734.52,-1695.4 -1510.23,0 -2734.51,759.06 -2734.51,1695.4 0,936.34 1224.28,1695.4 2734.51,1695.4 1510.24,0 2734.52,-759.06 2734.52,-1695.4z"/>
    <path id="_101" class="fil22" d="M-20092.2 35621.11c0,931.69 -1218.2,1686.96 -2720.92,1686.96 -1502.71,0 -2720.91,-755.27 -2720.91,-1686.96 0,-931.69 1218.2,-1686.96 2720.91,-1686.96 1502.72,0 2720.92,755.27 2720.92,1686.96zm40.81 0c0,-945.66 -1236.47,-1712.27 -2761.73,-1712.27 -1525.25,0 -2761.72,766.61 -2761.72,1712.27 0,945.66 1236.47,1712.27 2761.72,1712.27 1525.26,0 2761.73,-766.61 2761.73,-1712.27z"/>
    <path id="_102" class="fil23" d="M-20064.99 35621.11c0,941 -1230.38,1703.83 -2748.13,1703.83 -1517.74,0 -2748.12,-762.83 -2748.12,-1703.83 0,-941 1230.38,-1703.83 2748.12,-1703.83 1517.75,0 2748.13,762.83 2748.13,1703.83zm40.81 0c0,-954.98 -1248.65,-1729.14 -2788.94,-1729.14 -1540.28,0 -2788.93,774.16 -2788.93,1729.14 0,954.98 1248.65,1729.14 2788.93,1729.14 1540.29,0 2788.94,-774.16 2788.94,-1729.14z"/>
    <path id="_103" class="fil23" d="M-20037.79 35621.11c0,950.32 -1242.55,1720.7 -2775.33,1720.7 -1532.77,0 -2775.32,-770.38 -2775.32,-1720.7 0,-950.32 1242.55,-1720.7 2775.32,-1720.7 1532.78,0 2775.33,770.38 2775.33,1720.7zm40.82 0c0,-964.29 -1260.83,-1746.01 -2816.15,-1746.01 -1555.31,0 -2816.14,781.72 -2816.14,1746.01 0,964.29 1260.83,1746.01 2816.14,1746.01 1555.32,0 2816.15,-781.72 2816.15,-1746.01z"/>
    <path id="_104" class="fil24" d="M-20010.58 35621.11c0,959.64 -1254.74,1737.57 -2802.54,1737.57 -1547.79,0 -2802.53,-777.93 -2802.53,-1737.57 0,-959.64 1254.74,-1737.57 2802.53,-1737.57 1547.8,0 2802.54,777.93 2802.54,1737.57zm40.82 0c0,-973.61 -1273.01,-1762.88 -2843.36,-1762.88 -1570.34,0 -2843.35,789.27 -2843.35,1762.88 0,973.61 1273.01,1762.88 2843.35,1762.88 1570.35,0 2843.36,-789.27 2843.36,-1762.88z"/>
    <path id="_105" class="fil24" d="M-19983.37 35621.11c0,968.95 -1266.92,1754.44 -2829.75,1754.44 -1562.82,0 -2829.74,-785.49 -2829.74,-1754.44 0,-968.95 1266.92,-1754.44 2829.74,-1754.44 1562.83,0 2829.75,785.49 2829.75,1754.44zm40.82 0c0,-982.93 -1285.2,-1779.75 -2870.57,-1779.75 -1585.36,0 -2870.56,796.82 -2870.56,1779.75 0,982.93 1285.2,1779.75 2870.56,1779.75 1585.37,0 2870.57,-796.82 2870.57,-1779.75z"/>
    <path id="_106" class="fil24" d="M-19956.16 35621.11c0,978.27 -1279.1,1771.31 -2856.96,1771.31 -1577.85,0 -2856.95,-793.04 -2856.95,-1771.31 0,-978.27 1279.1,-1771.31 2856.95,-1771.31 1577.86,0 2856.96,793.04 2856.96,1771.31zm40.82 0c0,-992.24 -1297.38,-1796.62 -2897.78,-1796.62 -1600.39,0 -2897.77,804.38 -2897.77,1796.62 0,992.24 1297.38,1796.62 2897.77,1796.62 1600.4,0 2897.78,-804.38 2897.78,-1796.62z"/>
    <path id="_107" class="fil25" d="M-19928.95 35621.11c0,987.59 -1291.28,1788.18 -2884.17,1788.18 -1592.88,0 -2884.16,-800.59 -2884.16,-1788.18 0,-987.59 1291.28,-1788.18 2884.16,-1788.18 1592.89,0 2884.17,800.59 2884.17,1788.18zm40.81 0c0,-1001.56 -1309.55,-1813.49 -2924.98,-1813.49 -1615.42,0 -2924.97,811.93 -2924.97,1813.49 0,1001.56 1309.55,1813.49 2924.97,1813.49 1615.43,0 2924.98,-811.93 2924.98,-1813.49z"/>
    <path id="_108" class="fil25" d="M-19901.74 35621.11c0,996.9 -1303.47,1805.05 -2911.38,1805.05 -1607.9,0 -2911.37,-808.15 -2911.37,-1805.05 0,-996.9 1303.47,-1805.05 2911.37,-1805.05 1607.91,0 2911.38,808.15 2911.38,1805.05zm40.81 0c0,-1010.88 -1321.74,-1830.36 -2952.19,-1830.36 -1630.44,0 -2952.18,819.48 -2952.18,1830.36 0,1010.88 1321.74,1830.36 2952.18,1830.36 1630.45,0 2952.19,-819.48 2952.19,-1830.36z"/>
    <path id="_109" class="fil25" d="M-19874.53 35621.11c0,1006.22 -1315.65,1821.92 -2938.59,1821.92 -1622.93,0 -2938.58,-815.7 -2938.58,-1821.92 0,-1006.22 1315.65,-1821.92 2938.58,-1821.92 1622.94,0 2938.59,815.7 2938.59,1821.92zm40.81 0c0,-1020.2 -1333.92,-1847.23 -2979.4,-1847.23 -1645.47,0 -2979.39,827.03 -2979.39,1847.23 0,1020.2 1333.92,1847.23 2979.39,1847.23 1645.48,0 2979.4,-827.03 2979.4,-1847.23z"/>
    <path id="_110" class="fil26" d="M-19847.32 35621.11c0,1015.54 -1327.83,1838.79 -2965.8,1838.79 -1637.96,0 -2965.79,-823.25 -2965.79,-1838.79 0,-1015.54 1327.83,-1838.79 2965.79,-1838.79 1637.97,0 2965.8,823.25 2965.8,1838.79zm40.81 0c0,-1029.51 -1346.1,-1864.1 -3006.61,-1864.1 -1660.5,0 -3006.6,834.59 -3006.6,1864.1 0,1029.51 1346.1,1864.1 3006.6,1864.1 1660.51,0 3006.61,-834.59 3006.61,-1864.1z"/>
    <path id="_111" class="fil27" d="M-19820.11 35621.11c0,1024.85 -1340.02,1855.66 -2993.01,1855.66 -1652.98,0 -2993,-830.81 -2993,-1855.66 0,-1024.85 1340.02,-1855.66 2993,-1855.66 1652.99,0 2993.01,830.81 2993.01,1855.66zm40.81 0c0,-1038.83 -1358.28,-1880.97 -3033.82,-1880.97 -1675.53,0 -3033.81,842.14 -3033.81,1880.97 0,1038.83 1358.28,1880.97 3033.81,1880.97 1675.54,0 3033.82,-842.14 3033.82,-1880.97z"/>
    <path id="_112" class="fil27" d="M-19792.9 35621.11c0,1034.17 -1352.2,1872.53 -3020.22,1872.53 -1668.01,0 -3020.21,-838.36 -3020.21,-1872.53 0,-1034.17 1352.2,-1872.53 3020.21,-1872.53 1668.02,0 3020.22,838.36 3020.22,1872.53zm40.81 0c0,-1048.15 -1370.47,-1897.84 -3061.03,-1897.84 -1690.55,0 -3061.02,849.69 -3061.02,1897.84 0,1048.15 1370.47,1897.84 3061.02,1897.84 1690.56,0 3061.03,-849.69 3061.03,-1897.84z"/>
    <path id="_113" class="fil27" d="M-19765.69 35621.11c0,1043.49 -1364.38,1889.4 -3047.43,1889.4 -1683.04,0 -3047.42,-845.91 -3047.42,-1889.4 0,-1043.49 1364.38,-1889.4 3047.42,-1889.4 1683.05,0 3047.43,845.91 3047.43,1889.4zm40.81 0c0,-1057.46 -1382.65,-1914.71 -3088.24,-1914.71 -1705.58,0 -3088.23,857.25 -3088.23,1914.71 0,1057.46 1382.65,1914.71 3088.23,1914.71 1705.59,0 3088.24,-857.25 3088.24,-1914.71z"/>
    <path id="_114" class="fil28" d="M-19738.49 35621.11c0,1052.8 -1376.55,1906.27 -3074.63,1906.27 -1698.07,0 -3074.62,-853.47 -3074.62,-1906.27 0,-1052.8 1376.55,-1906.27 3074.62,-1906.27 1698.08,0 3074.63,853.47 3074.63,1906.27zm40.82 0c0,-1066.78 -1394.83,-1931.57 -3115.45,-1931.57 -1720.61,0 -3115.44,864.79 -3115.44,1931.57 0,1066.78 1394.83,1931.57 3115.44,1931.57 1720.62,0 3115.45,-864.79 3115.45,-1931.57z"/>
    <path id="_115" class="fil28" d="M-19711.28 35621.11c0,1062.12 -1388.74,1923.14 -3101.84,1923.14 -1713.09,0 -3101.83,-861.02 -3101.83,-1923.14 0,-1062.12 1388.74,-1923.14 3101.83,-1923.14 1713.1,0 3101.84,861.02 3101.84,1923.14zm40.82 0c0,-1076.1 -1407.02,-1948.44 -3142.66,-1948.44 -1735.63,0 -3142.65,872.34 -3142.65,1948.44 0,1076.1 1407.02,1948.44 3142.65,1948.44 1735.64,0 3142.66,-872.34 3142.66,-1948.44z"/>
    <path id="_116" class="fil28" d="M-19684.07 35621.11c0,1071.44 -1400.92,1940.01 -3129.05,1940.01 -1728.12,0 -3129.04,-868.57 -3129.04,-1940.01 0,-1071.44 1400.92,-1940.01 3129.04,-1940.01 1728.13,0 3129.05,868.57 3129.05,1940.01zm40.82 0c0,-1085.41 -1419.2,-1965.31 -3169.87,-1965.31 -1750.66,0 -3169.86,879.9 -3169.86,1965.31 0,1085.41 1419.2,1965.31 3169.86,1965.31 1750.67,0 3169.87,-879.9 3169.87,-1965.31z"/>
    <path id="_117" class="fil29" d="M-19656.86 35621.11c0,1080.75 -1413.1,1956.88 -3156.26,1956.88 -1743.15,0 -3156.25,-876.13 -3156.25,-1956.88 0,-1080.75 1413.1,-1956.88 3156.25,-1956.88 1743.16,0 3156.26,876.13 3156.26,1956.88zm40.82 0c0,-1094.73 -1431.38,-1982.18 -3197.08,-1982.18 -1765.69,0 -3197.07,887.45 -3197.07,1982.18 0,1094.73 1431.38,1982.18 3197.07,1982.18 1765.7,0 3197.08,-887.45 3197.08,-1982.18z"/>
    <path id="_118" class="fil29" d="M-19629.65 35621.11c0,1090.07 -1425.29,1973.75 -3183.47,1973.75 -1758.17,0 -3183.46,-883.68 -3183.46,-1973.75 0,-1090.07 1425.29,-1973.75 3183.46,-1973.75 1758.18,0 3183.47,883.68 3183.47,1973.75zm40.82 0c0,-1104.05 -1443.56,-1999.05 -3224.29,-1999.05 -1780.72,0 -3224.28,895 -3224.28,1999.05 0,1104.05 1443.56,1999.05 3224.28,1999.05 1780.73,0 3224.29,-895 3224.29,-1999.05z"/>
    <path id="_119" class="fil30" d="M-19602.44 35621.11c0,1099.39 -1437.47,1990.62 -3210.68,1990.62 -1773.2,0 -3210.67,-891.23 -3210.67,-1990.62 0,-1099.39 1437.47,-1990.62 3210.67,-1990.62 1773.21,0 3210.68,891.23 3210.68,1990.62zm40.81 0c0,-1113.36 -1455.74,-2015.92 -3251.49,-2015.92 -1795.74,0 -3251.48,902.56 -3251.48,2015.92 0,1113.36 1455.74,2015.92 3251.48,2015.92 1795.75,0 3251.49,-902.56 3251.49,-2015.92z"/>
    <path id="_120" class="fil31" d="M-19575.23 35621.11c0,1108.71 -1449.65,2007.49 -3237.89,2007.49 -1788.23,0 -3237.88,-898.78 -3237.88,-2007.49 0,-1108.71 1449.65,-2007.49 3237.88,-2007.49 1788.24,0 3237.89,898.78 3237.89,2007.49zm40.81 0c0,-1122.68 -1467.92,-2032.79 -3278.7,-2032.79 -1810.77,0 -3278.69,910.11 -3278.69,2032.79 0,1122.68 1467.92,2032.79 3278.69,2032.79 1810.78,0 3278.7,-910.11 3278.7,-2032.79z"/>
    <path id="_121" class="fil31" d="M-19548.02 35621.11c0,1118.02 -1461.83,2024.36 -3265.1,2024.36 -1803.26,0 -3265.09,-906.34 -3265.09,-2024.36 0,-1118.02 1461.83,-2024.36 3265.09,-2024.36 1803.27,0 3265.1,906.34 3265.1,2024.36zm40.81 0c0,-1132 -1480.1,-2049.66 -3305.91,-2049.66 -1825.8,0 -3305.9,917.66 -3305.9,2049.66 0,1132 1480.1,2049.66 3305.9,2049.66 1825.81,0 3305.91,-917.66 3305.91,-2049.66z"/>
    <path id="_122" class="fil31" d="M-19520.81 35621.11c0,1127.34 -1474.02,2041.23 -3292.31,2041.23 -1818.28,0 -3292.3,-913.89 -3292.3,-2041.23 0,-1127.34 1474.02,-2041.23 3292.3,-2041.23 1818.29,0 3292.31,913.89 3292.31,2041.23zm40.81 0c0,-1141.31 -1492.29,-2066.53 -3333.12,-2066.53 -1840.82,0 -3333.11,925.22 -3333.11,2066.53 0,1141.31 1492.29,2066.53 3333.11,2066.53 1840.83,0 3333.12,-925.22 3333.12,-2066.53z"/>
    <path id="_123" class="fil31" d="M-19493.6 35621.11c0,1136.66 -1486.2,2058.1 -3319.52,2058.1 -1833.31,0 -3319.51,-921.44 -3319.51,-2058.1 0,-1136.66 1486.2,-2058.1 3319.51,-2058.1 1833.32,0 3319.52,921.44 3319.52,2058.1zm40.81 0c0,-1150.63 -1504.47,-2083.4 -3360.33,-2083.4 -1855.85,0 -3360.32,932.77 -3360.32,2083.4 0,1150.63 1504.47,2083.4 3360.32,2083.4 1855.86,0 3360.33,-932.77 3360.33,-2083.4z"/>
    <path id="_124" class="fil32" d="M-19466.39 35621.11c0,1145.97 -1498.38,2074.97 -3346.73,2074.97 -1848.34,0 -3346.72,-929 -3346.72,-2074.97 0,-1145.97 1498.38,-2074.97 3346.72,-2074.97 1848.35,0 3346.73,929 3346.73,2074.97zm40.81 0c0,-1159.95 -1516.65,-2100.27 -3387.54,-2100.27 -1870.88,0 -3387.53,940.32 -3387.53,2100.27 0,1159.95 1516.65,2100.27 3387.53,2100.27 1870.89,0 3387.54,-940.32 3387.54,-2100.27z"/>
    <path id="_125" class="fil32" d="M-19439.18 35621.11c0,1155.29 -1510.56,2091.84 -3373.94,2091.84 -1863.37,0 -3373.93,-936.55 -3373.93,-2091.84 0,-1155.29 1510.56,-2091.84 3373.93,-2091.84 1863.38,0 3373.94,936.55 3373.94,2091.84zm40.81 0c0,-1169.26 -1528.83,-2117.14 -3414.75,-2117.14 -1885.91,0 -3414.74,947.88 -3414.74,2117.14 0,1169.26 1528.83,2117.14 3414.74,2117.14 1885.92,0 3414.75,-947.88 3414.75,-2117.14z"/>
    <path id="_126" class="fil32" d="M-19411.98 35621.11c0,1164.61 -1522.74,2108.71 -3401.14,2108.71 -1878.39,0 -3401.13,-944.1 -3401.13,-2108.71 0,-1164.61 1522.74,-2108.71 3401.13,-2108.71 1878.4,0 3401.14,944.1 3401.14,2108.71zm40.82 0c0,-1178.58 -1541.02,-2134.01 -3441.96,-2134.01 -1900.93,0 -3441.95,955.43 -3441.95,2134.01 0,1178.58 1541.02,2134.01 3441.95,2134.01 1900.94,0 3441.96,-955.43 3441.96,-2134.01z"/>
    <path id="_127" class="fil33" d="M-19384.77 35621.11c0,1173.92 -1534.92,2125.58 -3428.35,2125.58 -1893.42,0 -3428.34,-951.66 -3428.34,-2125.58 0,-1173.92 1534.92,-2125.58 3428.34,-2125.58 1893.43,0 3428.35,951.66 3428.35,2125.58zm40.82 0c0,-1187.9 -1553.2,-2150.88 -3469.17,-2150.88 -1915.96,0 -3469.16,962.98 -3469.16,2150.88 0,1187.9 1553.2,2150.88 3469.16,2150.88 1915.97,0 3469.17,-962.98 3469.17,-2150.88z"/>
    <path id="_128" class="fil33" d="M-19357.56 35621.11c0,1183.24 -1547.1,2142.45 -3455.56,2142.45 -1908.45,0 -3455.55,-959.21 -3455.55,-2142.45 0,-1183.24 1547.1,-2142.45 3455.55,-2142.45 1908.46,0 3455.56,959.21 3455.56,2142.45zm40.82 0c0,-1197.22 -1565.38,-2167.75 -3496.38,-2167.75 -1930.99,0 -3496.37,970.53 -3496.37,2167.75 0,1197.22 1565.38,2167.75 3496.37,2167.75 1931,0 3496.38,-970.53 3496.38,-2167.75z"/>
    <path id="_129" class="fil33" d="M-19330.35 35621.11c0,1192.56 -1559.29,2159.32 -3482.77,2159.32 -1923.47,0 -3482.76,-966.76 -3482.76,-2159.32 0,-1192.56 1559.29,-2159.32 3482.76,-2159.32 1923.48,0 3482.77,966.76 3482.77,2159.32zm40.82 0c0,-1206.53 -1577.57,-2184.62 -3523.59,-2184.62 -1946.01,0 -3523.58,978.09 -3523.58,2184.62 0,1206.53 1577.57,2184.62 3523.58,2184.62 1946.02,0 3523.59,-978.09 3523.59,-2184.62z"/>
    <path id="_130" class="fil34" d="M-19303.14 35621.11c0,1201.87 -1571.47,2176.18 -3509.98,2176.18 -1938.5,0 -3509.97,-974.31 -3509.97,-2176.18 0,-1201.87 1571.47,-2176.18 3509.97,-2176.18 1938.51,0 3509.98,974.31 3509.98,2176.18zm40.81 0c0,-1215.85 -1589.74,-2201.49 -3550.79,-2201.49 -1961.04,0 -3550.78,985.64 -3550.78,2201.49 0,1215.85 1589.74,2201.49 3550.78,2201.49 1961.05,0 3550.79,-985.64 3550.79,-2201.49z"/>
    <path id="_131" class="fil34" d="M-19275.93 35621.11c0,1211.19 -1583.65,2193.05 -3537.19,2193.05 -1953.53,0 -3537.18,-981.86 -3537.18,-2193.05 0,-1211.19 1583.65,-2193.05 3537.18,-2193.05 1953.54,0 3537.19,981.86 3537.19,2193.05zm40.81 0c0,-1225.17 -1601.92,-2218.36 -3578,-2218.36 -1976.07,0 -3577.99,993.19 -3577.99,2218.36 0,1225.17 1601.92,2218.36 3577.99,2218.36 1976.08,0 3578,-993.19 3578,-2218.36z"/>
    <path id="_132" class="fil34" d="M-19248.72 35621.11c0,1220.51 -1595.83,2209.92 -3564.4,2209.92 -1968.56,0 -3564.39,-989.41 -3564.39,-2209.92 0,-1220.51 1595.83,-2209.92 3564.39,-2209.92 1968.57,0 3564.4,989.41 3564.4,2209.92zm40.81 0c0,-1234.48 -1614.1,-2235.23 -3605.21,-2235.23 -1991.1,0 -3605.2,1000.75 -3605.2,2235.23 0,1234.48 1614.1,2235.23 3605.2,2235.23 1991.11,0 3605.21,-1000.75 3605.21,-2235.23z"/>
    <path id="_133" class="fil35" d="M-19221.51 35621.11c0,1229.82 -1608.02,2226.79 -3591.61,2226.79 -1983.58,0 -3591.6,-996.97 -3591.6,-2226.79 0,-1229.82 1608.02,-2226.79 3591.6,-2226.79 1983.59,0 3591.61,996.97 3591.61,2226.79zm40.81 0c0,-1243.8 -1626.29,-2252.1 -3632.42,-2252.1 -2006.12,0 -3632.41,1008.3 -3632.41,2252.1 0,1243.8 1626.29,2252.1 3632.41,2252.1 2006.13,0 3632.42,-1008.3 3632.42,-2252.1z"/>
    <path id="_134" class="fil36" d="M-19194.3 35621.11c0,1239.14 -1620.2,2243.66 -3618.82,2243.66 -1998.61,0 -3618.81,-1004.52 -3618.81,-2243.66 0,-1239.14 1620.2,-2243.66 3618.81,-2243.66 1998.62,0 3618.82,1004.52 3618.82,2243.66zm40.81 0c0,-1253.12 -1638.47,-2268.97 -3659.63,-2268.97 -2021.15,0 -3659.62,1015.85 -3659.62,2268.97 0,1253.12 1638.47,2268.97 3659.62,2268.97 2021.16,0 3659.63,-1015.85 3659.63,-2268.97z"/>
    <path id="_135" class="fil36" d="M-19167.09 35621.11c0,1248.46 -1632.38,2260.53 -3646.03,2260.53 -2013.64,0 -3646.02,-1012.07 -3646.02,-2260.53 0,-1248.46 1632.38,-2260.53 3646.02,-2260.53 2013.65,0 3646.03,1012.07 3646.03,2260.53zm40.81 0c0,-1262.43 -1650.65,-2285.84 -3686.84,-2285.84 -2036.18,0 -3686.83,1023.41 -3686.83,2285.84 0,1262.43 1650.65,2285.84 3686.83,2285.84 2036.19,0 3686.84,-1023.41 3686.84,-2285.84z"/>
    <path id="_136" class="fil37" d="M-19139.88 35621.11c0,1257.77 -1644.57,2277.4 -3673.24,2277.4 -2028.66,0 -3673.23,-1019.63 -3673.23,-2277.4 0,-1257.77 1644.57,-2277.4 3673.23,-2277.4 2028.67,0 3673.24,1019.63 3673.24,2277.4zm40.81 0c0,-1271.75 -1662.84,-2302.71 -3714.05,-2302.71 -2051.2,0 -3714.04,1030.96 -3714.04,2302.71 0,1271.75 1662.84,2302.71 3714.04,2302.71 2051.21,0 3714.05,-1030.96 3714.05,-2302.71z"/>
    <path id="_137" class="fil37" d="M-19112.68 35621.11c0,1267.09 -1656.74,2294.27 -3700.44,2294.27 -2043.69,0 -3700.43,-1027.18 -3700.43,-2294.27 0,-1267.09 1656.74,-2294.27 3700.43,-2294.27 2043.7,0 3700.44,1027.18 3700.44,2294.27zm40.82 0c0,-1281.07 -1675.02,-2319.58 -3741.26,-2319.58 -2066.23,0 -3741.25,1038.51 -3741.25,2319.58 0,1281.07 1675.02,2319.58 3741.25,2319.58 2066.24,0 3741.26,-1038.51 3741.26,-2319.58z"/>
    <path id="_138" class="fil37" d="M-19085.47 35621.11c0,1276.41 -1668.92,2311.14 -3727.65,2311.14 -2058.72,0 -3727.64,-1034.73 -3727.64,-2311.14 0,-1276.41 1668.92,-2311.14 3727.64,-2311.14 2058.73,0 3727.65,1034.73 3727.65,2311.14zm40.82 0c0,-1290.38 -1687.2,-2336.45 -3768.47,-2336.45 -2081.26,0 -3768.46,1046.07 -3768.46,2336.45 0,1290.38 1687.2,2336.45 3768.46,2336.45 2081.27,0 3768.47,-1046.07 3768.47,-2336.45z"/>
    <path id="_139" class="fil38" d="M-19058.26 35621.11c0,1285.73 -1681.1,2328.01 -3754.86,2328.01 -2073.75,0 -3754.85,-1042.28 -3754.85,-2328.01 0,-1285.73 1681.1,-2328.01 3754.85,-2328.01 2073.76,0 3754.86,1042.28 3754.86,2328.01zm40.82 0c0,-1299.7 -1699.38,-2353.32 -3795.68,-2353.32 -2096.29,0 -3795.67,1053.62 -3795.67,2353.32 0,1299.7 1699.38,2353.32 3795.67,2353.32 2096.3,0 3795.68,-1053.62 3795.68,-2353.32z"/>
    <path id="_140" class="fil38" d="M-19031.05 35621.11c0,1295.04 -1693.29,2344.88 -3782.07,2344.88 -2088.77,0 -3782.06,-1049.84 -3782.06,-2344.88 0,-1295.04 1693.29,-2344.88 3782.06,-2344.88 2088.78,0 3782.07,1049.84 3782.07,2344.88zm40.82 0c0,-1309.02 -1711.57,-2370.19 -3822.89,-2370.19 -2111.31,0 -3822.88,1061.17 -3822.88,2370.19 0,1309.02 1711.57,2370.19 3822.88,2370.19 2111.32,0 3822.89,-1061.17 3822.89,-2370.19z"/>
    <path id="_141" class="fil38" d="M-19003.84 35621.11c0,1304.36 -1705.47,2361.75 -3809.28,2361.75 -2103.8,0 -3809.27,-1057.39 -3809.27,-2361.75 0,-1304.36 1705.47,-2361.75 3809.27,-2361.75 2103.81,0 3809.28,1057.39 3809.28,2361.75zm40.81 0c0,-1318.33 -1723.74,-2387.06 -3850.09,-2387.06 -2126.34,0 -3850.08,1068.73 -3850.08,2387.06 0,1318.33 1723.74,2387.06 3850.08,2387.06 2126.35,0 3850.09,-1068.73 3850.09,-2387.06z"/>
    <path id="_142" class="fil39" d="M-18976.63 35621.11c0,1313.68 -1717.65,2378.62 -3836.49,2378.62 -2118.83,0 -3836.48,-1064.94 -3836.48,-2378.62 0,-1313.68 1717.65,-2378.62 3836.48,-2378.62 2118.84,0 3836.49,1064.94 3836.49,2378.62zm40.81 0c0,-1327.65 -1735.92,-2403.93 -3877.3,-2403.93 -2141.37,0 -3877.29,1076.28 -3877.29,2403.93 0,1327.65 1735.92,2403.93 3877.29,2403.93 2141.38,0 3877.3,-1076.28 3877.3,-2403.93z"/>
    <path id="_143" class="fil39" d="M-18949.42 35621.11c0,1322.99 -1729.84,2395.49 -3863.7,2395.49 -2133.85,0 -3863.69,-1072.5 -3863.69,-2395.49 0,-1322.99 1729.84,-2395.49 3863.69,-2395.49 2133.86,0 3863.7,1072.5 3863.7,2395.49zm40.81 0c0,-1336.97 -1748.1,-2420.79 -3904.51,-2420.79 -2156.4,0 -3904.5,1083.82 -3904.5,2420.79 0,1336.97 1748.1,2420.79 3904.5,2420.79 2156.41,0 3904.51,-1083.82 3904.51,-2420.79z"/>
    <path id="_144" class="fil39" d="M-18922.21 35621.11c0,1332.31 -1742.02,2412.36 -3890.91,2412.36 -2148.88,0 -3890.9,-1080.05 -3890.9,-2412.36 0,-1332.31 1742.02,-2412.36 3890.9,-2412.36 2148.89,0 3890.91,1080.05 3890.91,2412.36zm40.81 0c0,-1346.28 -1760.29,-2437.66 -3931.72,-2437.66 -2171.42,0 -3931.71,1091.38 -3931.71,2437.66 0,1346.28 1760.29,2437.66 3931.71,2437.66 2171.43,0 3931.72,-1091.38 3931.72,-2437.66z"/>
    <path id="_145" class="fil39" d="M-18895 35621.11c0,1341.63 -1754.2,2429.23 -3918.12,2429.23 -2163.91,0 -3918.11,-1087.6 -3918.11,-2429.23 0,-1341.63 1754.2,-2429.23 3918.11,-2429.23 2163.92,0 3918.12,1087.6 3918.12,2429.23zm40.81 0c0,-1355.6 -1772.47,-2454.53 -3958.93,-2454.53 -2186.45,0 -3958.92,1098.93 -3958.92,2454.53 0,1355.6 1772.47,2454.53 3958.92,2454.53 2186.46,0 3958.93,-1098.93 3958.93,-2454.53z"/>
    <path id="_146" class="fil40" d="M-18867.79 35621.11c0,1350.94 -1766.38,2446.1 -3945.33,2446.1 -2178.94,0 -3945.32,-1095.16 -3945.32,-2446.1 0,-1350.94 1766.38,-2446.1 3945.32,-2446.1 2178.95,0 3945.33,1095.16 3945.33,2446.1zm40.81 0c0,-1364.92 -1784.65,-2471.4 -3986.14,-2471.4 -2201.48,0 -3986.13,1106.48 -3986.13,2471.4 0,1364.92 1784.65,2471.4 3986.13,2471.4 2201.49,0 3986.14,-1106.48 3986.14,-2471.4z"/>
    <path id="_147" class="fil41" d="M-18840.58 35621.11c0,1360.26 -1778.57,2462.97 -3972.54,2462.97 -2193.96,0 -3972.53,-1102.71 -3972.53,-2462.97 0,-1360.26 1778.57,-2462.97 3972.53,-2462.97 2193.97,0 3972.54,1102.71 3972.54,2462.97zm40.81 0c0,-1374.24 -1796.84,-2488.27 -4013.35,-2488.27 -2216.5,0 -4013.34,1114.03 -4013.34,2488.27 0,1374.24 1796.84,2488.27 4013.34,2488.27 2216.51,0 4013.35,-1114.03 4013.35,-2488.27z"/>
    <path id="_148" class="fil41" d="M-18813.38 35621.11c0,1369.58 -1790.74,2479.84 -3999.74,2479.84 -2208.99,0 -3999.73,-1110.26 -3999.73,-2479.84 0,-1369.58 1790.74,-2479.84 3999.73,-2479.84 2209,0 3999.74,1110.26 3999.74,2479.84zm40.82 0c0,-1383.55 -1809.02,-2505.14 -4040.56,-2505.14 -2231.53,0 -4040.55,1121.59 -4040.55,2505.14 0,1383.55 1809.02,2505.14 4040.55,2505.14 2231.54,0 4040.56,-1121.59 4040.56,-2505.14z"/>
    <path id="_149" class="fil42" d="M-18786.17 35621.11c0,1378.89 -1802.92,2496.71 -4026.95,2496.71 -2224.02,0 -4026.94,-1117.82 -4026.94,-2496.71 0,-1378.89 1802.92,-2496.71 4026.94,-2496.71 2224.03,0 4026.95,1117.82 4026.95,2496.71zm40.82 0c0,-1392.87 -1821.2,-2522.01 -4067.77,-2522.01 -2246.56,0 -4067.76,1129.14 -4067.76,2522.01 0,1392.87 1821.2,2522.01 4067.76,2522.01 2246.57,0 4067.77,-1129.14 4067.77,-2522.01z"/>
    <path id="_150" class="fil42" d="M-18758.96 35621.11c0,1388.21 -1815.11,2513.58 -4054.16,2513.58 -2239.04,0 -4054.15,-1125.37 -4054.15,-2513.58 0,-1388.21 1815.11,-2513.58 4054.15,-2513.58 2239.05,0 4054.16,1125.37 4054.16,2513.58zm40.82 0c0,-1402.19 -1833.38,-2538.88 -4094.98,-2538.88 -2261.59,0 -4094.97,1136.69 -4094.97,2538.88 0,1402.19 1833.38,2538.88 4094.97,2538.88 2261.6,0 4094.98,-1136.69 4094.98,-2538.88z"/>
    <path id="_151" class="fil43" d="M-18731.75 35621.11c0,1397.53 -1827.29,2530.45 -4081.37,2530.45 -2254.07,0 -4081.36,-1132.92 -4081.36,-2530.45 0,-1397.53 1827.29,-2530.45 4081.36,-2530.45 2254.08,0 4081.37,1132.92 4081.37,2530.45zm40.82 0c0,-1411.5 -1845.57,-2555.75 -4122.19,-2555.75 -2276.61,0 -4122.18,1144.25 -4122.18,2555.75 0,1411.5 1845.57,2555.75 4122.18,2555.75 2276.62,0 4122.19,-1144.25 4122.19,-2555.75z"/>
    <path id="_152" class="fil43" d="M-18704.54 35621.11c0,1406.84 -1839.47,2547.32 -4108.58,2547.32 -2269.1,0 -4108.57,-1140.48 -4108.57,-2547.32 0,-1406.84 1839.47,-2547.32 4108.57,-2547.32 2269.11,0 4108.58,1140.48 4108.58,2547.32zm40.81 0c0,-1420.82 -1857.74,-2572.62 -4149.39,-2572.62 -2291.64,0 -4149.38,1151.8 -4149.38,2572.62 0,1420.82 1857.74,2572.62 4149.38,2572.62 2291.65,0 4149.39,-1151.8 4149.39,-2572.62z"/>
    <path id="_153" class="fil44" d="M-18677.33 35621.11c0,1416.16 -1851.65,2564.19 -4135.79,2564.19 -2284.13,0 -4135.78,-1148.03 -4135.78,-2564.19 0,-1416.16 1851.65,-2564.19 4135.78,-2564.19 2284.14,0 4135.79,1148.03 4135.79,2564.19zm40.81 0c0,-1430.14 -1869.92,-2589.49 -4176.6,-2589.49 -2306.67,0 -4176.59,1159.35 -4176.59,2589.49 0,1430.14 1869.92,2589.49 4176.59,2589.49 2306.68,0 4176.6,-1159.35 4176.6,-2589.49z"/>
    <path id="_154" class="fil44" d="M-18650.12 35621.11c0,1425.48 -1863.84,2581.06 -4163,2581.06 -2299.15,0 -4162.99,-1155.58 -4162.99,-2581.06 0,-1425.48 1863.84,-2581.06 4162.99,-2581.06 2299.16,0 4163,1155.58 4163,2581.06zm40.81 0c0,-1439.45 -1882.11,-2606.36 -4203.81,-2606.36 -2321.69,0 -4203.8,1166.91 -4203.8,2606.36 0,1439.45 1882.11,2606.36 4203.8,2606.36 2321.7,0 4203.81,-1166.91 4203.81,-2606.36z"/>
    <path id="_155" class="fil44" d="M-18622.91 35621.11c0,1434.79 -1876.02,2597.93 -4190.21,2597.93 -2314.18,0 -4190.2,-1163.14 -4190.2,-2597.93 0,-1434.79 1876.02,-2597.93 4190.2,-2597.93 2314.19,0 4190.21,1163.14 4190.21,2597.93zm40.81 0c0,-1448.77 -1894.29,-2623.23 -4231.02,-2623.23 -2336.72,0 -4231.01,1174.46 -4231.01,2623.23 0,1448.77 1894.29,2623.23 4231.01,2623.23 2336.73,0 4231.02,-1174.46 4231.02,-2623.23z"/>
    <path id="_156" class="fil45" d="M-18595.7 35621.11c0,1444.11 -1888.2,2614.8 -4217.42,2614.8 -2329.21,0 -4217.41,-1170.69 -4217.41,-2614.8 0,-1444.11 1888.2,-2614.8 4217.41,-2614.8 2329.22,0 4217.42,1170.69 4217.42,2614.8zm40.81 0c0,-1458.09 -1906.47,-2640.1 -4258.23,-2640.1 -2351.75,0 -4258.22,1182.01 -4258.22,2640.1 0,1458.09 1906.47,2640.1 4258.22,2640.1 2351.76,0 4258.23,-1182.01 4258.23,-2640.1z"/>
    <path id="_157" class="fil46" d="M-18568.49 35621.11c0,1453.43 -1900.39,2631.67 -4244.63,2631.67 -2344.23,0 -4244.62,-1178.24 -4244.62,-2631.67 0,-1453.43 1900.39,-2631.67 4244.62,-2631.67 2344.24,0 4244.63,1178.24 4244.63,2631.67zm40.81 0c0,-1467.4 -1918.65,-2656.97 -4285.44,-2656.97 -2366.78,0 -4285.43,1189.57 -4285.43,2656.97 0,1467.4 1918.65,2656.97 4285.43,2656.97 2366.79,0 4285.44,-1189.57 4285.44,-2656.97z"/>
    <path id="_158" class="fil46" d="M-18541.28 35621.11c0,1462.75 -1912.57,2648.53 -4271.84,2648.53 -2359.26,0 -4271.83,-1185.78 -4271.83,-2648.53 0,-1462.75 1912.57,-2648.53 4271.83,-2648.53 2359.27,0 4271.84,1185.78 4271.84,2648.53zm40.81 0c0,-1476.72 -1930.84,-2673.84 -4312.65,-2673.84 -2381.8,0 -4312.64,1197.12 -4312.64,2673.84 0,1476.72 1930.84,2673.84 4312.64,2673.84 2381.81,0 4312.65,-1197.12 4312.65,-2673.84z"/>
    <path id="_159" class="fil47" d="M-18514.07 35621.11c0,1472.06 -1924.75,2665.4 -4299.05,2665.4 -2374.29,0 -4299.04,-1193.34 -4299.04,-2665.4 0,-1472.06 1924.75,-2665.4 4299.04,-2665.4 2374.3,0 4299.05,1193.34 4299.05,2665.4zm40.81 0c0,-1486.04 -1943.02,-2690.71 -4339.86,-2690.71 -2396.83,0 -4339.85,1204.67 -4339.85,2690.71 0,1486.04 1943.02,2690.71 4339.85,2690.71 2396.84,0 4339.86,-1204.67 4339.86,-2690.71z"/>
    <path id="_160" class="fil47" d="M-18486.87 35621.11c0,1481.38 -1936.92,2682.27 -4326.25,2682.27 -2389.32,0 -4326.24,-1200.89 -4326.24,-2682.27 0,-1481.38 1936.92,-2682.27 4326.24,-2682.27 2389.33,0 4326.25,1200.89 4326.25,2682.27zm40.82 0c0,-1495.35 -1955.2,-2707.58 -4367.07,-2707.58 -2411.86,0 -4367.06,1212.23 -4367.06,2707.58 0,1495.35 1955.2,2707.58 4367.06,2707.58 2411.87,0 4367.07,-1212.23 4367.07,-2707.58z"/>
    <path id="_161" class="fil47" d="M-18459.66 35621.11c0,1490.7 -1949.11,2699.14 -4353.46,2699.14 -2404.34,0 -4353.45,-1208.44 -4353.45,-2699.14 0,-1490.7 1949.11,-2699.14 4353.45,-2699.14 2404.35,0 4353.46,1208.44 4353.46,2699.14zm40.82 0c0,-1504.67 -1967.39,-2724.45 -4394.28,-2724.45 -2426.88,0 -4394.27,1219.78 -4394.27,2724.45 0,1504.67 1967.39,2724.45 4394.27,2724.45 2426.89,0 4394.28,-1219.78 4394.28,-2724.45z"/>
    <path id="_162" class="fil47" d="M-18432.45 35621.11c0,1500.01 -1961.29,2716.01 -4380.67,2716.01 -2419.37,0 -4380.66,-1216 -4380.66,-2716.01 0,-1500.01 1961.29,-2716.01 4380.66,-2716.01 2419.38,0 4380.67,1216 4380.67,2716.01zm40.82 0c0,-1513.99 -1979.57,-2741.32 -4421.49,-2741.32 -2441.91,0 -4421.48,1227.33 -4421.48,2741.32 0,1513.99 1979.57,2741.32 4421.48,2741.32 2441.92,0 4421.49,-1227.33 4421.49,-2741.32z"/>
    <path id="_163" class="fil48" d="M-18405.24 35621.11c0,1509.33 -1973.47,2732.88 -4407.88,2732.88 -2434.4,0 -4407.87,-1223.55 -4407.87,-2732.88 0,-1509.33 1973.47,-2732.88 4407.87,-2732.88 2434.41,0 4407.88,1223.55 4407.88,2732.88zm40.82 0c0,-1523.31 -1991.75,-2758.19 -4448.7,-2758.19 -2456.94,0 -4448.69,1234.88 -4448.69,2758.19 0,1523.31 1991.75,2758.19 4448.69,2758.19 2456.95,0 4448.7,-1234.88 4448.7,-2758.19z"/>
    <path id="_164" class="fil49" d="M-18378.03 35621.11c0,1518.65 -1985.65,2749.75 -4435.09,2749.75 -2449.43,0 -4435.08,-1231.1 -4435.08,-2749.75 0,-1518.65 1985.65,-2749.75 4435.08,-2749.75 2449.44,0 4435.09,1231.1 4435.09,2749.75zm40.81 0c0,-1532.62 -2003.92,-2775.06 -4475.9,-2775.06 -2471.97,0 -4475.89,1242.44 -4475.89,2775.06 0,1532.62 2003.92,2775.06 4475.89,2775.06 2471.98,0 4475.9,-1242.44 4475.9,-2775.06z"/>
    <path id="_165" class="fil49" d="M-18350.82 35621.11c0,1527.96 -1997.84,2766.62 -4462.3,2766.62 -2464.45,0 -4462.29,-1238.66 -4462.29,-2766.62 0,-1527.96 1997.84,-2766.62 4462.29,-2766.62 2464.46,0 4462.3,1238.66 4462.3,2766.62zm40.81 0c0,-1541.94 -2016.11,-2791.93 -4503.11,-2791.93 -2486.99,0 -4503.1,1249.99 -4503.1,2791.93 0,1541.94 2016.11,2791.93 4503.1,2791.93 2487,0 4503.11,-1249.99 4503.11,-2791.93z"/>
    <path id="_166" class="fil49" d="M-18323.61 35621.11c0,1537.28 -2010.02,2783.49 -4489.51,2783.49 -2479.48,0 -4489.5,-1246.21 -4489.5,-2783.49 0,-1537.28 2010.02,-2783.49 4489.5,-2783.49 2479.49,0 4489.51,1246.21 4489.51,2783.49zm40.81 0c0,-1551.26 -2028.29,-2808.8 -4530.32,-2808.8 -2502.02,0 -4530.31,1257.54 -4530.31,2808.8 0,1551.26 2028.29,2808.8 4530.31,2808.8 2502.03,0 4530.32,-1257.54 4530.32,-2808.8z"/>
    <path id="_167" class="fil49" d="M-18296.4 35621.11c0,1546.6 -2022.2,2800.36 -4516.72,2800.36 -2494.51,0 -4516.71,-1253.76 -4516.71,-2800.36 0,-1546.6 2022.2,-2800.36 4516.71,-2800.36 2494.52,0 4516.72,1253.76 4516.72,2800.36zm40.81 0c0,-1560.57 -2040.47,-2825.67 -4557.53,-2825.67 -2517.05,0 -4557.52,1265.1 -4557.52,2825.67 0,1560.57 2040.47,2825.67 4557.52,2825.67 2517.06,0 4557.53,-1265.1 4557.53,-2825.67z"/>
    <path id="_168" class="fil49" d="M-18269.19 35621.11c0,1555.91 -2034.39,2817.23 -4543.93,2817.23 -2509.53,0 -4543.92,-1261.32 -4543.92,-2817.23 0,-1555.91 2034.39,-2817.23 4543.92,-2817.23 2509.54,0 4543.93,1261.32 4543.93,2817.23zm40.81 0c0,-1569.89 -2052.66,-2842.54 -4584.74,-2842.54 -2532.07,0 -4584.73,1272.65 -4584.73,2842.54 0,1569.89 2052.66,2842.54 4584.73,2842.54 2532.08,0 4584.74,-1272.65 4584.74,-2842.54z"/>
    <path id="_169" class="fil50" d="M-18241.98 35621.11c0,1565.23 -2046.57,2834.1 -4571.14,2834.1 -2524.56,0 -4571.13,-1268.87 -4571.13,-2834.1 0,-1565.23 2046.57,-2834.1 4571.13,-2834.1 2524.57,0 4571.14,1268.87 4571.14,2834.1zm40.81 0c0,-1579.21 -2064.84,-2859.41 -4611.95,-2859.41 -2547.1,0 -4611.94,1280.2 -4611.94,2859.41 0,1579.21 2064.84,2859.41 4611.94,2859.41 2547.11,0 4611.95,-1280.2 4611.95,-2859.41z"/>
    <path id="_170" class="fil51" d="M-18214.77 35621.11c0,1574.55 -2058.75,2850.97 -4598.35,2850.97 -2539.59,0 -4598.34,-1276.42 -4598.34,-2850.97 0,-1574.55 2058.75,-2850.97 4598.34,-2850.97 2539.6,0 4598.35,1276.42 4598.35,2850.97zm40.81 0c0,-1588.52 -2077.02,-2876.28 -4639.16,-2876.28 -2562.13,0 -4639.15,1287.76 -4639.15,2876.28 0,1588.52 2077.02,2876.28 4639.15,2876.28 2562.14,0 4639.16,-1287.76 4639.16,-2876.28z"/>
    <path id="_171" class="fil51" d="M-18187.57 35621.11c0,1583.86 -2070.92,2867.84 -4625.55,2867.84 -2554.62,0 -4625.54,-1283.98 -4625.54,-2867.84 0,-1583.86 2070.92,-2867.84 4625.54,-2867.84 2554.63,0 4625.55,1283.98 4625.55,2867.84zm40.82 0c0,-1597.84 -2089.2,-2893.14 -4666.37,-2893.14 -2577.16,0 -4666.36,1295.3 -4666.36,2893.14 0,1597.84 2089.2,2893.14 4666.36,2893.14 2577.17,0 4666.37,-1295.3 4666.37,-2893.14z"/>
    <path id="_172" class="fil51" d="M-18160.36 35621.11c0,1593.18 -2083.11,2884.71 -4652.76,2884.71 -2569.64,0 -4652.75,-1291.53 -4652.75,-2884.71 0,-1593.18 2083.11,-2884.71 4652.75,-2884.71 2569.65,0 4652.76,1291.53 4652.76,2884.71zm40.82 0c0,-1607.16 -2101.39,-2910.01 -4693.58,-2910.01 -2592.18,0 -4693.57,1302.85 -4693.57,2910.01 0,1607.16 2101.39,2910.01 4693.57,2910.01 2592.19,0 4693.58,-1302.85 4693.58,-2910.01z"/>
    <path id="_173" class="fil51" d="M-18133.15 35621.11c0,1602.5 -2095.29,2901.58 -4679.97,2901.58 -2584.67,0 -4679.96,-1299.08 -4679.96,-2901.58 0,-1602.5 2095.29,-2901.58 4679.96,-2901.58 2584.68,0 4679.97,1299.08 4679.97,2901.58zm40.82 0c0,-1616.47 -2113.57,-2926.88 -4720.79,-2926.88 -2607.21,0 -4720.78,1310.41 -4720.78,2926.88 0,1616.47 2113.57,2926.88 4720.78,2926.88 2607.22,0 4720.79,-1310.41 4720.79,-2926.88z"/>
    <path id="_174" class="fil52" d="M-18105.94 35621.11c0,1611.82 -2107.47,2918.45 -4707.18,2918.45 -2599.7,0 -4707.17,-1306.63 -4707.17,-2918.45 0,-1611.82 2107.47,-2918.45 4707.17,-2918.45 2599.71,0 4707.18,1306.63 4707.18,2918.45zm40.82 0c0,-1625.79 -2125.75,-2943.75 -4748,-2943.75 -2622.24,0 -4747.99,1317.96 -4747.99,2943.75 0,1625.79 2125.75,2943.75 4747.99,2943.75 2622.25,0 4748,-1317.96 4748,-2943.75z"/>
    <path id="_175" class="fil53" d="M-18078.73 35621.11c0,1621.13 -2119.66,2935.32 -4734.39,2935.32 -2614.72,0 -4734.38,-1314.19 -4734.38,-2935.32 0,-1621.13 2119.66,-2935.32 4734.38,-2935.32 2614.73,0 4734.39,1314.19 4734.39,2935.32zm40.81 0c0,-1635.11 -2137.93,-2960.62 -4775.2,-2960.62 -2637.26,0 -4775.19,1325.51 -4775.19,2960.62 0,1635.11 2137.93,2960.62 4775.19,2960.62 2637.27,0 4775.2,-1325.51 4775.2,-2960.62z"/>
    <path id="_176" class="fil53" d="M-18051.52 35621.11c0,1630.45 -2131.84,2952.19 -4761.6,2952.19 -2629.75,0 -4761.59,-1321.74 -4761.59,-2952.19 0,-1630.45 2131.84,-2952.19 4761.59,-2952.19 2629.76,0 4761.6,1321.74 4761.6,2952.19zm40.81 0c0,-1644.42 -2150.11,-2977.49 -4802.41,-2977.49 -2652.29,0 -4802.4,1333.07 -4802.4,2977.49 0,1644.42 2150.11,2977.49 4802.4,2977.49 2652.3,0 4802.41,-1333.07 4802.41,-2977.49z"/>
    <path id="_177" class="fil54" d="M-18024.31 35621.11c0,1639.77 -2144.02,2969.06 -4788.81,2969.06 -2644.78,0 -4788.8,-1329.29 -4788.8,-2969.06 0,-1639.77 2144.02,-2969.06 4788.8,-2969.06 2644.79,0 4788.81,1329.29 4788.81,2969.06zm40.81 0c0,-1653.74 -2162.29,-2994.36 -4829.62,-2994.36 -2667.32,0 -4829.61,1340.62 -4829.61,2994.36 0,1653.74 2162.29,2994.36 4829.61,2994.36 2667.33,0 4829.62,-1340.62 4829.62,-2994.36z"/>
    <path id="_178" class="fil54" d="M-17997.1 35621.11c0,1649.08 -2156.2,2985.93 -4816.02,2985.93 -2659.81,0 -4816.01,-1336.85 -4816.01,-2985.93 0,-1649.08 2156.2,-2985.93 4816.01,-2985.93 2659.82,0 4816.02,1336.85 4816.02,2985.93zm40.81 0c0,-1663.06 -2174.47,-3011.23 -4856.83,-3011.23 -2682.35,0 -4856.82,1348.17 -4856.82,3011.23 0,1663.06 2174.47,3011.23 4856.82,3011.23 2682.36,0 4856.83,-1348.17 4856.83,-3011.23z"/>
    <path id="_179" class="fil54" d="M-17969.89 35621.11c0,1658.4 -2168.39,3002.8 -4843.23,3002.8 -2674.83,0 -4843.22,-1344.4 -4843.22,-3002.8 0,-1658.4 2168.39,-3002.8 4843.22,-3002.8 2674.84,0 4843.23,1344.4 4843.23,3002.8zm40.81 0c0,-1672.37 -2186.66,-3028.1 -4884.04,-3028.1 -2697.37,0 -4884.03,1355.73 -4884.03,3028.1 0,1672.37 2186.66,3028.1 4884.03,3028.1 2697.38,0 4884.04,-1355.73 4884.04,-3028.1z"/>
    <path id="_180" class="fil55" d="M-17942.68 35621.11c0,1667.72 -2180.57,3019.67 -4870.44,3019.67 -2689.86,0 -4870.43,-1351.95 -4870.43,-3019.67 0,-1667.72 2180.57,-3019.67 4870.43,-3019.67 2689.87,0 4870.44,1351.95 4870.44,3019.67zm40.81 0c0,-1681.69 -2198.84,-3044.97 -4911.25,-3044.97 -2712.4,0 -4911.24,1363.28 -4911.24,3044.97 0,1681.69 2198.84,3044.97 4911.24,3044.97 2712.41,0 4911.25,-1363.28 4911.25,-3044.97z"/>
    <path id="_181" class="fil55" d="M-17915.47 35621.11c0,1677.03 -2192.75,3036.54 -4897.65,3036.54 -2704.89,0 -4897.64,-1359.51 -4897.64,-3036.54 0,-1677.03 2192.75,-3036.54 4897.64,-3036.54 2704.9,0 4897.65,1359.51 4897.65,3036.54zm40.81 0c0,-1691.01 -2211.02,-3061.84 -4938.46,-3061.84 -2727.43,0 -4938.45,1370.83 -4938.45,3061.84 0,1691.01 2211.02,3061.84 4938.45,3061.84 2727.44,0 4938.46,-1370.83 4938.46,-3061.84z"/>
    <path id="_182" class="fil55" d="M-17888.27 35621.11c0,1686.35 -2204.93,3053.41 -4924.85,3053.41 -2719.91,0 -4924.84,-1367.06 -4924.84,-3053.41 0,-1686.35 2204.93,-3053.41 4924.84,-3053.41 2719.92,0 4924.85,1367.06 4924.85,3053.41zm40.82 0c0,-1700.33 -2223.2,-3078.71 -4965.67,-3078.71 -2742.46,0 -4965.66,1378.38 -4965.66,3078.71 0,1700.33 2223.2,3078.71 4965.66,3078.71 2742.47,0 4965.67,-1378.38 4965.67,-3078.71z"/>
    <path id="_183" class="fil56" d="M-17861.06 35621.11c0,1695.67 -2217.11,3070.28 -4952.06,3070.28 -2734.94,0 -4952.05,-1374.61 -4952.05,-3070.28 0,-1695.67 2217.11,-3070.28 4952.05,-3070.28 2734.95,0 4952.06,1374.61 4952.06,3070.28zm40.82 0c0,-1709.64 -2235.39,-3095.58 -4992.88,-3095.58 -2757.48,0 -4992.87,1385.94 -4992.87,3095.58 0,1709.64 2235.39,3095.58 4992.87,3095.58 2757.49,0 4992.88,-1385.94 4992.88,-3095.58z"/>
    <path id="_184" class="fil56" d="M-17833.85 35621.11c0,1704.98 -2229.29,3087.15 -4979.27,3087.15 -2749.97,0 -4979.26,-1382.17 -4979.26,-3087.15 0,-1704.98 2229.29,-3087.15 4979.26,-3087.15 2749.98,0 4979.27,1382.17 4979.27,3087.15zm40.82 0c0,-1718.96 -2247.57,-3112.45 -5020.09,-3112.45 -2772.51,0 -5020.08,1393.49 -5020.08,3112.45 0,1718.96 2247.57,3112.45 5020.08,3112.45 2772.52,0 5020.09,-1393.49 5020.09,-3112.45z"/>
    <path id="_185" class="fil57" d="M-17806.64 35621.11c0,1714.3 -2241.47,3104.02 -5006.48,3104.02 -2765,0 -5006.47,-1389.72 -5006.47,-3104.02 0,-1714.3 2241.47,-3104.02 5006.47,-3104.02 2765.01,0 5006.48,1389.72 5006.48,3104.02zm40.82 0c0,-1728.28 -2259.75,-3129.32 -5047.3,-3129.32 -2787.54,0 -5047.29,1401.04 -5047.29,3129.32 0,1728.28 2259.75,3129.32 5047.29,3129.32 2787.55,0 5047.3,-1401.04 5047.3,-3129.32z"/>
    <path id="_186" class="fil57" d="M-17779.43 35621.11c0,1723.62 -2253.66,3120.89 -5033.69,3120.89 -2780.02,0 -5033.68,-1397.27 -5033.68,-3120.89 0,-1723.62 2253.66,-3120.89 5033.68,-3120.89 2780.03,0 5033.69,1397.27 5033.69,3120.89zm40.81 0c0,-1737.59 -2271.93,-3146.19 -5074.5,-3146.19 -2802.56,0 -5074.49,1408.6 -5074.49,3146.19 0,1737.59 2271.93,3146.19 5074.49,3146.19 2802.57,0 5074.5,-1408.6 5074.5,-3146.19z"/>
    <path id="_187" class="fil57" d="M-17752.22 35621.11c0,1732.93 -2265.84,3137.75 -5060.9,3137.75 -2795.05,0 -5060.89,-1404.82 -5060.89,-3137.75 0,-1732.93 2265.84,-3137.75 5060.89,-3137.75 2795.06,0 5060.9,1404.82 5060.9,3137.75zm40.81 0c0,-1746.91 -2284.11,-3163.06 -5101.71,-3163.06 -2817.59,0 -5101.7,1416.15 -5101.7,3163.06 0,1746.91 2284.11,3163.06 5101.7,3163.06 2817.6,0 5101.71,-1416.15 5101.71,-3163.06z"/>
    <path id="_188" class="fil57" d="M-17725.01 35621.11c0,1742.25 -2278.02,3154.62 -5088.11,3154.62 -2810.08,0 -5088.1,-1412.37 -5088.1,-3154.62 0,-1742.25 2278.02,-3154.62 5088.1,-3154.62 2810.09,0 5088.11,1412.37 5088.11,3154.62zm40.81 0c0,-1756.23 -2296.29,-3179.93 -5128.92,-3179.93 -2832.62,0 -5128.91,1423.7 -5128.91,3179.93 0,1756.23 2296.29,3179.93 5128.91,3179.93 2832.63,0 5128.92,-1423.7 5128.92,-3179.93z"/>
    <path id="_189" class="fil57" d="M-17697.8 35621.11c0,1751.57 -2290.21,3171.49 -5115.32,3171.49 -2825.1,0 -5115.31,-1419.92 -5115.31,-3171.49 0,-1751.57 2290.21,-3171.49 5115.31,-3171.49 2825.11,0 5115.32,1419.92 5115.32,3171.49zm40.81 0c0,-1765.54 -2308.47,-3196.8 -5156.13,-3196.8 -2847.65,0 -5156.12,1431.26 -5156.12,3196.8 0,1765.54 2308.47,3196.8 5156.12,3196.8 2847.66,0 5156.13,-1431.26 5156.13,-3196.8z"/>
    <path id="_190" class="fil58" d="M-17670.59 35621.11c0,1760.88 -2302.39,3188.36 -5142.53,3188.36 -2840.13,0 -5142.52,-1427.48 -5142.52,-3188.36 0,-1760.88 2302.39,-3188.36 5142.52,-3188.36 2840.14,0 5142.53,1427.48 5142.53,3188.36zm40.81 0c0,-1774.86 -2320.66,-3213.67 -5183.34,-3213.67 -2862.67,0 -5183.33,1438.81 -5183.33,3213.67 0,1774.86 2320.66,3213.67 5183.33,3213.67 2862.68,0 5183.34,-1438.81 5183.34,-3213.67z"/>
    <path id="_191" class="fil59" d="M-17643.38 35621.11c0,1770.2 -2314.57,3205.23 -5169.74,3205.23 -2855.16,0 -5169.73,-1435.03 -5169.73,-3205.23 0,-1770.2 2314.57,-3205.23 5169.73,-3205.23 2855.17,0 5169.74,1435.03 5169.74,3205.23zm40.81 0c0,-1784.18 -2332.84,-3230.54 -5210.55,-3230.54 -2877.7,0 -5210.54,1446.36 -5210.54,3230.54 0,1784.18 2332.84,3230.54 5210.54,3230.54 2877.71,0 5210.55,-1446.36 5210.55,-3230.54z"/>
    <path id="_192" class="fil59" d="M-17616.17 35621.11c0,1779.52 -2326.75,3222.1 -5196.95,3222.1 -2870.19,0 -5196.94,-1442.58 -5196.94,-3222.1 0,-1779.52 2326.75,-3222.1 5196.94,-3222.1 2870.2,0 5196.95,1442.58 5196.95,3222.1zm40.81 0c0,-1793.49 -2345.02,-3247.41 -5237.76,-3247.41 -2892.73,0 -5237.75,1453.92 -5237.75,3247.41 0,1793.49 2345.02,3247.41 5237.75,3247.41 2892.74,0 5237.76,-1453.92 5237.76,-3247.41z"/>
    <path id="_193" class="fil59" d="M-17588.97 35621.11c0,1788.84 -2338.93,3238.97 -5224.15,3238.97 -2885.21,0 -5224.14,-1450.13 -5224.14,-3238.97 0,-1788.84 2338.93,-3238.97 5224.14,-3238.97 2885.22,0 5224.15,1450.13 5224.15,3238.97zm40.82 0c0,-1802.81 -2357.21,-3264.28 -5264.97,-3264.28 -2907.75,0 -5264.96,1461.47 -5264.96,3264.28 0,1802.81 2357.21,3264.28 5264.96,3264.28 2907.76,0 5264.97,-1461.47 5264.97,-3264.28z"/>
    <path id="_194" class="fil59" d="M-17561.76 35621.11c0,1798.15 -2351.11,3255.84 -5251.36,3255.84 -2900.24,0 -5251.35,-1457.69 -5251.35,-3255.84 0,-1798.15 2351.11,-3255.84 5251.35,-3255.84 2900.25,0 5251.36,1457.69 5251.36,3255.84zm40.82 0c0,-1812.13 -2369.39,-3281.15 -5292.18,-3281.15 -2922.78,0 -5292.17,1469.02 -5292.17,3281.15 0,1812.13 2369.39,3281.15 5292.17,3281.15 2922.79,0 5292.18,-1469.02 5292.18,-3281.15z"/>
    <path id="_195" class="fil60" d="M-17534.55 35621.11c0,1807.47 -2363.29,3272.71 -5278.57,3272.71 -2915.27,0 -5278.56,-1465.24 -5278.56,-3272.71 0,-1807.47 2363.29,-3272.71 5278.56,-3272.71 2915.28,0 5278.57,1465.24 5278.57,3272.71zm40.82 0c0,-1821.44 -2381.57,-3298.02 -5319.39,-3298.02 -2937.81,0 -5319.38,1476.58 -5319.38,3298.02 0,1821.44 2381.57,3298.02 5319.38,3298.02 2937.82,0 5319.39,-1476.58 5319.39,-3298.02z"/>
    <path id="_196" class="fil61" d="M-17507.34 35621.11c0,1816.79 -2375.48,3289.58 -5305.78,3289.58 -2930.29,0 -5305.77,-1472.79 -5305.77,-3289.58 0,-1816.79 2375.48,-3289.58 5305.77,-3289.58 2930.3,0 5305.78,1472.79 5305.78,3289.58zm40.82 0c0,-1830.76 -2393.75,-3314.89 -5346.6,-3314.89 -2952.84,0 -5346.59,1484.13 -5346.59,3314.89 0,1830.76 2393.75,3314.89 5346.59,3314.89 2952.85,0 5346.6,-1484.13 5346.6,-3314.89z"/>
    <path id="_197" class="fil61" d="M-17480.13 35621.11c0,1826.1 -2387.66,3306.45 -5332.99,3306.45 -2945.32,0 -5332.98,-1480.35 -5332.98,-3306.45 0,-1826.1 2387.66,-3306.45 5332.98,-3306.45 2945.33,0 5332.99,1480.35 5332.99,3306.45zm40.82 0c0,-1840.08 -2405.94,-3331.76 -5373.81,-3331.76 -2967.86,0 -5373.8,1491.68 -5373.8,3331.76 0,1840.08 2405.94,3331.76 5373.8,3331.76 2967.87,0 5373.81,-1491.68 5373.81,-3331.76z"/>
    <path id="_198" class="fil61" d="M-17452.92 35621.11c0,1835.42 -2399.84,3323.32 -5360.2,3323.32 -2960.35,0 -5360.19,-1487.9 -5360.19,-3323.32 0,-1835.42 2399.84,-3323.32 5360.19,-3323.32 2960.36,0 5360.2,1487.9 5360.2,3323.32zm40.81 0c0,-1849.39 -2418.11,-3348.63 -5401.01,-3348.63 -2982.89,0 -5401,1499.24 -5401,3348.63 0,1849.39 2418.11,3348.63 5401,3348.63 2982.9,0 5401.01,-1499.24 5401.01,-3348.63z"/>
    <path id="_199" class="fil61" d="M-17425.71 35621.11c0,1844.74 -2412.02,3340.19 -5387.41,3340.19 -2975.38,0 -5387.4,-1495.45 -5387.4,-3340.19 0,-1844.74 2412.02,-3340.19 5387.4,-3340.19 2975.39,0 5387.41,1495.45 5387.41,3340.19zm40.81 0c0,-1858.71 -2430.29,-3365.5 -5428.22,-3365.5 -2997.92,0 -5428.21,1506.79 -5428.21,3365.5 0,1858.71 2430.29,3365.5 5428.21,3365.5 2997.93,0 5428.22,-1506.79 5428.22,-3365.5z"/>
    <path id="_200" class="fil61" d="M-17398.5 35621.11c0,1854.05 -2424.21,3357.06 -5414.62,3357.06 -2990.4,0 -5414.61,-1503.01 -5414.61,-3357.06 0,-1854.05 2424.21,-3357.06 5414.61,-3357.06 2990.41,0 5414.62,1503.01 5414.62,3357.06zm40.81 0c0,-1868.03 -2442.48,-3382.36 -5455.43,-3382.36 -3012.94,0 -5455.42,1514.33 -5455.42,3382.36 0,1868.03 2442.48,3382.36 5455.42,3382.36 3012.95,0 5455.43,-1514.33 5455.43,-3382.36z"/>
    <path id="_201" class="fil62" d="M-17371.29 35621.11c0,1863.37 -2436.39,3373.93 -5441.83,3373.93 -3005.43,0 -5441.82,-1510.56 -5441.82,-3373.93 0,-1863.37 2436.39,-3373.93 5441.82,-3373.93 3005.44,0 5441.83,1510.56 5441.83,3373.93zm40.81 0c0,-1877.35 -2454.66,-3399.23 -5482.64,-3399.23 -3027.97,0 -5482.63,1521.88 -5482.63,3399.23 0,1877.35 2454.66,3399.23 5482.63,3399.23 3027.98,0 5482.64,-1521.88 5482.64,-3399.23z"/>
    <path id="_202" class="fil63" d="M-17344.08 35621.11c0,1872.69 -2448.57,3390.8 -5469.04,3390.8 -3020.46,0 -5469.03,-1518.11 -5469.03,-3390.8 0,-1872.69 2448.57,-3390.8 5469.03,-3390.8 3020.47,0 5469.04,1518.11 5469.04,3390.8zm40.81 0c0,-1886.66 -2466.84,-3416.1 -5509.85,-3416.1 -3043,0 -5509.84,1529.44 -5509.84,3416.1 0,1886.66 2466.84,3416.1 5509.84,3416.1 3043.01,0 5509.85,-1529.44 5509.85,-3416.1z"/>
    <path id="_203" class="fil64" d="M-17316.87 35621.11c0,1882 -2460.75,3407.67 -5496.25,3407.67 -3035.49,0 -5496.24,-1525.67 -5496.24,-3407.67 0,-1882 2460.75,-3407.67 5496.24,-3407.67 3035.5,0 5496.25,1525.67 5496.25,3407.67zm40.81 0c0,-1895.98 -2479.02,-3432.97 -5537.06,-3432.97 -3058.03,0 -5537.05,1536.99 -5537.05,3432.97 0,1895.98 2479.02,3432.97 5537.05,3432.97 3058.04,0 5537.06,-1536.99 5537.06,-3432.97z"/>
    <path id="_204" class="fil64" d="M-17289.66 35621.11c0,1891.32 -2472.94,3424.54 -5523.46,3424.54 -3050.51,0 -5523.45,-1533.22 -5523.45,-3424.54 0,-1891.32 2472.94,-3424.54 5523.45,-3424.54 3050.52,0 5523.46,1533.22 5523.46,3424.54zm40.81 0c0,-1905.3 -2491.21,-3449.84 -5564.27,-3449.84 -3073.05,0 -5564.26,1544.54 -5564.26,3449.84 0,1905.3 2491.21,3449.84 5564.26,3449.84 3073.06,0 5564.27,-1544.54 5564.27,-3449.84z"/>
    <path id="_205" class="fil64" d="M-17262.46 35621.11c0,1900.64 -2485.11,3441.41 -5550.66,3441.41 -3065.54,0 -5550.65,-1540.77 -5550.65,-3441.41 0,-1900.64 2485.11,-3441.41 5550.65,-3441.41 3065.55,0 5550.66,1540.77 5550.66,3441.41zm40.82 0c0,-1914.61 -2503.39,-3466.71 -5591.48,-3466.71 -3088.08,0 -5591.47,1552.1 -5591.47,3466.71 0,1914.61 2503.39,3466.71 5591.47,3466.71 3088.09,0 5591.48,-1552.1 5591.48,-3466.71z"/>
    <path id="_206" class="fil65" d="M-17235.25 35621.11c0,1909.95 -2497.29,3458.28 -5577.87,3458.28 -3080.57,0 -5577.86,-1548.33 -5577.86,-3458.28 0,-1909.95 2497.29,-3458.28 5577.86,-3458.28 3080.58,0 5577.87,1548.33 5577.87,3458.28zm40.82 0c0,-1923.93 -2515.57,-3483.58 -5618.69,-3483.58 -3103.11,0 -5618.68,1559.65 -5618.68,3483.58 0,1923.93 2515.57,3483.58 5618.68,3483.58 3103.12,0 5618.69,-1559.65 5618.69,-3483.58z"/>
    <path id="_207" class="fil66" d="M-17208.04 35621.11c0,1919.27 -2509.48,3475.15 -5605.08,3475.15 -3095.59,0 -5605.07,-1555.88 -5605.07,-3475.15 0,-1919.27 2509.48,-3475.15 5605.07,-3475.15 3095.6,0 5605.08,1555.88 5605.08,3475.15zm40.82 0c0,-1933.25 -2527.76,-3500.45 -5645.9,-3500.45 -3118.13,0 -5645.89,1567.2 -5645.89,3500.45 0,1933.25 2527.76,3500.45 5645.89,3500.45 3118.14,0 5645.9,-1567.2 5645.9,-3500.45z"/>
    <path id="_208" class="fil66" d="M-17180.83 35621.11c0,1928.59 -2521.66,3492.02 -5632.29,3492.02 -3110.62,0 -5632.28,-1563.43 -5632.28,-3492.02 0,-1928.59 2521.66,-3492.02 5632.28,-3492.02 3110.63,0 5632.29,1563.43 5632.29,3492.02zm40.82 0c0,-1942.56 -2539.94,-3517.32 -5673.11,-3517.32 -3133.16,0 -5673.1,1574.76 -5673.1,3517.32 0,1942.56 2539.94,3517.32 5673.1,3517.32 3133.17,0 5673.11,-1574.76 5673.11,-3517.32z"/>
    <path id="_209" class="fil67" d="M-17153.62 35621.11c0,1937.9 -2533.84,3508.89 -5659.5,3508.89 -3125.65,0 -5659.49,-1570.99 -5659.49,-3508.89 0,-1937.9 2533.84,-3508.89 5659.49,-3508.89 3125.66,0 5659.5,1570.99 5659.5,3508.89zm40.81 0c0,-1951.88 -2552.11,-3534.19 -5700.31,-3534.19 -3148.19,0 -5700.3,1582.31 -5700.3,3534.19 0,1951.88 2552.11,3534.19 5700.3,3534.19 3148.2,0 5700.31,-1582.31 5700.31,-3534.19z"/>
    <path id="_210" class="fil67" d="M-17126.41 35621.11c0,1947.22 -2546.02,3525.76 -5686.71,3525.76 -3140.68,0 -5686.7,-1578.54 -5686.7,-3525.76 0,-1947.22 2546.02,-3525.76 5686.7,-3525.76 3140.69,0 5686.71,1578.54 5686.71,3525.76zm40.81 0c0,-1961.2 -2564.29,-3551.06 -5727.52,-3551.06 -3163.22,0 -5727.51,1589.86 -5727.51,3551.06 0,1961.2 2564.29,3551.06 5727.51,3551.06 3163.23,0 5727.52,-1589.86 5727.52,-3551.06z"/>
    <path id="_211" class="fil68" d="M-17099.2 35621.11c0,1956.54 -2558.21,3542.63 -5713.92,3542.63 -3155.7,0 -5713.91,-1586.09 -5713.91,-3542.63 0,-1956.54 2558.21,-3542.63 5713.91,-3542.63 3155.71,0 5713.92,1586.09 5713.92,3542.63zm40.81 0c0,-1970.51 -2576.48,-3567.93 -5754.73,-3567.93 -3178.24,0 -5754.72,1597.42 -5754.72,3567.93 0,1970.51 2576.48,3567.93 5754.72,3567.93 3178.25,0 5754.73,-1597.42 5754.73,-3567.93z"/>
    <path id="_212" class="fil69" d="M-17071.99 35621.11c0,1965.86 -2570.39,3559.5 -5741.13,3559.5 -3170.73,0 -5741.12,-1593.64 -5741.12,-3559.5 0,-1965.86 2570.39,-3559.5 5741.12,-3559.5 3170.74,0 5741.13,1593.64 5741.13,3559.5zm40.81 0c0,-1979.83 -2588.66,-3584.8 -5781.94,-3584.8 -3193.27,0 -5781.93,1604.97 -5781.93,3584.8 0,1979.83 2588.66,3584.8 5781.93,3584.8 3193.28,0 5781.94,-1604.97 5781.94,-3584.8z"/>
    <path id="_213" class="fil69" d="M-17044.78 35621.11c0,1975.17 -2582.57,3576.37 -5768.34,3576.37 -3185.76,0 -5768.33,-1601.2 -5768.33,-3576.37 0,-1975.17 2582.57,-3576.37 5768.33,-3576.37 3185.77,0 5768.34,1601.2 5768.34,3576.37zm40.81 0c0,-1989.15 -2600.84,-3601.67 -5809.15,-3601.67 -3208.3,0 -5809.14,1612.52 -5809.14,3601.67 0,1989.15 2600.84,3601.67 5809.14,3601.67 3208.31,0 5809.15,-1612.52 5809.15,-3601.67z"/>
    <path id="_214" class="fil69" d="M-17017.57 35621.11c0,1984.49 -2594.76,3593.24 -5795.55,3593.24 -3200.78,0 -5795.54,-1608.75 -5795.54,-3593.24 0,-1984.49 2594.76,-3593.24 5795.54,-3593.24 3200.79,0 5795.55,1608.75 5795.55,3593.24zm40.81 0c0,-1998.46 -2613.03,-3618.54 -5836.36,-3618.54 -3223.32,0 -5836.35,1620.08 -5836.35,3618.54 0,1998.46 2613.03,3618.54 5836.35,3618.54 3223.33,0 5836.36,-1620.08 5836.36,-3618.54z"/>
    <path id="_215" class="fil69" d="M-16990.36 35621.11c0,1993.81 -2606.94,3610.11 -5822.76,3610.11 -3215.81,0 -5822.75,-1616.3 -5822.75,-3610.11 0,-1993.81 2606.94,-3610.11 5822.75,-3610.11 3215.82,0 5822.76,1616.3 5822.76,3610.11zm40.81 0c0,-2007.78 -2625.21,-3635.41 -5863.57,-3635.41 -3238.35,0 -5863.56,1627.63 -5863.56,3635.41 0,2007.78 2625.21,3635.41 5863.56,3635.41 3238.36,0 5863.57,-1627.63 5863.57,-3635.41z"/>
    <path id="_216" class="fil70" d="M-16963.16 35621.11c0,2003.12 -2619.11,3626.97 -5849.96,3626.97 -3230.84,0 -5849.95,-1623.85 -5849.95,-3626.97 0,-2003.12 2619.11,-3626.97 5849.95,-3626.97 3230.85,0 5849.96,1623.85 5849.96,3626.97zm40.82 0c0,-2017.1 -2637.39,-3652.28 -5890.78,-3652.28 -3253.38,0 -5890.77,1635.18 -5890.77,3652.28 0,2017.1 2637.39,3652.28 5890.77,3652.28 3253.39,0 5890.78,-1635.18 5890.78,-3652.28z"/>
    <path id="_217" class="fil70" d="M-16935.95 35621.11c0,2012.44 -2631.29,3643.84 -5877.17,3643.84 -3245.87,0 -5877.16,-1631.4 -5877.16,-3643.84 0,-2012.44 2631.29,-3643.84 5877.16,-3643.84 3245.88,0 5877.17,1631.4 5877.17,3643.84zm40.82 0c0,-2026.41 -2649.57,-3669.15 -5917.99,-3669.15 -3268.41,0 -5917.98,1642.74 -5917.98,3669.15 0,2026.41 2649.57,3669.15 5917.98,3669.15 3268.42,0 5917.99,-1642.74 5917.99,-3669.15z"/>
    <path id="_218" class="fil71" d="M-16908.74 35621.11c0,2021.76 -2643.48,3660.71 -5904.38,3660.71 -3260.89,0 -5904.37,-1638.95 -5904.37,-3660.71 0,-2021.76 2643.48,-3660.71 5904.37,-3660.71 3260.9,0 5904.38,1638.95 5904.38,3660.71zm40.82 0c0,-2035.73 -2661.76,-3686.02 -5945.2,-3686.02 -3283.43,0 -5945.19,1650.29 -5945.19,3686.02 0,2035.73 2661.76,3686.02 5945.19,3686.02 3283.44,0 5945.2,-1650.29 5945.2,-3686.02z"/>
    <path id="_219" class="fil71" d="M-16881.53 35621.11c0,2031.07 -2655.66,3677.58 -5931.59,3677.58 -3275.92,0 -5931.58,-1646.51 -5931.58,-3677.58 0,-2031.07 2655.66,-3677.58 5931.58,-3677.58 3275.93,0 5931.59,1646.51 5931.59,3677.58zm40.82 0c0,-2045.05 -2673.94,-3702.89 -5972.41,-3702.89 -3298.46,0 -5972.4,1657.84 -5972.4,3702.89 0,2045.05 2673.94,3702.89 5972.4,3702.89 3298.47,0 5972.41,-1657.84 5972.41,-3702.89z"/>
    <path id="_220" class="fil71" d="M-16854.32 35621.11c0,2040.39 -2667.84,3694.45 -5958.8,3694.45 -3290.95,0 -5958.79,-1654.06 -5958.79,-3694.45 0,-2040.39 2667.84,-3694.45 5958.79,-3694.45 3290.96,0 5958.8,1654.06 5958.8,3694.45zm40.81 0c0,-2054.37 -2686.11,-3719.76 -5999.61,-3719.76 -3313.49,0 -5999.6,1665.39 -5999.6,3719.76 0,2054.37 2686.11,3719.76 5999.6,3719.76 3313.5,0 5999.61,-1665.39 5999.61,-3719.76z"/>
    <path id="_221" class="fil72" d="M-16827.11 35621.11c0,2049.71 -2680.03,3711.32 -5986.01,3711.32 -3305.97,0 -5986,-1661.61 -5986,-3711.32 0,-2049.71 2680.03,-3711.32 5986,-3711.32 3305.98,0 5986.01,1661.61 5986.01,3711.32zm40.81 0c0,-2063.68 -2698.29,-3736.63 -6026.82,-3736.63 -3328.52,0 -6026.81,1672.95 -6026.81,3736.63 0,2063.68 2698.29,3736.63 6026.81,3736.63 3328.53,0 6026.82,-1672.95 6026.82,-3736.63z"/>
    <path id="_222" class="fil73" d="M-16799.9 35621.11c0,2059.02 -2692.21,3728.19 -6013.22,3728.19 -3321,0 -6013.21,-1669.17 -6013.21,-3728.19 0,-2059.02 2692.21,-3728.19 6013.21,-3728.19 3321.01,0 6013.22,1669.17 6013.22,3728.19zm40.81 0c0,-2073 -2710.48,-3753.5 -6054.03,-3753.5 -3343.54,0 -6054.02,1680.5 -6054.02,3753.5 0,2073 2710.48,3753.5 6054.02,3753.5 3343.55,0 6054.03,-1680.5 6054.03,-3753.5z"/>
    <path id="_223" class="fil74" d="M-16772.69 35621.11c0,2068.34 -2704.39,3745.06 -6040.43,3745.06 -3336.03,0 -6040.42,-1676.72 -6040.42,-3745.06 0,-2068.34 2704.39,-3745.06 6040.42,-3745.06 3336.04,0 6040.43,1676.72 6040.43,3745.06zm40.81 0c0,-2082.32 -2722.66,-3770.37 -6081.24,-3770.37 -3358.57,0 -6081.23,1688.05 -6081.23,3770.37 0,2082.32 2722.66,3770.37 6081.23,3770.37 3358.58,0 6081.24,-1688.05 6081.24,-3770.37z"/>
    <path id="_224" class="fil74" d="M-16745.48 35621.11c0,2077.66 -2716.57,3761.93 -6067.64,3761.93 -3351.06,0 -6067.63,-1684.27 -6067.63,-3761.93 0,-2077.66 2716.57,-3761.93 6067.63,-3761.93 3351.07,0 6067.64,1684.27 6067.64,3761.93zm40.81 0c0,-2091.63 -2734.84,-3787.24 -6108.45,-3787.24 -3373.6,0 -6108.44,1695.61 -6108.44,3787.24 0,2091.63 2734.84,3787.24 6108.44,3787.24 3373.61,0 6108.45,-1695.61 6108.45,-3787.24z"/>
    <path id="_225" class="fil74" d="M-16718.27 35621.11c0,2086.97 -2728.76,3778.8 -6094.85,3778.8 -3366.08,0 -6094.84,-1691.83 -6094.84,-3778.8 0,-2086.97 2728.76,-3778.8 6094.84,-3778.8 3366.09,0 6094.85,1691.83 6094.85,3778.8zm40.81 0c0,-2100.95 -2747.03,-3804.11 -6135.66,-3804.11 -3388.62,0 -6135.65,1703.16 -6135.65,3804.11 0,2100.95 2747.03,3804.11 6135.65,3804.11 3388.63,0 6135.66,-1703.16 6135.66,-3804.11z"/>
    <path id="_226" class="fil75" d="M-16691.06 35621.11c0,2096.29 -2740.94,3795.67 -6122.06,3795.67 -3381.11,0 -6122.05,-1699.38 -6122.05,-3795.67 0,-2096.29 2740.94,-3795.67 6122.05,-3795.67 3381.12,0 6122.06,1699.38 6122.06,3795.67zm40.81 0c0,-2110.27 -2759.21,-3820.98 -6162.87,-3820.98 -3403.65,0 -6162.86,1710.71 -6162.86,3820.98 0,2110.27 2759.21,3820.98 6162.86,3820.98 3403.66,0 6162.87,-1710.71 6162.87,-3820.98z"/>
    <path id="_227" class="fil75" d="M-16663.86 35621.11c0,2105.61 -2753.11,3812.54 -6149.26,3812.54 -3396.14,0 -6149.25,-1706.93 -6149.25,-3812.54 0,-2105.61 2753.11,-3812.54 6149.25,-3812.54 3396.15,0 6149.26,1706.93 6149.26,3812.54zm40.82 0c0,-2119.58 -2771.39,-3837.85 -6190.08,-3837.85 -3418.68,0 -6190.07,1718.27 -6190.07,3837.85 0,2119.58 2771.39,3837.85 6190.07,3837.85 3418.69,0 6190.08,-1718.27 6190.08,-3837.85z"/>
    <path id="_228" class="fil76" d="M-16636.65 35621.11c0,2114.93 -2765.3,3829.41 -6176.47,3829.41 -3411.16,0 -6176.46,-1714.48 -6176.46,-3829.41 0,-2114.93 2765.3,-3829.41 6176.46,-3829.41 3411.17,0 6176.47,1714.48 6176.47,3829.41zm40.82 0c0,-2128.9 -2783.57,-3854.71 -6217.29,-3854.71 -3433.71,0 -6217.28,1725.81 -6217.28,3854.71 0,2128.9 2783.57,3854.71 6217.28,3854.71 3433.72,0 6217.29,-1725.81 6217.29,-3854.71z"/>
    <path id="_229" class="fil77" d="M-16609.44 35621.11c0,2124.24 -2777.48,3846.28 -6203.68,3846.28 -3426.19,0 -6203.67,-1722.04 -6203.67,-3846.28 0,-2124.24 2777.48,-3846.28 6203.67,-3846.28 3426.2,0 6203.68,1722.04 6203.68,3846.28zm40.82 0c0,-2138.22 -2795.76,-3871.58 -6244.5,-3871.58 -3448.73,0 -6244.49,1733.36 -6244.49,3871.58 0,2138.22 2795.76,3871.58 6244.49,3871.58 3448.74,0 6244.5,-1733.36 6244.5,-3871.58z"/>
    <path id="_230" class="fil78" d="M-16582.23 35621.11c0,2133.56 -2789.66,3863.15 -6230.89,3863.15 -3441.22,0 -6230.88,-1729.59 -6230.88,-3863.15 0,-2133.56 2789.66,-3863.15 6230.88,-3863.15 3441.23,0 6230.89,1729.59 6230.89,3863.15zm40.82 0c0,-2147.53 -2807.94,-3888.45 -6271.71,-3888.45 -3463.76,0 -6271.7,1740.92 -6271.7,3888.45 0,2147.53 2807.94,3888.45 6271.7,3888.45 3463.77,0 6271.71,-1740.92 6271.71,-3888.45z"/>
    <path id="_231" class="fil78" d="M-16555.02 35621.11c0,2142.88 -2801.84,3880.02 -6258.1,3880.02 -3456.25,0 -6258.09,-1737.14 -6258.09,-3880.02 0,-2142.88 2801.84,-3880.02 6258.09,-3880.02 3456.26,0 6258.1,1737.14 6258.1,3880.02zm40.81 0c0,-2156.85 -2820.11,-3905.32 -6298.91,-3905.32 -3478.79,0 -6298.9,1748.47 -6298.9,3905.32 0,2156.85 2820.11,3905.32 6298.9,3905.32 3478.8,0 6298.91,-1748.47 6298.91,-3905.32z"/>
    <path id="_232" class="fil78" d="M-16527.81 35621.11c0,2152.19 -2814.03,3896.89 -6285.31,3896.89 -3471.27,0 -6285.3,-1744.7 -6285.3,-3896.89 0,-2152.19 2814.03,-3896.89 6285.3,-3896.89 3471.28,0 6285.31,1744.7 6285.31,3896.89zm40.81 0c0,-2166.17 -2832.3,-3922.19 -6326.12,-3922.19 -3493.81,0 -6326.11,1756.02 -6326.11,3922.19 0,2166.17 2832.3,3922.19 6326.11,3922.19 3493.82,0 6326.12,-1756.02 6326.12,-3922.19z"/>
    <path id="_233" class="fil79" d="M-16500.6 35621.11c0,2161.51 -2826.21,3913.76 -6312.52,3913.76 -3486.3,0 -6312.51,-1752.25 -6312.51,-3913.76 0,-2161.51 2826.21,-3913.76 6312.51,-3913.76 3486.31,0 6312.52,1752.25 6312.52,3913.76zm40.81 0c0,-2175.48 -2844.48,-3939.06 -6353.33,-3939.06 -3508.84,0 -6353.32,1763.58 -6353.32,3939.06 0,2175.48 2844.48,3939.06 6353.32,3939.06 3508.85,0 6353.33,-1763.58 6353.33,-3939.06z"/>
    <path id="_234" class="fil79" d="M-16473.39 35621.11c0,2170.83 -2838.39,3930.63 -6339.73,3930.63 -3501.33,0 -6339.72,-1759.8 -6339.72,-3930.63 0,-2170.83 2838.39,-3930.63 6339.72,-3930.63 3501.34,0 6339.73,1759.8 6339.73,3930.63zm40.81 0c0,-2184.8 -2856.66,-3955.93 -6380.54,-3955.93 -3523.87,0 -6380.53,1771.13 -6380.53,3955.93 0,2184.8 2856.66,3955.93 6380.53,3955.93 3523.88,0 6380.54,-1771.13 6380.54,-3955.93z"/>
    <path id="_235" class="fil80" d="M-16446.18 35621.11c0,2180.14 -2850.58,3947.5 -6366.94,3947.5 -3516.35,0 -6366.93,-1767.36 -6366.93,-3947.5 0,-2180.14 2850.58,-3947.5 6366.93,-3947.5 3516.36,0 6366.94,1767.36 6366.94,3947.5zm40.81 0c0,-2194.12 -2868.84,-3972.8 -6407.75,-3972.8 -3538.9,0 -6407.74,1778.68 -6407.74,3972.8 0,2194.12 2868.84,3972.8 6407.74,3972.8 3538.91,0 6407.75,-1778.68 6407.75,-3972.8z"/>
    <path id="_236" class="fil80" d="M-16418.97 35621.11c0,2189.46 -2862.76,3964.37 -6394.15,3964.37 -3531.38,0 -6394.14,-1774.91 -6394.14,-3964.37 0,-2189.46 2862.76,-3964.37 6394.14,-3964.37 3531.39,0 6394.15,1774.91 6394.15,3964.37zm40.81 0c0,-2203.44 -2881.03,-3989.67 -6434.96,-3989.67 -3553.92,0 -6434.95,1786.23 -6434.95,3989.67 0,2203.44 2881.03,3989.67 6434.95,3989.67 3553.93,0 6434.96,-1786.23 6434.96,-3989.67z"/>
    <path id="_237" class="fil80" d="M-16391.76 35621.11c0,2198.78 -2874.94,3981.24 -6421.36,3981.24 -3546.41,0 -6421.35,-1782.46 -6421.35,-3981.24 0,-2198.78 2874.94,-3981.24 6421.35,-3981.24 3546.42,0 6421.36,1782.46 6421.36,3981.24zm40.81 0c0,-2212.75 -2893.21,-4006.54 -6462.17,-4006.54 -3568.95,0 -6462.16,1793.79 -6462.16,4006.54 0,2212.75 2893.21,4006.54 6462.16,4006.54 3568.96,0 6462.17,-1793.79 6462.17,-4006.54z"/>
    <path id="_238" class="fil81" d="M-16364.55 35621.11c0,2208.09 -2887.12,3998.11 -6448.57,3998.11 -3561.44,0 -6448.56,-1790.02 -6448.56,-3998.11 0,-2208.09 2887.12,-3998.11 6448.56,-3998.11 3561.45,0 6448.57,1790.02 6448.57,3998.11zm40.81 0c0,-2222.07 -2905.39,-4023.41 -6489.38,-4023.41 -3583.98,0 -6489.37,1801.34 -6489.37,4023.41 0,2222.07 2905.39,4023.41 6489.37,4023.41 3583.99,0 6489.38,-1801.34 6489.38,-4023.41z"/>
    <path id="_239" class="fil81" d="M-16337.35 35621.11c0,2217.41 -2899.3,4014.98 -6475.77,4014.98 -3576.46,0 -6475.76,-1797.57 -6475.76,-4014.98 0,-2217.41 2899.3,-4014.98 6475.76,-4014.98 3576.47,0 6475.77,1797.57 6475.77,4014.98zm40.82 0c0,-2231.39 -2917.58,-4040.28 -6516.59,-4040.28 -3599,0 -6516.58,1808.89 -6516.58,4040.28 0,2231.39 2917.58,4040.28 6516.58,4040.28 3599.01,0 6516.59,-1808.89 6516.59,-4040.28z"/>
    <path id="_240" class="fil82" d="M-16310.14 35621.11c0,2226.73 -2911.48,4031.85 -6502.98,4031.85 -3591.49,0 -6502.97,-1805.12 -6502.97,-4031.85 0,-2226.73 2911.48,-4031.85 6502.97,-4031.85 3591.5,0 6502.98,1805.12 6502.98,4031.85zm40.82 0c0,-2240.7 -2929.76,-4057.15 -6543.8,-4057.15 -3614.03,0 -6543.79,1816.45 -6543.79,4057.15 0,2240.7 2929.76,4057.15 6543.79,4057.15 3614.04,0 6543.8,-1816.45 6543.8,-4057.15z"/>
    <path id="_241" class="fil83" d="M-16282.93 35621.11c0,2236.04 -2923.66,4048.72 -6530.19,4048.72 -3606.52,0 -6530.18,-1812.68 -6530.18,-4048.72 0,-2236.04 2923.66,-4048.72 6530.18,-4048.72 3606.53,0 6530.19,1812.68 6530.19,4048.72zm40.82 0c0,-2250.02 -2941.94,-4074.02 -6571.01,-4074.02 -3629.06,0 -6571,1824 -6571,4074.02 0,2250.02 2941.94,4074.02 6571,4074.02 3629.07,0 6571.01,-1824 6571.01,-4074.02z"/>
    <path id="_242" class="fil83" d="M-16255.72 35621.11c0,2245.36 -2935.84,4065.59 -6557.4,4065.59 -3621.55,0 -6557.39,-1820.23 -6557.39,-4065.59 0,-2245.36 2935.84,-4065.59 6557.39,-4065.59 3621.56,0 6557.4,1820.23 6557.4,4065.59zm40.82 0c0,-2259.34 -2954.12,-4090.89 -6598.22,-4090.89 -3644.09,0 -6598.21,1831.55 -6598.21,4090.89 0,2259.34 2954.12,4090.89 6598.21,4090.89 3644.1,0 6598.22,-1831.55 6598.22,-4090.89z"/>
    <path id="_243" class="fil83" d="M-16228.51 35621.11c0,2254.68 -2948.03,4082.46 -6584.61,4082.46 -3636.57,0 -6584.6,-1827.78 -6584.6,-4082.46 0,-2254.68 2948.03,-4082.46 6584.6,-4082.46 3636.58,0 6584.61,1827.78 6584.61,4082.46zm40.81 0c0,-2268.65 -2966.3,-4107.76 -6625.42,-4107.76 -3659.11,0 -6625.41,1839.11 -6625.41,4107.76 0,2268.65 2966.3,4107.76 6625.41,4107.76 3659.12,0 6625.42,-1839.11 6625.42,-4107.76z"/>
    <path id="_244" class="fil84" d="M-16201.3 35621.11c0,2263.99 -2960.21,4099.32 -6611.82,4099.32 -3651.6,0 -6611.81,-1835.33 -6611.81,-4099.32 0,-2263.99 2960.21,-4099.32 6611.81,-4099.32 3651.61,0 6611.82,1835.33 6611.82,4099.32zm40.81 0c0,-2277.97 -2978.48,-4124.63 -6652.63,-4124.63 -3674.14,0 -6652.62,1846.66 -6652.62,4124.63 0,2277.97 2978.48,4124.63 6652.62,4124.63 3674.15,0 6652.63,-1846.66 6652.63,-4124.63z"/>
    <path id="_245" class="fil85" d="M-16174.09 35621.11c0,2273.31 -2972.39,4116.19 -6639.03,4116.19 -3666.63,0 -6639.02,-1842.88 -6639.02,-4116.19 0,-2273.31 2972.39,-4116.19 6639.02,-4116.19 3666.64,0 6639.03,1842.88 6639.03,4116.19zm40.81 0c0,-2287.29 -2990.66,-4141.5 -6679.84,-4141.5 -3689.17,0 -6679.83,1854.21 -6679.83,4141.5 0,2287.29 2990.66,4141.5 6679.83,4141.5 3689.18,0 6679.84,-1854.21 6679.84,-4141.5z"/>
    <path id="_246" class="fil85" d="M-16146.88 35621.11c0,2282.63 -2984.58,4133.06 -6666.24,4133.06 -3681.65,0 -6666.23,-1850.43 -6666.23,-4133.06 0,-2282.63 2984.58,-4133.06 6666.23,-4133.06 3681.66,0 6666.24,1850.43 6666.24,4133.06zm40.81 0c0,-2296.6 -3002.85,-4158.37 -6707.05,-4158.37 -3704.19,0 -6707.04,1861.77 -6707.04,4158.37 0,2296.6 3002.85,4158.37 6707.04,4158.37 3704.2,0 6707.05,-1861.77 6707.05,-4158.37z"/>
    <path id="_247" class="fil86" d="M-16119.67 35621.11c0,2291.95 -2996.76,4149.93 -6693.45,4149.93 -3696.68,0 -6693.44,-1857.98 -6693.44,-4149.93 0,-2291.95 2996.76,-4149.93 6693.44,-4149.93 3696.69,0 6693.45,1857.98 6693.45,4149.93zm40.81 0c0,-2305.92 -3015.03,-4175.24 -6734.26,-4175.24 -3719.22,0 -6734.25,1869.32 -6734.25,4175.24 0,2305.92 3015.03,4175.24 6734.25,4175.24 3719.23,0 6734.26,-1869.32 6734.26,-4175.24z"/>
    <path id="_248" class="fil86" d="M-16092.46 35621.11c0,2301.26 -3008.94,4166.8 -6720.66,4166.8 -3711.71,0 -6720.65,-1865.54 -6720.65,-4166.8 0,-2301.26 3008.94,-4166.8 6720.65,-4166.8 3711.72,0 6720.66,1865.54 6720.66,4166.8zm40.81 0c0,-2315.24 -3027.21,-4192.11 -6761.47,-4192.11 -3734.25,0 -6761.46,1876.87 -6761.46,4192.11 0,2315.24 3027.21,4192.11 6761.46,4192.11 3734.26,0 6761.47,-1876.87 6761.47,-4192.11z"/>
    <path id="_249" class="fil87" d="M-16065.25 35621.11c0,2310.58 -3021.12,4183.67 -6747.87,4183.67 -3726.74,0 -6747.86,-1873.09 -6747.86,-4183.67 0,-2310.58 3021.12,-4183.67 6747.86,-4183.67 3726.75,0 6747.87,1873.09 6747.87,4183.67zm40.81 0c0,-2324.55 -3039.39,-4208.98 -6788.68,-4208.98 -3749.28,0 -6788.67,1884.43 -6788.67,4208.98 0,2324.55 3039.39,4208.98 6788.67,4208.98 3749.29,0 6788.68,-1884.43 6788.68,-4208.98z"/>
    <path id="_250" class="fil88" d="M-16038.05 35621.11c0,2319.9 -3033.3,4200.54 -6775.07,4200.54 -3741.76,0 -6775.06,-1880.64 -6775.06,-4200.54 0,-2319.9 3033.3,-4200.54 6775.06,-4200.54 3741.77,0 6775.07,1880.64 6775.07,4200.54zm40.82 0c0,-2333.87 -3051.58,-4225.85 -6815.89,-4225.85 -3764.3,0 -6815.88,1891.98 -6815.88,4225.85 0,2333.87 3051.58,4225.85 6815.88,4225.85 3764.31,0 6815.89,-1891.98 6815.89,-4225.85z"/>
    <path id="_251" class="fil88" d="M-16010.84 35621.11c0,2329.21 -3045.48,4217.41 -6802.28,4217.41 -3756.79,0 -6802.27,-1888.2 -6802.27,-4217.41 0,-2329.21 3045.48,-4217.41 6802.27,-4217.41 3756.8,0 6802.28,1888.2 6802.28,4217.41zm40.82 0c0,-2343.19 -3063.76,-4242.72 -6843.1,-4242.72 -3779.33,0 -6843.09,1899.53 -6843.09,4242.72 0,2343.19 3063.76,4242.72 6843.09,4242.72 3779.34,0 6843.1,-1899.53 6843.1,-4242.72z"/>
    <path id="_252" class="fil88" d="M-15983.63 35621.11c0,2338.53 -3057.66,4234.28 -6829.49,4234.28 -3771.82,0 -6829.48,-1895.75 -6829.48,-4234.28 0,-2338.53 3057.66,-4234.28 6829.48,-4234.28 3771.83,0 6829.49,1895.75 6829.49,4234.28zm40.82 0c0,-2352.5 -3075.94,-4259.59 -6870.31,-4259.59 -3794.36,0 -6870.3,1907.09 -6870.3,4259.59 0,2352.5 3075.94,4259.59 6870.3,4259.59 3794.37,0 6870.31,-1907.09 6870.31,-4259.59z"/>
    <path id="_253" class="fil88" d="M-15956.42 35621.11c0,2347.85 -3069.85,4251.15 -6856.7,4251.15 -3786.84,0 -6856.69,-1903.3 -6856.69,-4251.15 0,-2347.85 3069.85,-4251.15 6856.69,-4251.15 3786.85,0 6856.7,1903.3 6856.7,4251.15zm40.82 0c0,-2361.82 -3088.13,-4276.46 -6897.52,-4276.46 -3809.38,0 -6897.51,1914.64 -6897.51,4276.46 0,2361.82 3088.13,4276.46 6897.51,4276.46 3809.39,0 6897.52,-1914.64 6897.52,-4276.46z"/>
    <path id="_254" class="fil89" d="M-15929.21 35621.11c0,2357.16 -3082.03,4268.02 -6883.91,4268.02 -3801.87,0 -6883.9,-1910.86 -6883.9,-4268.02 0,-2357.16 3082.03,-4268.02 6883.9,-4268.02 3801.88,0 6883.91,1910.86 6883.91,4268.02zm40.81 0c0,-2371.14 -3100.3,-4293.33 -6924.72,-4293.33 -3824.41,0 -6924.71,1922.19 -6924.71,4293.33 0,2371.14 3100.3,4293.33 6924.71,4293.33 3824.42,0 6924.72,-1922.19 6924.72,-4293.33z"/>
    <path id="_255" class="fil90" d="M-15902 35621.11c0,2366.48 -3094.21,4284.89 -6911.12,4284.89 -3816.9,0 -6911.11,-1918.41 -6911.11,-4284.89 0,-2366.48 3094.21,-4284.89 6911.11,-4284.89 3816.91,0 6911.12,1918.41 6911.12,4284.89zm40.81 0c0,-2380.46 -3112.48,-4310.2 -6951.93,-4310.2 -3839.44,0 -6951.92,1929.74 -6951.92,4310.2 0,2380.46 3112.48,4310.2 6951.92,4310.2 3839.45,0 6951.93,-1929.74 6951.93,-4310.2z"/>
    <path id="_256" class="fil90" d="M-15874.79 35621.11c0,2375.8 -3106.39,4301.76 -6938.33,4301.76 -3831.93,0 -6938.32,-1925.96 -6938.32,-4301.76 0,-2375.8 3106.39,-4301.76 6938.32,-4301.76 3831.94,0 6938.33,1925.96 6938.33,4301.76zm40.81 0c0,-2389.77 -3124.66,-4327.07 -6979.14,-4327.07 -3854.47,0 -6979.13,1937.3 -6979.13,4327.07 0,2389.77 3124.66,4327.07 6979.13,4327.07 3854.48,0 6979.14,-1937.3 6979.14,-4327.07z"/>
    <path id="_257" class="fil90" d="M-15847.58 35621.11c0,2385.11 -3118.58,4318.63 -6965.54,4318.63 -3846.95,0 -6965.53,-1933.52 -6965.53,-4318.63 0,-2385.11 3118.58,-4318.63 6965.53,-4318.63 3846.96,0 6965.54,1933.52 6965.54,4318.63zm40.81 0c0,-2399.09 -3136.85,-4343.93 -7006.35,-4343.93 -3869.49,0 -7006.34,1944.84 -7006.34,4343.93 0,2399.09 3136.85,4343.93 7006.34,4343.93 3869.5,0 7006.35,-1944.84 7006.35,-4343.93z"/>
    <path id="_258" class="fil90" d="M-15820.37 35621.11c0,2394.43 -3130.76,4335.5 -6992.75,4335.5 -3861.98,0 -6992.74,-1941.07 -6992.74,-4335.5 0,-2394.43 3130.76,-4335.5 6992.74,-4335.5 3861.99,0 6992.75,1941.07 6992.75,4335.5zm40.81 0c0,-2408.41 -3149.03,-4360.8 -7033.56,-4360.8 -3884.52,0 -7033.55,1952.39 -7033.55,4360.8 0,2408.41 3149.03,4360.8 7033.55,4360.8 3884.53,0 7033.56,-1952.39 7033.56,-4360.8z"/>
    <path id="_259" class="fil91" d="M-15793.16 35621.11c0,2403.75 -3142.94,4352.37 -7019.96,4352.37 -3877.01,0 -7019.95,-1948.62 -7019.95,-4352.37 0,-2403.75 3142.94,-4352.37 7019.95,-4352.37 3877.02,0 7019.96,1948.62 7019.96,4352.37zm40.81 0c0,-2417.72 -3161.21,-4377.67 -7060.77,-4377.67 -3899.55,0 -7060.76,1959.95 -7060.76,4377.67 0,2417.72 3161.21,4377.67 7060.76,4377.67 3899.56,0 7060.77,-1959.95 7060.77,-4377.67z"/>
    <path id="_260" class="fil92" d="M-15765.95 35621.11c0,2413.06 -3155.13,4369.24 -7047.17,4369.24 -3892.03,0 -7047.16,-1956.18 -7047.16,-4369.24 0,-2413.06 3155.13,-4369.24 7047.16,-4369.24 3892.04,0 7047.17,1956.18 7047.17,4369.24zm40.81 0c0,-2427.04 -3173.39,-4394.54 -7087.98,-4394.54 -3914.58,0 -7087.97,1967.5 -7087.97,4394.54 0,2427.04 3173.39,4394.54 7087.97,4394.54 3914.59,0 7087.98,-1967.5 7087.98,-4394.54z"/>
    <path id="_261" class="fil92" d="M-15738.75 35621.11c0,2422.38 -3167.3,4386.11 -7074.37,4386.11 -3907.06,0 -7074.36,-1963.73 -7074.36,-4386.11 0,-2422.38 3167.3,-4386.11 7074.36,-4386.11 3907.07,0 7074.37,1963.73 7074.37,4386.11zm40.82 0c0,-2436.36 -3185.58,-4411.41 -7115.19,-4411.41 -3929.6,0 -7115.18,1975.05 -7115.18,4411.41 0,2436.36 3185.58,4411.41 7115.18,4411.41 3929.61,0 7115.19,-1975.05 7115.19,-4411.41z"/>
    <path id="_262" class="fil92" d="M-15711.54 35621.11c0,2431.7 -3179.48,4402.98 -7101.58,4402.98 -3922.09,0 -7101.57,-1971.28 -7101.57,-4402.98 0,-2431.7 3179.48,-4402.98 7101.57,-4402.98 3922.1,0 7101.58,1971.28 7101.58,4402.98zm40.82 0c0,-2445.67 -3197.76,-4428.28 -7142.4,-4428.28 -3944.63,0 -7142.39,1982.61 -7142.39,4428.28 0,2445.67 3197.76,4428.28 7142.39,4428.28 3944.64,0 7142.4,-1982.61 7142.4,-4428.28z"/>
    <path id="_263" class="fil92" d="M-15684.33 35621.11c0,2441.01 -3191.66,4419.85 -7128.79,4419.85 -3937.12,0 -7128.78,-1978.84 -7128.78,-4419.85 0,-2441.01 3191.66,-4419.85 7128.78,-4419.85 3937.13,0 7128.79,1978.84 7128.79,4419.85zm40.82 0c0,-2454.99 -3209.94,-4445.15 -7169.61,-4445.15 -3959.66,0 -7169.6,1990.16 -7169.6,4445.15 0,2454.99 3209.94,4445.15 7169.6,4445.15 3959.67,0 7169.61,-1990.16 7169.61,-4445.15z"/>
    <path id="_264" class="fil93" d="M-15657.12 35621.11c0,2450.33 -3203.85,4436.72 -7156,4436.72 -3952.14,0 -7155.99,-1986.39 -7155.99,-4436.72 0,-2450.33 3203.85,-4436.72 7155.99,-4436.72 3952.15,0 7156,1986.39 7156,4436.72zm40.82 0c0,-2464.31 -3222.13,-4462.02 -7196.82,-4462.02 -3974.68,0 -7196.81,1997.71 -7196.81,4462.02 0,2464.31 3222.13,4462.02 7196.81,4462.02 3974.69,0 7196.82,-1997.71 7196.82,-4462.02z"/>
    <path id="_265" class="fil94" d="M-15629.91 35621.11c0,2459.65 -3216.03,4453.59 -7183.21,4453.59 -3967.17,0 -7183.2,-1993.94 -7183.2,-4453.59 0,-2459.65 3216.03,-4453.59 7183.2,-4453.59 3967.18,0 7183.21,1993.94 7183.21,4453.59zm40.81 0c0,-2473.62 -3234.3,-4478.89 -7224.02,-4478.89 -3989.71,0 -7224.01,2005.27 -7224.01,4478.89 0,2473.62 3234.3,4478.89 7224.01,4478.89 3989.72,0 7224.02,-2005.27 7224.02,-4478.89z"/>
    <path id="_266" class="fil95" d="M-15602.7 35621.11c0,2468.97 -3228.21,4470.46 -7210.42,4470.46 -3982.2,0 -7210.41,-2001.49 -7210.41,-4470.46 0,-2468.97 3228.21,-4470.46 7210.41,-4470.46 3982.21,0 7210.42,2001.49 7210.42,4470.46zm40.81 0c0,-2482.94 -3246.48,-4495.76 -7251.23,-4495.76 -4004.74,0 -7251.22,2012.82 -7251.22,4495.76 0,2482.94 3246.48,4495.76 7251.22,4495.76 4004.75,0 7251.23,-2012.82 7251.23,-4495.76z"/>
    <path id="_267" class="fil95" d="M-15575.49 35621.11c0,2478.28 -3240.4,4487.33 -7237.63,4487.33 -3997.22,0 -7237.62,-2009.05 -7237.62,-4487.33 0,-2478.28 3240.4,-4487.33 7237.62,-4487.33 3997.23,0 7237.63,2009.05 7237.63,4487.33zm40.81 0c0,-2492.26 -3258.66,-4512.63 -7278.44,-4512.63 -4019.77,0 -7278.43,2020.37 -7278.43,4512.63 0,2492.26 3258.66,4512.63 7278.43,4512.63 4019.78,0 7278.44,-2020.37 7278.44,-4512.63z"/>
    <path id="_268" class="fil95" d="M-15548.28 35621.11c0,2487.6 -3252.58,4504.2 -7264.84,4504.2 -4012.25,0 -7264.83,-2016.6 -7264.83,-4504.2 0,-2487.6 3252.58,-4504.2 7264.83,-4504.2 4012.26,0 7264.84,2016.6 7264.84,4504.2zm40.81 0c0,-2501.57 -3270.85,-4529.5 -7305.65,-4529.5 -4034.79,0 -7305.64,2027.93 -7305.64,4529.5 0,2501.57 3270.85,4529.5 7305.64,4529.5 4034.8,0 7305.65,-2027.93 7305.65,-4529.5z"/>
    <path id="_269" class="fil95" d="M-15521.07 35621.11c0,2496.92 -3264.76,4521.07 -7292.05,4521.07 -4027.28,0 -7292.04,-2024.15 -7292.04,-4521.07 0,-2496.92 3264.76,-4521.07 7292.04,-4521.07 4027.29,0 7292.05,2024.15 7292.05,4521.07zm40.81 0c0,-2510.89 -3283.03,-4546.37 -7332.86,-4546.37 -4049.82,0 -7332.85,2035.48 -7332.85,4546.37 0,2510.89 3283.03,4546.37 7332.85,4546.37 4049.83,0 7332.86,-2035.48 7332.86,-4546.37z"/>
    <path id="_270" class="fil96" d="M-15493.86 35621.11c0,2506.23 -3276.94,4537.94 -7319.26,4537.94 -4042.31,0 -7319.25,-2031.71 -7319.25,-4537.94 0,-2506.23 3276.94,-4537.94 7319.25,-4537.94 4042.32,0 7319.26,2031.71 7319.26,4537.94zm40.81 0c0,-2520.21 -3295.21,-4563.24 -7360.07,-4563.24 -4064.85,0 -7360.06,2043.03 -7360.06,4563.24 0,2520.21 3295.21,4563.24 7360.06,4563.24 4064.86,0 7360.07,-2043.03 7360.07,-4563.24z"/>
    <path id="_271" class="fil96" d="M-15466.65 35621.11c0,2515.55 -3289.13,4554.81 -7346.47,4554.81 -4057.33,0 -7346.46,-2039.26 -7346.46,-4554.81 0,-2515.55 3289.13,-4554.81 7346.46,-4554.81 4057.34,0 7346.47,2039.26 7346.47,4554.81zm40.81 0c0,-2529.52 -3307.4,-4580.11 -7387.28,-4580.11 -4079.87,0 -7387.27,2050.59 -7387.27,4580.11 0,2529.52 3307.4,4580.11 7387.27,4580.11 4079.88,0 7387.28,-2050.59 7387.28,-4580.11z"/>
    <path id="_272" class="fil96" d="M-15439.45 35621.11c0,2524.87 -3301.3,4571.68 -7373.67,4571.68 -4072.36,0 -7373.66,-2046.81 -7373.66,-4571.68 0,-2524.87 3301.3,-4571.68 7373.66,-4571.68 4072.37,0 7373.67,2046.81 7373.67,4571.68zm40.82 0c0,-2538.84 -3319.58,-4596.98 -7414.49,-4596.98 -4094.9,0 -7414.48,2058.14 -7414.48,4596.98 0,2538.84 3319.58,4596.98 7414.48,4596.98 4094.91,0 7414.49,-2058.14 7414.49,-4596.98z"/>
    <path id="_273" class="fil97" d="M-15412.24 35621.11c0,2534.18 -3313.48,4588.54 -7400.88,4588.54 -4087.39,0 -7400.87,-2054.36 -7400.87,-4588.54 0,-2534.18 3313.48,-4588.54 7400.87,-4588.54 4087.4,0 7400.88,2054.36 7400.88,4588.54zm40.82 0c0,-2548.16 -3331.76,-4613.85 -7441.7,-4613.85 -4109.93,0 -7441.69,2065.69 -7441.69,4613.85 0,2548.16 3331.76,4613.85 7441.69,4613.85 4109.94,0 7441.7,-2065.69 7441.7,-4613.85z"/>
    <path id="_274" class="fil98" d="M-15385.03 35621.11c0,2543.5 -3325.67,4605.41 -7428.09,4605.41 -4102.41,0 -7428.08,-2061.91 -7428.08,-4605.41 0,-2543.5 3325.67,-4605.41 7428.08,-4605.41 4102.42,0 7428.09,2061.91 7428.09,4605.41zm40.82 0c0,-2557.48 -3343.94,-4630.72 -7468.91,-4630.72 -4124.96,0 -7468.9,2073.24 -7468.9,4630.72 0,2557.48 3343.94,4630.72 7468.9,4630.72 4124.97,0 7468.91,-2073.24 7468.91,-4630.72z"/>
    <path id="_275" class="fil99" d="M-15357.82 35621.11c0,2552.82 -3337.85,4622.28 -7455.3,4622.28 -4117.44,0 -7455.29,-2069.46 -7455.29,-4622.28 0,-2552.82 3337.85,-4622.28 7455.29,-4622.28 4117.45,0 7455.3,2069.46 7455.3,4622.28zm40.82 0c0,-2566.79 -3356.13,-4647.59 -7496.12,-4647.59 -4139.98,0 -7496.11,2080.8 -7496.11,4647.59 0,2566.79 3356.13,4647.59 7496.11,4647.59 4139.99,0 7496.12,-2080.8 7496.12,-4647.59z"/>
    <path id="_276" class="fil99" d="M-15330.61 35621.11c0,2562.13 -3350.03,4639.15 -7482.51,4639.15 -4132.47,0 -7482.5,-2077.02 -7482.5,-4639.15 0,-2562.13 3350.03,-4639.15 7482.5,-4639.15 4132.48,0 7482.51,2077.02 7482.51,4639.15zm40.82 0c0,-2576.11 -3368.31,-4664.46 -7523.33,-4664.46 -4155.01,0 -7523.32,2088.35 -7523.32,4664.46 0,2576.11 3368.31,4664.46 7523.32,4664.46 4155.02,0 7523.33,-2088.35 7523.33,-4664.46z"/>
    <path id="_277" class="fil99" d="M-15303.4 35621.11c0,2571.45 -3362.21,4656.02 -7509.72,4656.02 -4147.5,0 -7509.71,-2084.57 -7509.71,-4656.02 0,-2571.45 3362.21,-4656.02 7509.71,-4656.02 4147.51,0 7509.72,2084.57 7509.72,4656.02zm40.81 0c0,-2585.43 -3380.48,-4681.33 -7550.53,-4681.33 -4170.04,0 -7550.52,2095.9 -7550.52,4681.33 0,2585.43 3380.48,4681.33 7550.52,4681.33 4170.05,0 7550.53,-2095.9 7550.53,-4681.33z"/>
    <path id="_278" class="fil99" d="M-15276.19 35621.11c0,2580.77 -3374.4,4672.89 -7536.93,4672.89 -4162.52,0 -7536.92,-2092.12 -7536.92,-4672.89 0,-2580.77 3374.4,-4672.89 7536.92,-4672.89 4162.53,0 7536.93,2092.12 7536.93,4672.89zm40.81 0c0,-2594.74 -3392.67,-4698.2 -7577.74,-4698.2 -4185.06,0 -7577.73,2103.46 -7577.73,4698.2 0,2594.74 3392.67,4698.2 7577.73,4698.2 4185.07,0 7577.74,-2103.46 7577.74,-4698.2z"/>
    <path id="_279" class="fil100" d="M-15248.98 35621.11c0,2590.08 -3386.58,4689.76 -7564.14,4689.76 -4177.55,0 -7564.13,-2099.68 -7564.13,-4689.76 0,-2590.08 3386.58,-4689.76 7564.13,-4689.76 4177.56,0 7564.14,2099.68 7564.14,4689.76zm40.81 0c0,-2604.06 -3404.85,-4715.07 -7604.95,-4715.07 -4200.09,0 -7604.94,2111.01 -7604.94,4715.07 0,2604.06 3404.85,4715.07 7604.94,4715.07 4200.1,0 7604.95,-2111.01 7604.95,-4715.07z"/>
    <path id="_280" class="fil101" d="M-15221.77 35621.11c0,2599.4 -3398.76,4706.63 -7591.35,4706.63 -4192.58,0 -7591.34,-2107.23 -7591.34,-4706.63 0,-2599.4 3398.76,-4706.63 7591.34,-4706.63 4192.59,0 7591.35,2107.23 7591.35,4706.63zm40.81 0c0,-2613.38 -3417.03,-4731.94 -7632.16,-4731.94 -4215.12,0 -7632.15,2118.56 -7632.15,4731.94 0,2613.38 3417.03,4731.94 7632.15,4731.94 4215.13,0 7632.16,-2118.56 7632.16,-4731.94z"/>
    <path id="_281" class="fil101" d="M-15194.56 35621.11c0,2608.72 -3410.94,4723.5 -7618.56,4723.5 -4207.61,0 -7618.55,-2114.78 -7618.55,-4723.5 0,-2608.72 3410.94,-4723.5 7618.55,-4723.5 4207.62,0 7618.56,2114.78 7618.56,4723.5zm40.81 0c0,-2622.69 -3429.21,-4748.81 -7659.37,-4748.81 -4230.15,0 -7659.36,2126.12 -7659.36,4748.81 0,2622.69 3429.21,4748.81 7659.36,4748.81 4230.16,0 7659.37,-2126.12 7659.37,-4748.81z"/>
    <path id="_282" class="fil101" d="M-15167.35 35621.11c0,2618.03 -3423.13,4740.37 -7645.77,4740.37 -4222.63,0 -7645.76,-2122.34 -7645.76,-4740.37 0,-2618.03 3423.13,-4740.37 7645.76,-4740.37 4222.64,0 7645.77,2122.34 7645.77,4740.37zm40.81 0c0,-2632.01 -3441.4,-4765.68 -7686.58,-4765.68 -4245.17,0 -7686.57,2133.67 -7686.57,4765.68 0,2632.01 3441.4,4765.68 7686.57,4765.68 4245.18,0 7686.58,-2133.67 7686.58,-4765.68z"/>
    <path id="_283" class="fil101" d="M-15140.14 35621.11c0,2627.35 -3435.31,4757.24 -7672.98,4757.24 -4237.66,0 -7672.97,-2129.89 -7672.97,-4757.24 0,-2627.35 3435.31,-4757.24 7672.97,-4757.24 4237.67,0 7672.98,2129.89 7672.98,4757.24zm40.81 0c0,-2641.33 -3453.58,-4782.55 -7713.79,-4782.55 -4260.2,0 -7713.78,2141.22 -7713.78,4782.55 0,2641.33 3453.58,4782.55 7713.78,4782.55 4260.21,0 7713.79,-2141.22 7713.79,-4782.55z"/>
    <path id="_284" class="fil102" d="M-15112.94 35621.11c0,2636.67 -3447.48,4774.11 -7700.18,4774.11 -4252.69,0 -7700.17,-2137.44 -7700.17,-4774.11 0,-2636.67 3447.48,-4774.11 7700.17,-4774.11 4252.7,0 7700.18,2137.44 7700.18,4774.11zm40.82 0c0,-2650.64 -3465.76,-4799.42 -7741,-4799.42 -4275.23,0 -7740.99,2148.78 -7740.99,4799.42 0,2650.64 3465.76,4799.42 7740.99,4799.42 4275.24,0 7741,-2148.78 7741,-4799.42z"/>
    <path id="_285" class="fil103" d="M-15085.73 35621.11c0,2645.99 -3459.67,4790.98 -7727.39,4790.98 -4267.71,0 -7727.38,-2144.99 -7727.38,-4790.98 0,-2645.99 3459.67,-4790.98 7727.38,-4790.98 4267.72,0 7727.39,2144.99 7727.39,4790.98zm40.82 0c0,-2659.96 -3477.95,-4816.28 -7768.21,-4816.28 -4290.25,0 -7768.2,2156.32 -7768.2,4816.28 0,2659.96 3477.95,4816.28 7768.2,4816.28 4290.26,0 7768.21,-2156.32 7768.21,-4816.28z"/>
    <path id="_286" class="fil104" d="M-15058.52 35621.11c0,2655.3 -3471.85,4807.85 -7754.6,4807.85 -4282.74,0 -7754.59,-2152.55 -7754.59,-4807.85 0,-2655.3 3471.85,-4807.85 7754.59,-4807.85 4282.75,0 7754.6,2152.55 7754.6,4807.85zm40.82 0c0,-2669.28 -3490.13,-4833.15 -7795.42,-4833.15 -4305.28,0 -7795.41,2163.87 -7795.41,4833.15 0,2669.28 3490.13,4833.15 7795.41,4833.15 4305.29,0 7795.42,-2163.87 7795.42,-4833.15z"/>
    <path id="_287" class="fil104" d="M-15031.31 35621.11c0,2664.62 -3484.03,4824.72 -7781.81,4824.72 -4297.77,0 -7781.8,-2160.1 -7781.8,-4824.72 0,-2664.62 3484.03,-4824.72 7781.8,-4824.72 4297.78,0 7781.81,2160.1 7781.81,4824.72zm40.82 0c0,-2678.59 -3502.31,-4850.02 -7822.63,-4850.02 -4320.31,0 -7822.62,2171.43 -7822.62,4850.02 0,2678.59 3502.31,4850.02 7822.62,4850.02 4320.32,0 7822.63,-2171.43 7822.63,-4850.02z"/>
    <path id="_288" class="fil104" d="M-15004.1 35621.11c0,2673.94 -3496.21,4841.59 -7809.02,4841.59 -4312.8,0 -7809.01,-2167.65 -7809.01,-4841.59 0,-2673.94 3496.21,-4841.59 7809.01,-4841.59 4312.81,0 7809.02,2167.65 7809.02,4841.59zm40.81 0c0,-2687.91 -3514.48,-4866.89 -7849.83,-4866.89 -4335.34,0 -7849.82,2178.98 -7849.82,4866.89 0,2687.91 3514.48,4866.89 7849.82,4866.89 4335.35,0 7849.83,-2178.98 7849.83,-4866.89z"/>
    <path id="_289" class="fil105" d="M-14976.89 35621.11c0,2683.25 -3508.4,4858.46 -7836.23,4858.46 -4327.82,0 -7836.22,-2175.21 -7836.22,-4858.46 0,-2683.25 3508.4,-4858.46 7836.22,-4858.46 4327.83,0 7836.23,2175.21 7836.23,4858.46zm40.81 0c0,-2697.23 -3526.67,-4883.76 -7877.04,-4883.76 -4350.36,0 -7877.03,2186.53 -7877.03,4883.76 0,2697.23 3526.67,4883.76 7877.03,4883.76 4350.37,0 7877.04,-2186.53 7877.04,-4883.76z"/>
    <path id="_290" class="fil105" d="M-14949.68 35621.11c0,2692.57 -3520.58,4875.33 -7863.44,4875.33 -4342.85,0 -7863.43,-2182.76 -7863.43,-4875.33 0,-2692.57 3520.58,-4875.33 7863.43,-4875.33 4342.86,0 7863.44,2182.76 7863.44,4875.33zm40.81 0c0,-2706.54 -3538.85,-4900.63 -7904.25,-4900.63 -4365.39,0 -7904.24,2194.09 -7904.24,4900.63 0,2706.54 3538.85,4900.63 7904.24,4900.63 4365.4,0 7904.25,-2194.09 7904.25,-4900.63z"/>
    <path id="_291" class="fil106" d="M-14922.47 35621.11c0,2701.89 -3532.76,4892.2 -7890.65,4892.2 -4357.88,0 -7890.64,-2190.31 -7890.64,-4892.2 0,-2701.89 3532.76,-4892.2 7890.64,-4892.2 4357.89,0 7890.65,2190.31 7890.65,4892.2zm40.81 0c0,-2715.86 -3551.03,-4917.5 -7931.46,-4917.5 -4380.42,0 -7931.45,2201.64 -7931.45,4917.5 0,2715.86 3551.03,4917.5 7931.45,4917.5 4380.43,0 7931.46,-2201.64 7931.46,-4917.5z"/>
    <path id="_292" class="fil107" d="M-14895.26 35621.11c0,2711.2 -3544.95,4909.07 -7917.86,4909.07 -4372.9,0 -7917.85,-2197.87 -7917.85,-4909.07 0,-2711.2 3544.95,-4909.07 7917.85,-4909.07 4372.91,0 7917.86,2197.87 7917.86,4909.07zm40.81 0c0,-2725.18 -3563.22,-4934.37 -7958.67,-4934.37 -4395.44,0 -7958.66,2209.19 -7958.66,4934.37 0,2725.18 3563.22,4934.37 7958.66,4934.37 4395.45,0 7958.67,-2209.19 7958.67,-4934.37z"/>
    <path id="_293" class="fil107" d="M-14868.05 35621.11c0,2720.52 -3557.13,4925.94 -7945.07,4925.94 -4387.93,0 -7945.06,-2205.42 -7945.06,-4925.94 0,-2720.52 3557.13,-4925.94 7945.06,-4925.94 4387.94,0 7945.07,2205.42 7945.07,4925.94zm40.81 0c0,-2734.5 -3575.4,-4951.24 -7985.88,-4951.24 -4410.47,0 -7985.87,2216.74 -7985.87,4951.24 0,2734.5 3575.4,4951.24 7985.87,4951.24 4410.48,0 7985.88,-2216.74 7985.88,-4951.24z"/>
    <path id="_294" class="fil108" d="M-14840.84 35621.11c0,2729.84 -3569.31,4942.81 -7972.28,4942.81 -4402.96,0 -7972.27,-2212.97 -7972.27,-4942.81 0,-2729.84 3569.31,-4942.81 7972.27,-4942.81 4402.97,0 7972.28,2212.97 7972.28,4942.81zm40.81 0c0,-2743.81 -3587.58,-4968.11 -8013.09,-4968.11 -4425.5,0 -8013.08,2224.3 -8013.08,4968.11 0,2743.81 3587.58,4968.11 8013.08,4968.11 4425.51,0 8013.09,-2224.3 8013.09,-4968.11z"/>
    <path id="_295" class="fil108" d="M-14813.64 35621.11c0,2739.15 -3581.48,4959.68 -7999.48,4959.68 -4417.99,0 -7999.47,-2220.53 -7999.47,-4959.68 0,-2739.15 3581.48,-4959.68 7999.47,-4959.68 4418,0 7999.48,2220.53 7999.48,4959.68zm40.82 0c0,-2753.13 -3599.76,-4984.98 -8040.3,-4984.98 -4440.53,0 -8040.29,2231.85 -8040.29,4984.98 0,2753.13 3599.76,4984.98 8040.29,4984.98 4440.54,0 8040.3,-2231.85 8040.3,-4984.98z"/>
    <path id="_296" class="fil109" d="M-14786.43 35621.11c0,2748.47 -3593.67,4976.55 -8026.69,4976.55 -4433.01,0 -8026.68,-2228.08 -8026.68,-4976.55 0,-2748.47 3593.67,-4976.55 8026.68,-4976.55 4433.02,0 8026.69,2228.08 8026.69,4976.55zm40.82 0c0,-2762.45 -3611.95,-5001.85 -8067.51,-5001.85 -4455.55,0 -8067.5,2239.4 -8067.5,5001.85 0,2762.45 3611.95,5001.85 8067.5,5001.85 4455.56,0 8067.51,-2239.4 8067.51,-5001.85z"/>
    <path id="_297" class="fil109" d="M-14759.22 35621.11c0,2757.79 -3605.85,4993.42 -8053.9,4993.42 -4448.04,0 -8053.89,-2235.63 -8053.89,-4993.42 0,-2757.79 3605.85,-4993.42 8053.89,-4993.42 4448.05,0 8053.9,2235.63 8053.9,4993.42zm40.82 0c0,-2771.76 -3624.13,-5018.72 -8094.72,-5018.72 -4470.58,0 -8094.71,2246.96 -8094.71,5018.72 0,2771.76 3624.13,5018.72 8094.71,5018.72 4470.59,0 8094.72,-2246.96 8094.72,-5018.72z"/>
    <path id="_298" class="fil110" d="M-14732.01 35621.11c0,2767.1 -3618.03,5010.29 -8081.11,5010.29 -4463.07,0 -8081.1,-2243.19 -8081.1,-5010.29 0,-2767.1 3618.03,-5010.29 8081.1,-5010.29 4463.08,0 8081.11,2243.19 8081.11,5010.29zm40.82 0c0,-2781.08 -3636.31,-5035.59 -8121.93,-5035.59 -4485.61,0 -8121.92,2254.51 -8121.92,5035.59 0,2781.08 3636.31,5035.59 8121.92,5035.59 4485.62,0 8121.93,-2254.51 8121.93,-5035.59z"/>
    <path id="_299" class="fil111" d="M-14704.8 35621.11c0,2776.42 -3630.22,5027.16 -8108.32,5027.16 -4478.09,0 -8108.31,-2250.74 -8108.31,-5027.16 0,-2776.42 3630.22,-5027.16 8108.31,-5027.16 4478.1,0 8108.32,2250.74 8108.32,5027.16zm40.81 0c0,-2790.4 -3648.48,-5052.46 -8149.13,-5052.46 -4500.64,0 -8149.12,2262.06 -8149.12,5052.46 0,2790.4 3648.48,5052.46 8149.12,5052.46 4500.65,0 8149.13,-2262.06 8149.13,-5052.46z"/>
    <path id="_300" class="fil111" d="M-14677.59 35621.11c0,2785.74 -3642.4,5044.03 -8135.53,5044.03 -4493.12,0 -8135.52,-2258.29 -8135.52,-5044.03 0,-2785.74 3642.4,-5044.03 8135.52,-5044.03 4493.13,0 8135.53,2258.29 8135.53,5044.03zm40.81 0c0,-2799.71 -3660.67,-5069.33 -8176.34,-5069.33 -4515.66,0 -8176.33,2269.62 -8176.33,5069.33 0,2799.71 3660.67,5069.33 8176.33,5069.33 4515.67,0 8176.34,-2269.62 8176.34,-5069.33z"/>
    <path id="_301" class="fil112" d="M-14650.38 35621.11c0,2795.06 -3654.58,5060.89 -8162.74,5060.89 -4508.15,0 -8162.73,-2265.83 -8162.73,-5060.89 0,-2795.06 3654.58,-5060.89 8162.73,-5060.89 4508.16,0 8162.74,2265.83 8162.74,5060.89zm40.81 0c0,-2809.03 -3672.85,-5086.2 -8203.55,-5086.2 -4530.69,0 -8203.54,2277.17 -8203.54,5086.2 0,2809.03 3672.85,5086.2 8203.54,5086.2 4530.7,0 8203.55,-2277.17 8203.55,-5086.2z"/>
    <path id="_302" class="fil112" d="M-14623.17 35621.11c0,2804.37 -3666.76,5077.76 -8189.95,5077.76 -4523.18,0 -8189.94,-2273.39 -8189.94,-5077.76 0,-2804.37 3666.76,-5077.76 8189.94,-5077.76 4523.19,0 8189.95,2273.39 8189.95,5077.76zm40.81 0c0,-2818.35 -3685.03,-5103.07 -8230.76,-5103.07 -4545.72,0 -8230.75,2284.72 -8230.75,5103.07 0,2818.35 3685.03,5103.07 8230.75,5103.07 4545.73,0 8230.76,-2284.72 8230.76,-5103.07z"/>
    <path id="_303" class="fil112" d="M-14595.96 35621.11c0,2813.69 -3678.95,5094.63 -8217.16,5094.63 -4538.2,0 -8217.15,-2280.94 -8217.15,-5094.63 0,-2813.69 3678.95,-5094.63 8217.15,-5094.63 4538.21,0 8217.16,2280.94 8217.16,5094.63zm40.81 0c0,-2827.66 -3697.22,-5119.94 -8257.97,-5119.94 -4560.74,0 -8257.96,2292.28 -8257.96,5119.94 0,2827.66 3697.22,5119.94 8257.96,5119.94 4560.75,0 8257.97,-2292.28 8257.97,-5119.94z"/>
    <path id="_304" class="fil113" d="M-14568.75 35621.11c0,2823.01 -3691.13,5111.5 -8244.37,5111.5 -4553.23,0 -8244.36,-2288.49 -8244.36,-5111.5 0,-2823.01 3691.13,-5111.5 8244.36,-5111.5 4553.24,0 8244.37,2288.49 8244.37,5111.5zm40.81 0c0,-2836.98 -3709.4,-5136.81 -8285.18,-5136.81 -4575.77,0 -8285.17,2299.83 -8285.17,5136.81 0,2836.98 3709.4,5136.81 8285.17,5136.81 4575.78,0 8285.18,-2299.83 8285.18,-5136.81z"/>
    <path id="_305" class="fil114" d="M-14541.54 35621.11c0,2832.32 -3703.31,5128.37 -8271.58,5128.37 -4568.26,0 -8271.57,-2296.05 -8271.57,-5128.37 0,-2832.32 3703.31,-5128.37 8271.57,-5128.37 4568.27,0 8271.58,2296.05 8271.58,5128.37zm40.81 0c0,-2846.3 -3721.58,-5153.68 -8312.39,-5153.68 -4590.8,0 -8312.38,2307.38 -8312.38,5153.68 0,2846.3 3721.58,5153.68 8312.38,5153.68 4590.81,0 8312.39,-2307.38 8312.39,-5153.68z"/>
    <path id="_306" class="fil115" d="M-14514.34 35621.11c0,2841.64 -3715.49,5145.24 -8298.78,5145.24 -4583.28,0 -8298.77,-2303.6 -8298.77,-5145.24 0,-2841.64 3715.49,-5145.24 8298.77,-5145.24 4583.29,0 8298.78,2303.6 8298.78,5145.24zm40.82 0c0,-2855.61 -3733.76,-5170.55 -8339.6,-5170.55 -4605.83,0 -8339.59,2314.94 -8339.59,5170.55 0,2855.61 3733.76,5170.55 8339.59,5170.55 4605.84,0 8339.6,-2314.94 8339.6,-5170.55z"/>
    <path id="_307" class="fil115" d="M-14487.13 35621.11c0,2850.96 -3727.67,5162.11 -8325.99,5162.11 -4598.31,0 -8325.98,-2311.15 -8325.98,-5162.11 0,-2850.96 3727.67,-5162.11 8325.98,-5162.11 4598.32,0 8325.99,2311.15 8325.99,5162.11zm40.82 0c0,-2864.93 -3745.95,-5187.42 -8366.81,-5187.42 -4620.85,0 -8366.8,2322.49 -8366.8,5187.42 0,2864.93 3745.95,5187.42 8366.8,5187.42 4620.86,0 8366.81,-2322.49 8366.81,-5187.42z"/>
    <path id="_308" class="fil115" d="M-14459.92 35621.11c0,2860.27 -3739.85,5178.98 -8353.2,5178.98 -4613.34,0 -8353.19,-2318.71 -8353.19,-5178.98 0,-2860.27 3739.85,-5178.98 8353.19,-5178.98 4613.35,0 8353.2,2318.71 8353.2,5178.98zm40.82 0c0,-2874.25 -3758.13,-5204.29 -8394.02,-5204.29 -4635.88,0 -8394.01,2330.04 -8394.01,5204.29 0,2874.25 3758.13,5204.29 8394.01,5204.29 4635.89,0 8394.02,-2330.04 8394.02,-5204.29z"/>
    <path id="_309" class="fil116" d="M-14432.71 35621.11c0,2869.59 -3752.03,5195.85 -8380.41,5195.85 -4628.37,0 -8380.4,-2326.26 -8380.4,-5195.85 0,-2869.59 3752.03,-5195.85 8380.4,-5195.85 4628.38,0 8380.41,2326.26 8380.41,5195.85zm40.82 0c0,-2883.57 -3770.31,-5221.16 -8421.23,-5221.16 -4650.91,0 -8421.22,2337.59 -8421.22,5221.16 0,2883.57 3770.31,5221.16 8421.22,5221.16 4650.92,0 8421.23,-2337.59 8421.23,-5221.16z"/>
    <path id="_310" class="fil116" d="M-14405.5 35621.11c0,2878.91 -3764.22,5212.72 -8407.62,5212.72 -4643.39,0 -8407.61,-2333.81 -8407.61,-5212.72 0,-2878.91 3764.22,-5212.72 8407.61,-5212.72 4643.4,0 8407.62,2333.81 8407.62,5212.72zm40.81 0c0,-2892.88 -3782.49,-5238.03 -8448.43,-5238.03 -4665.93,0 -8448.42,2345.15 -8448.42,5238.03 0,2892.88 3782.49,5238.03 8448.42,5238.03 4665.94,0 8448.43,-2345.15 8448.43,-5238.03z"/>
    <path id="_311" class="fil117" d="M-14378.29 35621.11c0,2888.22 -3776.4,5229.59 -8434.83,5229.59 -4658.42,0 -8434.82,-2341.37 -8434.82,-5229.59 0,-2888.22 3776.4,-5229.59 8434.82,-5229.59 4658.43,0 8434.83,2341.37 8434.83,5229.59zm40.81 0c0,-2902.2 -3794.67,-5254.9 -8475.64,-5254.9 -4680.96,0 -8475.63,2352.7 -8475.63,5254.9 0,2902.2 3794.67,5254.9 8475.63,5254.9 4680.97,0 8475.64,-2352.7 8475.64,-5254.9z"/>
    <path id="_312" class="fil118" d="M-14351.08 35621.11c0,2897.54 -3788.58,5246.46 -8462.04,5246.46 -4673.45,0 -8462.03,-2348.92 -8462.03,-5246.46 0,-2897.54 3788.58,-5246.46 8462.03,-5246.46 4673.46,0 8462.04,2348.92 8462.04,5246.46zm40.81 0c0,-2911.52 -3806.85,-5271.77 -8502.85,-5271.77 -4695.99,0 -8502.84,2360.25 -8502.84,5271.77 0,2911.52 3806.85,5271.77 8502.84,5271.77 4696,0 8502.85,-2360.25 8502.85,-5271.77z"/>
    <path id="_313" class="fil118" d="M-14323.87 35621.11c0,2906.86 -3800.77,5263.33 -8489.25,5263.33 -4688.47,0 -8489.24,-2356.47 -8489.24,-5263.33 0,-2906.86 3800.77,-5263.33 8489.24,-5263.33 4688.48,0 8489.25,2356.47 8489.25,5263.33zm40.81 0c0,-2920.83 -3819.03,-5288.64 -8530.06,-5288.64 -4711.02,0 -8530.05,2367.81 -8530.05,5288.64 0,2920.83 3819.03,5288.64 8530.05,5288.64 4711.03,0 8530.06,-2367.81 8530.06,-5288.64z"/>
    <path id="_314" class="fil119" d="M-14296.66 35621.11c0,2916.17 -3812.95,5280.2 -8516.46,5280.2 -4703.5,0 -8516.45,-2364.03 -8516.45,-5280.2 0,-2916.17 3812.95,-5280.2 8516.45,-5280.2 4703.51,0 8516.46,2364.03 8516.46,5280.2zm40.81 0c0,-2930.15 -3831.22,-5305.5 -8557.27,-5305.5 -4726.04,0 -8557.26,2375.35 -8557.26,5305.5 0,2930.15 3831.22,5305.5 8557.26,5305.5 4726.05,0 8557.27,-2375.35 8557.27,-5305.5z"/>
    <path id="_315" class="fil119" d="M-14269.45 35621.11c0,2925.49 -3825.13,5297.07 -8543.67,5297.07 -4718.53,0 -8543.66,-2371.58 -8543.66,-5297.07 0,-2925.49 3825.13,-5297.07 8543.66,-5297.07 4718.54,0 8543.67,2371.58 8543.67,5297.07zm40.81 0c0,-2939.47 -3843.4,-5322.37 -8584.48,-5322.37 -4741.07,0 -8584.47,2382.9 -8584.47,5322.37 0,2939.47 3843.4,5322.37 8584.47,5322.37 4741.08,0 8584.48,-2382.9 8584.48,-5322.37z"/>
    <path id="_316" class="fil119" d="M-14242.24 35621.11c0,2934.81 -3837.31,5313.94 -8570.88,5313.94 -4733.56,0 -8570.87,-2379.13 -8570.87,-5313.94 0,-2934.81 3837.31,-5313.94 8570.87,-5313.94 4733.57,0 8570.88,2379.13 8570.88,5313.94zm40.81 0c0,-2948.78 -3855.58,-5339.24 -8611.69,-5339.24 -4756.1,0 -8611.68,2390.46 -8611.68,5339.24 0,2948.78 3855.58,5339.24 8611.68,5339.24 4756.11,0 8611.69,-2390.46 8611.69,-5339.24z"/>
    <path id="_317" class="fil120" d="M-14215.03 35621.11c0,2944.12 -3849.5,5330.81 -8598.09,5330.81 -4748.58,0 -8598.08,-2386.69 -8598.08,-5330.81 0,-2944.12 3849.5,-5330.81 8598.08,-5330.81 4748.59,0 8598.09,2386.69 8598.09,5330.81zm40.81 0c0,-2958.1 -3867.77,-5356.11 -8638.9,-5356.11 -4771.12,0 -8638.89,2398.01 -8638.89,5356.11 0,2958.1 3867.77,5356.11 8638.89,5356.11 4771.13,0 8638.9,-2398.01 8638.9,-5356.11z"/>
    <path id="_318" class="fil121" d="M-14187.83 35621.11c0,2953.44 -3861.67,5347.68 -8625.29,5347.68 -4763.61,0 -8625.28,-2394.24 -8625.28,-5347.68 0,-2953.44 3861.67,-5347.68 8625.28,-5347.68 4763.62,0 8625.29,2394.24 8625.29,5347.68zm40.82 0c0,-2967.42 -3879.95,-5372.98 -8666.11,-5372.98 -4786.15,0 -8666.1,2405.56 -8666.1,5372.98 0,2967.42 3879.95,5372.98 8666.1,5372.98 4786.16,0 8666.11,-2405.56 8666.11,-5372.98z"/>
    <path id="_319" class="fil122" d="M-14160.62 35621.11c0,2962.76 -3873.85,5364.55 -8652.5,5364.55 -4778.64,0 -8652.49,-2401.79 -8652.49,-5364.55 0,-2962.76 3873.85,-5364.55 8652.49,-5364.55 4778.65,0 8652.5,2401.79 8652.5,5364.55zm40.82 0c0,-2976.73 -3892.13,-5389.85 -8693.32,-5389.85 -4801.18,0 -8693.31,2413.12 -8693.31,5389.85 0,2976.73 3892.13,5389.85 8693.31,5389.85 4801.19,0 8693.32,-2413.12 8693.32,-5389.85z"/>
    <path id="_320" class="fil122" d="M-14133.41 35621.11c0,2972.08 -3886.03,5381.42 -8679.71,5381.42 -4793.67,0 -8679.7,-2409.34 -8679.7,-5381.42 0,-2972.08 3886.03,-5381.42 8679.7,-5381.42 4793.68,0 8679.71,2409.34 8679.71,5381.42zm40.82 0c0,-2986.05 -3904.31,-5406.72 -8720.53,-5406.72 -4816.21,0 -8720.52,2420.67 -8720.52,5406.72 0,2986.05 3904.31,5406.72 8720.52,5406.72 4816.22,0 8720.53,-2420.67 8720.53,-5406.72z"/>
    <path id="_321" class="fil122" d="M-14106.2 35621.11c0,2981.39 -3898.22,5398.29 -8706.92,5398.29 -4808.69,0 -8706.91,-2416.9 -8706.91,-5398.29 0,-2981.39 3898.22,-5398.29 8706.91,-5398.29 4808.7,0 8706.92,2416.9 8706.92,5398.29zm40.82 0c0,-2995.37 -3916.5,-5423.59 -8747.74,-5423.59 -4831.23,0 -8747.73,2428.22 -8747.73,5423.59 0,2995.37 3916.5,5423.59 8747.73,5423.59 4831.24,0 8747.74,-2428.22 8747.74,-5423.59z"/>
    <path id="_322" class="fil123" d="M-14078.99 35621.11c0,2990.71 -3910.4,5415.16 -8734.13,5415.16 -4823.72,0 -8734.12,-2424.45 -8734.12,-5415.16 0,-2990.71 3910.4,-5415.16 8734.12,-5415.16 4823.73,0 8734.13,2424.45 8734.13,5415.16zm40.81 0c0,-3004.68 -3928.67,-5440.46 -8774.94,-5440.46 -4846.26,0 -8774.93,2435.78 -8774.93,5440.46 0,3004.68 3928.67,5440.46 8774.93,5440.46 4846.27,0 8774.94,-2435.78 8774.94,-5440.46z"/>
    <path id="_323" class="fil123" d="M-14051.78 35621.11c0,3000.03 -3922.58,5432.03 -8761.34,5432.03 -4838.75,0 -8761.33,-2432 -8761.33,-5432.03 0,-3000.03 3922.58,-5432.03 8761.33,-5432.03 4838.76,0 8761.34,2432 8761.34,5432.03zm40.81 0c0,-3014 -3940.85,-5457.33 -8802.15,-5457.33 -4861.29,0 -8802.14,2443.33 -8802.14,5457.33 0,3014 3940.85,5457.33 8802.14,5457.33 4861.3,0 8802.15,-2443.33 8802.15,-5457.33z"/>
    <path id="_324" class="fil124" d="M-14024.57 35621.11c0,3009.34 -3934.77,5448.9 -8788.55,5448.9 -4853.77,0 -8788.54,-2439.56 -8788.54,-5448.9 0,-3009.34 3934.77,-5448.9 8788.54,-5448.9 4853.78,0 8788.55,2439.56 8788.55,5448.9zm40.81 0c0,-3023.32 -3953.04,-5474.2 -8829.36,-5474.2 -4876.31,0 -8829.35,2450.88 -8829.35,5474.2 0,3023.32 3953.04,5474.2 8829.35,5474.2 4876.32,0 8829.36,-2450.88 8829.36,-5474.2z"/>
    <path id="_325" class="fil124" d="M-13997.36 35621.11c0,3018.66 -3946.95,5465.77 -8815.76,5465.77 -4868.8,0 -8815.75,-2447.11 -8815.75,-5465.77 0,-3018.66 3946.95,-5465.77 8815.75,-5465.77 4868.81,0 8815.76,2447.11 8815.76,5465.77zm40.81 0c0,-3032.63 -3965.22,-5491.07 -8856.57,-5491.07 -4891.34,0 -8856.56,2458.44 -8856.56,5491.07 0,3032.63 3965.22,5491.07 8856.56,5491.07 4891.35,0 8856.57,-2458.44 8856.57,-5491.07z"/>
    <path id="_326" class="fil124" d="M-13970.15 35621.11c0,3027.98 -3959.13,5482.64 -8842.97,5482.64 -4883.83,0 -8842.96,-2454.66 -8842.96,-5482.64 0,-3027.98 3959.13,-5482.64 8842.96,-5482.64 4883.84,0 8842.97,2454.66 8842.97,5482.64zm40.81 0c0,-3041.95 -3977.4,-5507.94 -8883.78,-5507.94 -4906.37,0 -8883.77,2465.99 -8883.77,5507.94 0,3041.95 3977.4,5507.94 8883.77,5507.94 4906.38,0 8883.78,-2465.99 8883.78,-5507.94z"/>
    <path id="_327" class="fil124" d="M-13942.94 35621.11c0,3037.29 -3971.31,5499.51 -8870.18,5499.51 -4898.86,0 -8870.17,-2462.22 -8870.17,-5499.51 0,-3037.29 3971.31,-5499.51 8870.17,-5499.51 4898.87,0 8870.18,2462.22 8870.18,5499.51zm40.81 0c0,-3051.27 -3989.58,-5524.81 -8910.99,-5524.81 -4921.4,0 -8910.98,2473.54 -8910.98,5524.81 0,3051.27 3989.58,5524.81 8910.98,5524.81 4921.41,0 8910.99,-2473.54 8910.99,-5524.81z"/>
    <path id="_328" class="fil125" d="M-13915.73 35621.11c0,3046.61 -3983.5,5516.38 -8897.39,5516.38 -4913.88,0 -8897.38,-2469.77 -8897.38,-5516.38 0,-3046.61 3983.5,-5516.38 8897.38,-5516.38 4913.89,0 8897.39,2469.77 8897.39,5516.38zm40.81 0c0,-3060.59 -4001.77,-5541.68 -8938.2,-5541.68 -4936.42,0 -8938.19,2481.09 -8938.19,5541.68 0,3060.59 4001.77,5541.68 8938.19,5541.68 4936.43,0 8938.2,-2481.09 8938.2,-5541.68z"/>
    <path id="_329" class="fil126" d="M-13888.53 35621.11c0,3055.93 -3995.67,5533.25 -8924.59,5533.25 -4928.91,0 -8924.58,-2477.32 -8924.58,-5533.25 0,-3055.93 3995.67,-5533.25 8924.58,-5533.25 4928.92,0 8924.59,2477.32 8924.59,5533.25zm40.82 0c0,-3069.9 -4013.95,-5558.55 -8965.41,-5558.55 -4951.45,0 -8965.4,2488.65 -8965.4,5558.55 0,3069.9 4013.95,5558.55 8965.4,5558.55 4951.46,0 8965.41,-2488.65 8965.41,-5558.55z"/>
    <path id="_330" class="fil126" d="M-13861.32 35621.11c0,3065.24 -4007.85,5550.11 -8951.8,5550.11 -4943.94,0 -8951.79,-2484.87 -8951.79,-5550.11 0,-3065.24 4007.85,-5550.11 8951.79,-5550.11 4943.95,0 8951.8,2484.87 8951.8,5550.11zm40.82 0c0,-3079.22 -4026.13,-5575.42 -8992.62,-5575.42 -4966.48,0 -8992.61,2496.2 -8992.61,5575.42 0,3079.22 4026.13,5575.42 8992.61,5575.42 4966.49,0 8992.62,-2496.2 8992.62,-5575.42z"/>
    <path id="_331" class="fil127" d="M-13834.11 35621.11c0,3074.56 -4020.04,5566.98 -8979.01,5566.98 -4958.96,0 -8979,-2492.42 -8979,-5566.98 0,-3074.56 4020.04,-5566.98 8979,-5566.98 4958.97,0 8979.01,2492.42 8979.01,5566.98zm40.82 0c0,-3088.54 -4038.32,-5592.29 -9019.83,-5592.29 -4981.5,0 -9019.82,2503.75 -9019.82,5592.29 0,3088.54 4038.32,5592.29 9019.82,5592.29 4981.51,0 9019.83,-2503.75 9019.83,-5592.29z"/>
    <path id="_332" class="fil127" d="M-13806.9 35621.11c0,3083.88 -4032.22,5583.85 -9006.22,5583.85 -4973.99,0 -9006.21,-2499.97 -9006.21,-5583.85 0,-3083.88 4032.22,-5583.85 9006.21,-5583.85 4974,0 9006.22,2499.97 9006.22,5583.85zm40.82 0c0,-3097.85 -4050.5,-5609.16 -9047.04,-5609.16 -4996.53,0 -9047.03,2511.31 -9047.03,5609.16 0,3097.85 4050.5,5609.16 9047.03,5609.16 4996.54,0 9047.04,-2511.31 9047.04,-5609.16z"/>
    <path id="_333" class="fil128" d="M-13779.69 35621.11c0,3093.19 -4044.4,5600.72 -9033.43,5600.72 -4989.02,0 -9033.42,-2507.53 -9033.42,-5600.72 0,-3093.19 4044.4,-5600.72 9033.42,-5600.72 4989.03,0 9033.43,2507.53 9033.43,5600.72zm40.81 0c0,-3107.17 -4062.67,-5626.03 -9074.24,-5626.03 -5011.56,0 -9074.23,2518.86 -9074.23,5626.03 0,3107.17 4062.67,5626.03 9074.23,5626.03 5011.57,0 9074.24,-2518.86 9074.24,-5626.03z"/>
    <path id="_334" class="fil129" d="M-13752.48 35621.11c0,3102.51 -4056.58,5617.59 -9060.64,5617.59 -5004.05,0 -9060.63,-2515.08 -9060.63,-5617.59 0,-3102.51 4056.58,-5617.59 9060.63,-5617.59 5004.06,0 9060.64,2515.08 9060.64,5617.59zm40.81 0c0,-3116.49 -4074.85,-5642.9 -9101.45,-5642.9 -5026.59,0 -9101.44,2526.41 -9101.44,5642.9 0,3116.49 4074.85,5642.9 9101.44,5642.9 5026.6,0 9101.45,-2526.41 9101.45,-5642.9z"/>
    <path id="_335" class="fil129" d="M-13725.27 35621.11c0,3111.83 -4068.77,5634.46 -9087.85,5634.46 -5019.07,0 -9087.84,-2522.63 -9087.84,-5634.46 0,-3111.83 4068.77,-5634.46 9087.84,-5634.46 5019.08,0 9087.85,2522.63 9087.85,5634.46zm40.81 0c0,-3125.8 -4087.04,-5659.77 -9128.66,-5659.77 -5041.61,0 -9128.65,2533.97 -9128.65,5659.77 0,3125.8 4087.04,5659.77 9128.65,5659.77 5041.62,0 9128.66,-2533.97 9128.66,-5659.77z"/>
    <path id="_336" class="fil129" d="M-13698.06 35621.11c0,3121.14 -4080.95,5651.33 -9115.06,5651.33 -5034.1,0 -9115.05,-2530.19 -9115.05,-5651.33 0,-3121.14 4080.95,-5651.33 9115.05,-5651.33 5034.11,0 9115.06,2530.19 9115.06,5651.33zm40.81 0c0,-3135.12 -4099.22,-5676.64 -9155.87,-5676.64 -5056.64,0 -9155.86,2541.52 -9155.86,5676.64 0,3135.12 4099.22,5676.64 9155.86,5676.64 5056.65,0 9155.87,-2541.52 9155.87,-5676.64z"/>
    <path id="_337" class="fil129" d="M-13670.85 35621.11c0,3130.46 -4093.13,5668.2 -9142.27,5668.2 -5049.13,0 -9142.26,-2537.74 -9142.26,-5668.2 0,-3130.46 4093.13,-5668.2 9142.26,-5668.2 5049.14,0 9142.27,2537.74 9142.27,5668.2zm40.81 0c0,-3144.44 -4111.4,-5693.51 -9183.08,-5693.51 -5071.67,0 -9183.07,2549.07 -9183.07,5693.51 0,3144.44 4111.4,5693.51 9183.07,5693.51 5071.68,0 9183.08,-2549.07 9183.08,-5693.51z"/>
    <path id="_338" class="fil130" d="M-13643.64 35621.11c0,3139.78 -4105.32,5685.07 -9169.48,5685.07 -5064.15,0 -9169.47,-2545.29 -9169.47,-5685.07 0,-3139.78 4105.32,-5685.07 9169.47,-5685.07 5064.16,0 9169.48,2545.29 9169.48,5685.07zm40.81 0c0,-3153.75 -4123.58,-5710.38 -9210.29,-5710.38 -5086.7,0 -9210.28,2556.63 -9210.28,5710.38 0,3153.75 4123.58,5710.38 9210.28,5710.38 5086.71,0 9210.29,-2556.63 9210.29,-5710.38z"/>
    <path id="_339" class="fil131" d="M-13616.43 35621.11c0,3149.1 -4117.5,5701.94 -9196.69,5701.94 -5079.18,0 -9196.68,-2552.84 -9196.68,-5701.94 0,-3149.1 4117.5,-5701.94 9196.68,-5701.94 5079.19,0 9196.69,2552.84 9196.69,5701.94zm40.81 0c0,-3163.07 -4135.77,-5727.25 -9237.5,-5727.25 -5101.72,0 -9237.49,2564.18 -9237.49,5727.25 0,3163.07 4135.77,5727.25 9237.49,5727.25 5101.73,0 9237.5,-2564.18 9237.5,-5727.25z"/>
    <path id="_340" class="fil131" d="M-13589.23 35621.11c0,3158.41 -4129.67,5718.81 -9223.89,5718.81 -5094.21,0 -9223.88,-2560.4 -9223.88,-5718.81 0,-3158.41 4129.67,-5718.81 9223.88,-5718.81 5094.22,0 9223.89,2560.4 9223.89,5718.81zm40.82 0c0,-3172.39 -4147.95,-5744.12 -9264.71,-5744.12 -5116.75,0 -9264.7,2571.73 -9264.7,5744.12 0,3172.39 4147.95,5744.12 9264.7,5744.12 5116.76,0 9264.71,-2571.73 9264.71,-5744.12z"/>
    <path id="_341" class="fil131" d="M-13562.02 35621.11c0,3167.73 -4141.85,5735.68 -9251.1,5735.68 -5109.24,0 -9251.09,-2567.95 -9251.09,-5735.68 0,-3167.73 4141.85,-5735.68 9251.09,-5735.68 5109.25,0 9251.1,2567.95 9251.1,5735.68zm40.82 0c0,-3181.7 -4160.13,-5760.99 -9291.92,-5760.99 -5131.78,0 -9291.91,2579.29 -9291.91,5760.99 0,3181.7 4160.13,5760.99 9291.91,5760.99 5131.79,0 9291.92,-2579.29 9291.92,-5760.99z"/>
    <path id="_342" class="fil131" d="M-13534.81 35621.11c0,3177.05 -4154.04,5752.55 -9278.31,5752.55 -5124.26,0 -9278.3,-2575.5 -9278.3,-5752.55 0,-3177.05 4154.04,-5752.55 9278.3,-5752.55 5124.27,0 9278.31,2575.5 9278.31,5752.55zm40.82 0c0,-3191.02 -4172.32,-5777.86 -9319.13,-5777.86 -5146.8,0 -9319.12,2586.84 -9319.12,5777.86 0,3191.02 4172.32,5777.86 9319.12,5777.86 5146.81,0 9319.13,-2586.84 9319.13,-5777.86z"/>
    <path id="_343" class="fil131" d="M-13507.6 35621.11c0,3186.36 -4166.22,5769.42 -9305.52,5769.42 -5139.29,0 -9305.51,-2583.06 -9305.51,-5769.42 0,-3186.36 4166.22,-5769.42 9305.51,-5769.42 5139.3,0 9305.52,2583.06 9305.52,5769.42zm40.82 0c0,-3200.34 -4184.5,-5794.72 -9346.34,-5794.72 -5161.83,0 -9346.33,2594.38 -9346.33,5794.72 0,3200.34 4184.5,5794.72 9346.33,5794.72 5161.84,0 9346.34,-2594.38 9346.34,-5794.72z"/>
    <path id="_344" class="fil132" d="M-13480.39 35621.11c0,3195.68 -4178.4,5786.29 -9332.73,5786.29 -5154.32,0 -9332.72,-2590.61 -9332.72,-5786.29 0,-3195.68 4178.4,-5786.29 9332.72,-5786.29 5154.33,0 9332.73,2590.61 9332.73,5786.29zm40.81 0c0,-3209.65 -4196.67,-5811.59 -9373.54,-5811.59 -5176.86,0 -9373.53,2601.94 -9373.53,5811.59 0,3209.65 4196.67,5811.59 9373.53,5811.59 5176.87,0 9373.54,-2601.94 9373.54,-5811.59z"/>
    <path id="_345" class="fil132" d="M-13453.18 35621.11c0,3205 -4190.59,5803.16 -9359.94,5803.16 -5169.34,0 -9359.93,-2598.16 -9359.93,-5803.16 0,-3205 4190.59,-5803.16 9359.93,-5803.16 5169.35,0 9359.94,2598.16 9359.94,5803.16zm40.81 0c0,-3218.97 -4208.85,-5828.46 -9400.75,-5828.46 -5191.89,0 -9400.74,2609.49 -9400.74,5828.46 0,3218.97 4208.85,5828.46 9400.74,5828.46 5191.9,0 9400.75,-2609.49 9400.75,-5828.46z"/>
    <path id="_346" class="fil132" d="M-13425.97 35621.11c0,3214.31 -4202.77,5820.03 -9387.15,5820.03 -5184.37,0 -9387.14,-2605.72 -9387.14,-5820.03 0,-3214.31 4202.77,-5820.03 9387.14,-5820.03 5184.38,0 9387.15,2605.72 9387.15,5820.03zm40.81 0c0,-3228.29 -4221.04,-5845.33 -9427.96,-5845.33 -5206.91,0 -9427.95,2617.04 -9427.95,5845.33 0,3228.29 4221.04,5845.33 9427.95,5845.33 5206.92,0 9427.96,-2617.04 9427.96,-5845.33z"/>
    <path id="_347" class="fil132" d="M-13398.76 35621.11c0,3223.63 -4214.95,5836.9 -9414.36,5836.9 -5199.4,0 -9414.35,-2613.27 -9414.35,-5836.9 0,-3223.63 4214.95,-5836.9 9414.35,-5836.9 5199.41,0 9414.36,2613.27 9414.36,5836.9zm40.81 0c0,-3237.61 -4233.22,-5862.2 -9455.17,-5862.2 -5221.94,0 -9455.16,2624.59 -9455.16,5862.2 0,3237.61 4233.22,5862.2 9455.16,5862.2 5221.95,0 9455.17,-2624.59 9455.17,-5862.2z"/>
    <path id="_348" class="fil132" d="M-13371.55 35621.11c0,3232.95 -4227.13,5853.77 -9441.57,5853.77 -5214.43,0 -9441.56,-2620.82 -9441.56,-5853.77 0,-3232.95 4227.13,-5853.77 9441.56,-5853.77 5214.44,0 9441.57,2620.82 9441.57,5853.77zm40.81 0c0,-3246.92 -4245.4,-5879.07 -9482.38,-5879.07 -5236.97,0 -9482.37,2632.15 -9482.37,5879.07 0,3246.92 4245.4,5879.07 9482.37,5879.07 5236.98,0 9482.38,-2632.15 9482.38,-5879.07z"/>
    <path id="_349" class="fil133" d="M-13344.34 35621.11c0,3242.26 -4239.32,5870.64 -9468.78,5870.64 -5229.45,0 -9468.77,-2628.38 -9468.77,-5870.64 0,-3242.26 4239.32,-5870.64 9468.77,-5870.64 5229.46,0 9468.78,2628.38 9468.78,5870.64zm40.81 0c0,-3256.24 -4257.59,-5895.94 -9509.59,-5895.94 -5251.99,0 -9509.58,2639.7 -9509.58,5895.94 0,3256.24 4257.59,5895.94 9509.58,5895.94 5252,0 9509.59,-2639.7 9509.59,-5895.94z"/>
    <path id="_350" class="fil134" d="M-13317.13 35621.11c0,3251.58 -4251.5,5887.51 -9495.99,5887.51 -5244.48,0 -9495.98,-2635.93 -9495.98,-5887.51 0,-3251.58 4251.5,-5887.51 9495.98,-5887.51 5244.49,0 9495.99,2635.93 9495.99,5887.51zm40.81 0c0,-3265.56 -4269.77,-5912.81 -9536.8,-5912.81 -5267.02,0 -9536.79,2647.25 -9536.79,5912.81 0,3265.56 4269.77,5912.81 9536.79,5912.81 5267.03,0 9536.8,-2647.25 9536.8,-5912.81z"/>
    <path id="_351" class="fil135" d="M-13289.93 35621.11c0,3260.9 -4263.67,5904.38 -9523.19,5904.38 -5259.51,0 -9523.18,-2643.48 -9523.18,-5904.38 0,-3260.9 4263.67,-5904.38 9523.18,-5904.38 5259.52,0 9523.19,2643.48 9523.19,5904.38zm40.82 0c0,-3274.87 -4281.95,-5929.68 -9564.01,-5929.68 -5282.05,0 -9564,2654.81 -9564,5929.68 0,3274.87 4281.95,5929.68 9564,5929.68 5282.06,0 9564.01,-2654.81 9564.01,-5929.68z"/>
    <path id="_352" class="fil135" d="M-13262.72 35621.11c0,3270.21 -4275.86,5921.25 -9550.4,5921.25 -5274.53,0 -9550.39,-2651.04 -9550.39,-5921.25 0,-3270.21 4275.86,-5921.25 9550.39,-5921.25 5274.54,0 9550.4,2651.04 9550.4,5921.25zm40.82 0c0,-3284.19 -4294.13,-5946.55 -9591.22,-5946.55 -5297.08,0 -9591.21,2662.36 -9591.21,5946.55 0,3284.19 4294.13,5946.55 9591.21,5946.55 5297.09,0 9591.22,-2662.36 9591.22,-5946.55z"/>
    <path id="_353" class="fil135" d="M-13235.51 35621.11c0,3279.53 -4288.04,5938.12 -9577.61,5938.12 -5289.56,0 -9577.6,-2658.59 -9577.6,-5938.12 0,-3279.53 4288.04,-5938.12 9577.6,-5938.12 5289.57,0 9577.61,2658.59 9577.61,5938.12zm40.82 0c0,-3293.51 -4306.32,-5963.42 -9618.43,-5963.42 -5312.1,0 -9618.42,2669.91 -9618.42,5963.42 0,3293.51 4306.32,5963.42 9618.42,5963.42 5312.11,0 9618.43,-2669.91 9618.43,-5963.42z"/>
    <path id="_354" class="fil136" d="M-13208.3 35621.11c0,3288.85 -4300.22,5954.99 -9604.82,5954.99 -5304.59,0 -9604.81,-2666.14 -9604.81,-5954.99 0,-3288.85 4300.22,-5954.99 9604.81,-5954.99 5304.6,0 9604.82,2666.14 9604.82,5954.99zm40.82 0c0,-3302.82 -4318.5,-5980.29 -9645.64,-5980.29 -5327.13,0 -9645.63,2677.47 -9645.63,5980.29 0,3302.82 4318.5,5980.29 9645.63,5980.29 5327.14,0 9645.64,-2677.47 9645.64,-5980.29z"/>
    <path id="_355" class="fil137" d="M-13181.09 35621.11c0,3298.16 -4312.4,5971.86 -9632.03,5971.86 -5319.62,0 -9632.02,-2673.7 -9632.02,-5971.86 0,-3298.16 4312.4,-5971.86 9632.02,-5971.86 5319.63,0 9632.03,2673.7 9632.03,5971.86zm40.82 0c0,-3312.14 -4330.68,-5997.16 -9672.85,-5997.16 -5342.16,0 -9672.84,2685.02 -9672.84,5997.16 0,3312.14 4330.68,5997.16 9672.84,5997.16 5342.17,0 9672.85,-2685.02 9672.85,-5997.16z"/>
    <path id="_356" class="fil137" d="M-13153.88 35621.11c0,3307.48 -4324.59,5988.73 -9659.24,5988.73 -5334.64,0 -9659.23,-2681.25 -9659.23,-5988.73 0,-3307.48 4324.59,-5988.73 9659.23,-5988.73 5334.65,0 9659.24,2681.25 9659.24,5988.73zm40.81 0c0,-3321.46 -4342.86,-6014.03 -9700.05,-6014.03 -5357.18,0 -9700.04,2692.57 -9700.04,6014.03 0,3321.46 4342.86,6014.03 9700.04,6014.03 5357.19,0 9700.05,-2692.57 9700.05,-6014.03z"/>
    <path id="_357" class="fil137" d="M-13126.67 35621.11c0,3316.8 -4336.77,6005.6 -9686.45,6005.6 -5349.67,0 -9686.44,-2688.8 -9686.44,-6005.6 0,-3316.8 4336.77,-6005.6 9686.44,-6005.6 5349.68,0 9686.45,2688.8 9686.45,6005.6zm40.81 0c0,-3330.77 -4355.04,-6030.9 -9727.26,-6030.9 -5372.21,0 -9727.25,2700.13 -9727.25,6030.9 0,3330.77 4355.04,6030.9 9727.25,6030.9 5372.22,0 9727.26,-2700.13 9727.26,-6030.9z"/>
    <path id="_358" class="fil138" d="M-13099.46 35621.11c0,3326.12 -4348.95,6022.46 -9713.66,6022.46 -5364.7,0 -9713.65,-2696.34 -9713.65,-6022.46 0,-3326.12 4348.95,-6022.46 9713.65,-6022.46 5364.71,0 9713.66,2696.34 9713.66,6022.46zm40.81 0c0,-3340.09 -4367.22,-6047.77 -9754.47,-6047.77 -5387.24,0 -9754.46,2707.68 -9754.46,6047.77 0,3340.09 4367.22,6047.77 9754.46,6047.77 5387.25,0 9754.47,-2707.68 9754.47,-6047.77z"/>
    <path id="_359" class="fil139" d="M-13072.25 35621.11c0,3335.43 -4361.13,6039.33 -9740.87,6039.33 -5379.73,0 -9740.86,-2703.9 -9740.86,-6039.33 0,-3335.43 4361.13,-6039.33 9740.86,-6039.33 5379.74,0 9740.87,2703.9 9740.87,6039.33zm40.81 0c0,-3349.41 -4379.4,-6064.64 -9781.68,-6064.64 -5402.27,0 -9781.67,2715.23 -9781.67,6064.64 0,3349.41 4379.4,6064.64 9781.67,6064.64 5402.28,0 9781.68,-2715.23 9781.68,-6064.64z"/>
    <path id="_360" class="fil139" d="M-13045.04 35621.11c0,3344.75 -4373.32,6056.2 -9768.08,6056.2 -5394.75,0 -9768.07,-2711.45 -9768.07,-6056.2 0,-3344.75 4373.32,-6056.2 9768.07,-6056.2 5394.76,0 9768.08,2711.45 9768.08,6056.2zm40.81 0c0,-3358.72 -4391.59,-6081.51 -9808.89,-6081.51 -5417.29,0 -9808.88,2722.79 -9808.88,6081.51 0,3358.72 4391.59,6081.51 9808.88,6081.51 5417.3,0 9808.89,-2722.79 9808.89,-6081.51z"/>
    <path id="_361" class="fil140" d="M-13017.83 35621.11c0,3354.07 -4385.5,6073.07 -9795.29,6073.07 -5409.78,0 -9795.28,-2719 -9795.28,-6073.07 0,-3354.07 4385.5,-6073.07 9795.28,-6073.07 5409.79,0 9795.29,2719 9795.29,6073.07zm40.81 0c0,-3368.04 -4403.77,-6098.38 -9836.1,-6098.38 -5432.32,0 -9836.09,2730.34 -9836.09,6098.38 0,3368.04 4403.77,6098.38 9836.09,6098.38 5432.33,0 9836.1,-2730.34 9836.1,-6098.38z"/>
    <path id="_362" class="fil140" d="M-12990.62 35621.11c0,3363.38 -4397.68,6089.94 -9822.5,6089.94 -5424.81,0 -9822.49,-2726.56 -9822.49,-6089.94 0,-3363.38 4397.68,-6089.94 9822.49,-6089.94 5424.82,0 9822.5,2726.56 9822.5,6089.94zm40.81 0c0,-3377.36 -4415.95,-6115.25 -9863.31,-6115.25 -5447.35,0 -9863.3,2737.89 -9863.3,6115.25 0,3377.36 4415.95,6115.25 9863.3,6115.25 5447.36,0 9863.31,-2737.89 9863.31,-6115.25z"/>
    <path id="_363" class="fil140" d="M-12963.42 35621.11c0,3372.7 -4409.86,6106.81 -9849.7,6106.81 -5439.83,0 -9849.69,-2734.11 -9849.69,-6106.81 0,-3372.7 4409.86,-6106.81 9849.69,-6106.81 5439.84,0 9849.7,2734.11 9849.7,6106.81zm40.82 0c0,-3386.68 -4428.14,-6132.12 -9890.52,-6132.12 -5462.37,0 -9890.51,2745.44 -9890.51,6132.12 0,3386.68 4428.14,6132.12 9890.51,6132.12 5462.38,0 9890.52,-2745.44 9890.52,-6132.12z"/>
    <path id="_364" class="fil140" d="M-12936.21 35621.11c0,3382.02 -4422.04,6123.68 -9876.91,6123.68 -5454.86,0 -9876.9,-2741.66 -9876.9,-6123.68 0,-3382.02 4422.04,-6123.68 9876.9,-6123.68 5454.87,0 9876.91,2741.66 9876.91,6123.68zm40.82 0c0,-3395.99 -4440.32,-6148.99 -9917.73,-6148.99 -5477.4,0 -9917.72,2753 -9917.72,6148.99 0,3395.99 4440.32,6148.99 9917.72,6148.99 5477.41,0 9917.73,-2753 9917.73,-6148.99z"/>
    <path id="_365" class="fil141" d="M-12909 35621.11c0,3391.33 -4434.22,6140.55 -9904.12,6140.55 -5469.89,0 -9904.11,-2749.22 -9904.11,-6140.55 0,-3391.33 4434.22,-6140.55 9904.11,-6140.55 5469.9,0 9904.12,2749.22 9904.12,6140.55zm40.82 0c0,-3405.31 -4452.5,-6165.86 -9944.94,-6165.86 -5492.43,0 -9944.93,2760.55 -9944.93,6165.86 0,3405.31 4452.5,6165.86 9944.93,6165.86 5492.44,0 9944.94,-2760.55 9944.94,-6165.86z"/>
    <path id="_366" class="fil141" d="M-12881.79 35621.11c0,3400.65 -4446.4,6157.42 -9931.33,6157.42 -5484.92,0 -9931.32,-2756.77 -9931.32,-6157.42 0,-3400.65 4446.4,-6157.42 9931.32,-6157.42 5484.93,0 9931.33,2756.77 9931.33,6157.42zm40.82 0c0,-3414.63 -4464.68,-6182.73 -9972.15,-6182.73 -5507.46,0 -9972.14,2768.1 -9972.14,6182.73 0,3414.63 4464.68,6182.73 9972.14,6182.73 5507.47,0 9972.15,-2768.1 9972.15,-6182.73z"/>
    <path id="_367" class="fil142" d="M-12854.58 35621.11c0,3409.97 -4458.59,6174.29 -9958.54,6174.29 -5499.94,0 -9958.53,-2764.32 -9958.53,-6174.29 0,-3409.97 4458.59,-6174.29 9958.53,-6174.29 5499.95,0 9958.54,2764.32 9958.54,6174.29zm40.81 0c0,-3423.94 -4476.86,-6199.6 -9999.35,-6199.6 -5522.48,0 -9999.34,2775.66 -9999.34,6199.6 0,3423.94 4476.86,6199.6 9999.34,6199.6 5522.49,0 9999.35,-2775.66 9999.35,-6199.6z"/>
    <path id="_368" class="fil142" d="M-12827.37 35621.11c0,3419.28 -4470.77,6191.16 -9985.75,6191.16 -5514.97,0 -9985.74,-2771.88 -9985.74,-6191.16 0,-3419.28 4470.77,-6191.16 9985.74,-6191.16 5514.98,0 9985.75,2771.88 9985.75,6191.16zm40.81 0c0,-3433.26 -4489.04,-6216.47 -10026.56,-6216.47 -5537.51,0 -10026.55,2783.21 -10026.55,6216.47 0,3433.26 4489.04,6216.47 10026.55,6216.47 5537.52,0 10026.56,-2783.21 10026.56,-6216.47z"/>
    <path id="_369" class="fil142" d="M-12800.16 35621.11c0,3428.6 -4482.95,6208.03 -10012.96,6208.03 -5530,0 -10012.95,-2779.43 -10012.95,-6208.03 0,-3428.6 4482.95,-6208.03 10012.95,-6208.03 5530.01,0 10012.96,2779.43 10012.96,6208.03zm40.81 0c0,-3442.58 -4501.22,-6233.34 -10053.77,-6233.34 -5552.54,0 -10053.76,2790.76 -10053.76,6233.34 0,3442.58 4501.22,6233.34 10053.76,6233.34 5552.55,0 10053.77,-2790.76 10053.77,-6233.34z"/>
    <path id="_370" class="fil143" d="M-12772.95 35621.11c0,3437.92 -4495.14,6224.9 -10040.17,6224.9 -5545.02,0 -10040.16,-2786.98 -10040.16,-6224.9 0,-3437.92 4495.14,-6224.9 10040.16,-6224.9 5545.03,0 10040.17,2786.98 10040.17,6224.9zm40.81 0c0,-3451.89 -4513.41,-6250.21 -10080.98,-6250.21 -5567.56,0 -10080.97,2798.32 -10080.97,6250.21 0,3451.89 4513.41,6250.21 10080.97,6250.21 5567.57,0 10080.98,-2798.32 10080.98,-6250.21z"/>
    <path id="_371" class="fil143" d="M-12745.74 35621.11c0,3447.23 -4507.32,6241.77 -10067.38,6241.77 -5560.05,0 -10067.37,-2794.54 -10067.37,-6241.77 0,-3447.23 4507.32,-6241.77 10067.37,-6241.77 5560.06,0 10067.38,2794.54 10067.38,6241.77zm40.81 0c0,-3461.21 -4525.59,-6267.07 -10108.19,-6267.07 -5582.59,0 -10108.18,2805.86 -10108.18,6267.07 0,3461.21 4525.59,6267.07 10108.18,6267.07 5582.6,0 10108.19,-2805.86 10108.19,-6267.07z"/>
    <path id="_372" class="fil144" d="M-12718.53 35621.11c0,3456.55 -4519.5,6258.64 -10094.59,6258.64 -5575.08,0 -10094.58,-2802.09 -10094.58,-6258.64 0,-3456.55 4519.5,-6258.64 10094.58,-6258.64 5575.09,0 10094.59,2802.09 10094.59,6258.64zm40.81 0c0,-3470.53 -4537.77,-6283.94 -10135.4,-6283.94 -5597.62,0 -10135.39,2813.41 -10135.39,6283.94 0,3470.53 4537.77,6283.94 10135.39,6283.94 5597.63,0 10135.4,-2813.41 10135.4,-6283.94z"/>
    <path id="_373" class="fil144" d="M-12691.32 35621.11c0,3465.87 -4531.68,6275.51 -10121.8,6275.51 -5590.11,0 -10121.79,-2809.64 -10121.79,-6275.51 0,-3465.87 4531.68,-6275.51 10121.79,-6275.51 5590.12,0 10121.8,2809.64 10121.8,6275.51zm40.81 0c0,-3479.84 -4549.95,-6300.81 -10162.61,-6300.81 -5612.65,0 -10162.6,2820.97 -10162.6,6300.81 0,3479.84 4549.95,6300.81 10162.6,6300.81 5612.66,0 10162.61,-2820.97 10162.61,-6300.81z"/>
    <path id="_374" class="fil144" d="M-12664.12 35621.11c0,3475.19 -4543.86,6292.38 -10149,6292.38 -5605.13,0 -10148.99,-2817.19 -10148.99,-6292.38 0,-3475.19 4543.86,-6292.38 10148.99,-6292.38 5605.14,0 10149,2817.19 10149,6292.38zm40.82 0c0,-3489.16 -4562.14,-6317.68 -10189.82,-6317.68 -5627.67,0 -10189.81,2828.52 -10189.81,6317.68 0,3489.16 4562.14,6317.68 10189.81,6317.68 5627.68,0 10189.82,-2828.52 10189.82,-6317.68z"/>
    <path id="_375" class="fil145" d="M-12636.91 35621.11c0,3484.5 -4556.04,6309.25 -10176.21,6309.25 -5620.16,0 -10176.2,-2824.75 -10176.2,-6309.25 0,-3484.5 4556.04,-6309.25 10176.2,-6309.25 5620.17,0 10176.21,2824.75 10176.21,6309.25zm40.82 0c0,-3498.48 -4574.32,-6334.55 -10217.03,-6334.55 -5642.7,0 -10217.02,2836.07 -10217.02,6334.55 0,3498.48 4574.32,6334.55 10217.02,6334.55 5642.71,0 10217.03,-2836.07 10217.03,-6334.55z"/>
    <path id="_376" class="fil145" d="M-12609.7 35621.11c0,3493.82 -4568.22,6326.12 -10203.42,6326.12 -5635.19,0 -10203.41,-2832.3 -10203.41,-6326.12 0,-3493.82 4568.22,-6326.12 10203.41,-6326.12 5635.2,0 10203.42,2832.3 10203.42,6326.12zm40.82 0c0,-3507.79 -4586.5,-6351.42 -10244.24,-6351.42 -5657.73,0 -10244.23,2843.63 -10244.23,6351.42 0,3507.79 4586.5,6351.42 10244.23,6351.42 5657.74,0 10244.24,-2843.63 10244.24,-6351.42z"/>
    <path id="_377" class="fil145" d="M-12582.49 35621.11c0,3503.14 -4580.41,6342.99 -10230.63,6342.99 -5650.21,0 -10230.62,-2839.85 -10230.62,-6342.99 0,-3503.14 4580.41,-6342.99 10230.62,-6342.99 5650.22,0 10230.63,2839.85 10230.63,6342.99zm40.82 0c0,-3517.11 -4598.69,-6368.29 -10271.45,-6368.29 -5672.75,0 -10271.44,2851.18 -10271.44,6368.29 0,3517.11 4598.69,6368.29 10271.44,6368.29 5672.76,0 10271.45,-2851.18 10271.45,-6368.29z"/>
    <path id="_378" class="fil146" d="M-12555.28 35621.11c0,3512.45 -4592.59,6359.86 -10257.84,6359.86 -5665.24,0 -10257.83,-2847.41 -10257.83,-6359.86 0,-3512.45 4592.59,-6359.86 10257.83,-6359.86 5665.25,0 10257.84,2847.41 10257.84,6359.86zm40.81 0c0,-3526.43 -4610.86,-6385.16 -10298.65,-6385.16 -5687.78,0 -10298.64,2858.73 -10298.64,6385.16 0,3526.43 4610.86,6385.16 10298.64,6385.16 5687.79,0 10298.65,-2858.73 10298.65,-6385.16z"/>
    <path id="_379" class="fil147" d="M-12528.07 35621.11c0,3521.77 -4604.77,6376.73 -10285.05,6376.73 -5680.27,0 -10285.04,-2854.96 -10285.04,-6376.73 0,-3521.77 4604.77,-6376.73 10285.04,-6376.73 5680.28,0 10285.05,2854.96 10285.05,6376.73zm40.81 0c0,-3535.74 -4623.04,-6402.03 -10325.86,-6402.03 -5702.81,0 -10325.85,2866.29 -10325.85,6402.03 0,3535.74 4623.04,6402.03 10325.85,6402.03 5702.82,0 10325.86,-2866.29 10325.86,-6402.03z"/>
    <path id="_380" class="fil148" d="M-12500.86 35621.11c0,3531.09 -4616.95,6393.6 -10312.26,6393.6 -5695.3,0 -10312.25,-2862.51 -10312.25,-6393.6 0,-3531.09 4616.95,-6393.6 10312.25,-6393.6 5695.31,0 10312.26,2862.51 10312.26,6393.6zm40.81 0c0,-3545.06 -4635.22,-6418.9 -10353.07,-6418.9 -5717.84,0 -10353.06,2873.84 -10353.06,6418.9 0,3545.06 4635.22,6418.9 10353.06,6418.9 5717.85,0 10353.07,-2873.84 10353.07,-6418.9z"/>
    <path id="_381" class="fil148" d="M-12473.65 35621.11c0,3540.4 -4629.14,6410.47 -10339.47,6410.47 -5710.32,0 -10339.46,-2870.07 -10339.46,-6410.47 0,-3540.4 4629.14,-6410.47 10339.46,-6410.47 5710.33,0 10339.47,2870.07 10339.47,6410.47zm40.81 0c0,-3554.38 -4647.41,-6435.77 -10380.28,-6435.77 -5732.86,0 -10380.27,2881.39 -10380.27,6435.77 0,3554.38 4647.41,6435.77 10380.27,6435.77 5732.87,0 10380.28,-2881.39 10380.28,-6435.77z"/>
    <path id="_382" class="fil148" d="M-12446.44 35621.11c0,3549.72 -4641.32,6427.34 -10366.68,6427.34 -5725.35,0 -10366.67,-2877.62 -10366.67,-6427.34 0,-3549.72 4641.32,-6427.34 10366.67,-6427.34 5725.36,0 10366.68,2877.62 10366.68,6427.34zm40.81 0c0,-3563.7 -4659.59,-6452.64 -10407.49,-6452.64 -5747.89,0 -10407.48,2888.94 -10407.48,6452.64 0,3563.7 4659.59,6452.64 10407.48,6452.64 5747.9,0 10407.49,-2888.94 10407.49,-6452.64z"/>
    <path id="_383" class="fil148" d="M-12419.23 35621.11c0,3559.04 -4653.5,6444.21 -10393.89,6444.21 -5740.38,0 -10393.88,-2885.17 -10393.88,-6444.21 0,-3559.04 4653.5,-6444.21 10393.88,-6444.21 5740.39,0 10393.89,2885.17 10393.89,6444.21zm40.81 0c0,-3573.01 -4671.77,-6469.51 -10434.7,-6469.51 -5762.92,0 -10434.69,2896.5 -10434.69,6469.51 0,3573.01 4671.77,6469.51 10434.69,6469.51 5762.93,0 10434.7,-2896.5 10434.7,-6469.51z"/>
    <path id="_384" class="fil149" d="M-12392.02 35621.11c0,3568.35 -4665.69,6461.08 -10421.1,6461.08 -5755.4,0 -10421.09,-2892.73 -10421.09,-6461.08 0,-3568.35 4665.69,-6461.08 10421.09,-6461.08 5755.41,0 10421.1,2892.73 10421.1,6461.08zm40.81 0c0,-3582.33 -4683.95,-6486.38 -10461.91,-6486.38 -5777.95,0 -10461.9,2904.05 -10461.9,6486.38 0,3582.33 4683.95,6486.38 10461.9,6486.38 5777.96,0 10461.91,-2904.05 10461.91,-6486.38z"/>
    <path id="_385" class="fil149" d="M-12364.82 35621.11c0,3577.67 -4677.86,6477.95 -10448.3,6477.95 -5770.43,0 -10448.29,-2900.28 -10448.29,-6477.95 0,-3577.67 4677.86,-6477.95 10448.29,-6477.95 5770.44,0 10448.3,2900.28 10448.3,6477.95zm40.82 0c0,-3591.65 -4696.14,-6503.25 -10489.12,-6503.25 -5792.97,0 -10489.11,2911.6 -10489.11,6503.25 0,3591.65 4696.14,6503.25 10489.11,6503.25 5792.98,0 10489.12,-2911.6 10489.12,-6503.25z"/>
    <path id="_386" class="fil150" d="M-12337.61 35621.11c0,3586.99 -4690.04,6494.82 -10475.51,6494.82 -5785.46,0 -10475.5,-2907.83 -10475.5,-6494.82 0,-3586.99 4690.04,-6494.82 10475.5,-6494.82 5785.47,0 10475.51,2907.83 10475.51,6494.82zm40.82 0c0,-3600.96 -4708.32,-6520.12 -10516.33,-6520.12 -5808,0 -10516.32,2919.16 -10516.32,6520.12 0,3600.96 4708.32,6520.12 10516.32,6520.12 5808.01,0 10516.33,-2919.16 10516.33,-6520.12z"/>
    <path id="_387" class="fil150" d="M-12310.4 35621.11c0,3596.3 -4702.22,6511.68 -10502.72,6511.68 -5800.49,0 -10502.71,-2915.38 -10502.71,-6511.68 0,-3596.3 4702.22,-6511.68 10502.71,-6511.68 5800.5,0 10502.72,2915.38 10502.72,6511.68zm40.82 0c0,-3610.28 -4720.5,-6536.99 -10543.54,-6536.99 -5823.03,0 -10543.53,2926.71 -10543.53,6536.99 0,3610.28 4720.5,6536.99 10543.53,6536.99 5823.04,0 10543.54,-2926.71 10543.54,-6536.99z"/>
    <path id="_388" class="fil150" d="M-12283.19 35621.11c0,3605.62 -4714.41,6528.55 -10529.93,6528.55 -5815.51,0 -10529.92,-2922.93 -10529.92,-6528.55 0,-3605.62 4714.41,-6528.55 10529.92,-6528.55 5815.52,0 10529.93,2922.93 10529.93,6528.55zm40.82 0c0,-3619.6 -4732.69,-6553.86 -10570.75,-6553.86 -5838.05,0 -10570.74,2934.26 -10570.74,6553.86 0,3619.6 4732.69,6553.86 10570.74,6553.86 5838.06,0 10570.75,-2934.26 10570.75,-6553.86z"/>
    <path id="_389" class="fil150" d="M-12255.98 35621.11c0,3614.94 -4726.59,6545.42 -10557.14,6545.42 -5830.54,0 -10557.13,-2930.48 -10557.13,-6545.42 0,-3614.94 4726.59,-6545.42 10557.13,-6545.42 5830.55,0 10557.14,2930.48 10557.14,6545.42zm40.81 0c0,-3628.91 -4744.86,-6570.73 -10597.95,-6570.73 -5853.08,0 -10597.94,2941.82 -10597.94,6570.73 0,3628.91 4744.86,6570.73 10597.94,6570.73 5853.09,0 10597.95,-2941.82 10597.95,-6570.73z"/>
    <path id="_390" class="fil151" d="M-12228.77 35621.11c0,3624.25 -4738.77,6562.29 -10584.35,6562.29 -5845.57,0 -10584.34,-2938.04 -10584.34,-6562.29 0,-3624.25 4738.77,-6562.29 10584.34,-6562.29 5845.58,0 10584.35,2938.04 10584.35,6562.29zm40.81 0c0,-3638.23 -4757.04,-6587.6 -10625.16,-6587.6 -5868.11,0 -10625.15,2949.37 -10625.15,6587.6 0,3638.23 4757.04,6587.6 10625.15,6587.6 5868.12,0 10625.16,-2949.37 10625.16,-6587.6z"/>
    <path id="_391" class="fil152" d="M-12201.56 35621.11c0,3633.57 -4750.96,6579.16 -10611.56,6579.16 -5860.59,0 -10611.55,-2945.59 -10611.55,-6579.16 0,-3633.57 4750.96,-6579.16 10611.55,-6579.16 5860.6,0 10611.56,2945.59 10611.56,6579.16zm40.81 0c0,-3647.55 -4769.22,-6604.47 -10652.37,-6604.47 -5883.14,0 -10652.36,2956.92 -10652.36,6604.47 0,3647.55 4769.22,6604.47 10652.36,6604.47 5883.15,0 10652.37,-2956.92 10652.37,-6604.47z"/>
    <path id="_392" class="fil152" d="M-12174.35 35621.11c0,3642.89 -4763.14,6596.03 -10638.77,6596.03 -5875.62,0 -10638.76,-2953.14 -10638.76,-6596.03 0,-3642.89 4763.14,-6596.03 10638.76,-6596.03 5875.63,0 10638.77,2953.14 10638.77,6596.03zm40.81 0c0,-3656.86 -4781.41,-6621.34 -10679.58,-6621.34 -5898.16,0 -10679.57,2964.48 -10679.57,6621.34 0,3656.86 4781.41,6621.34 10679.57,6621.34 5898.17,0 10679.58,-2964.48 10679.58,-6621.34z"/>
    <path id="_393" class="fil152" d="M-12147.14 35621.11c0,3652.21 -4775.32,6612.9 -10665.98,6612.9 -5890.65,0 -10665.97,-2960.69 -10665.97,-6612.9 0,-3652.21 4775.32,-6612.9 10665.97,-6612.9 5890.66,0 10665.98,2960.69 10665.98,6612.9zm40.81 0c0,-3666.18 -4793.59,-6638.21 -10706.79,-6638.21 -5913.19,0 -10706.78,2972.03 -10706.78,6638.21 0,3666.18 4793.59,6638.21 10706.78,6638.21 5913.2,0 10706.79,-2972.03 10706.79,-6638.21z"/>
    <path id="_394" class="fil153" d="M-12119.93 35621.11c0,3661.52 -4787.5,6629.77 -10693.19,6629.77 -5905.68,0 -10693.18,-2968.25 -10693.18,-6629.77 0,-3661.52 4787.5,-6629.77 10693.18,-6629.77 5905.69,0 10693.19,2968.25 10693.19,6629.77zm40.81 0c0,-3675.5 -4805.77,-6655.08 -10734,-6655.08 -5928.22,0 -10733.99,2979.58 -10733.99,6655.08 0,3675.5 4805.77,6655.08 10733.99,6655.08 5928.23,0 10734,-2979.58 10734,-6655.08z"/>
    <path id="_395" class="fil153" d="M-12092.72 35621.11c0,3670.84 -4799.69,6646.64 -10720.4,6646.64 -5920.7,0 -10720.39,-2975.8 -10720.39,-6646.64 0,-3670.84 4799.69,-6646.64 10720.39,-6646.64 5920.71,0 10720.4,2975.8 10720.4,6646.64zm40.81 0c0,-3684.81 -4817.96,-6671.95 -10761.21,-6671.95 -5943.24,0 -10761.2,2987.14 -10761.2,6671.95 0,3684.81 4817.96,6671.95 10761.2,6671.95 5943.25,0 10761.21,-2987.14 10761.21,-6671.95z"/>
    <path id="_396" class="fil154" d="M-12065.51 35621.11c0,3680.16 -4811.87,6663.51 -10747.61,6663.51 -5935.73,0 -10747.6,-2983.35 -10747.6,-6663.51 0,-3680.16 4811.87,-6663.51 10747.6,-6663.51 5935.74,0 10747.61,2983.35 10747.61,6663.51zm40.81 0c0,-3694.13 -4830.14,-6688.82 -10788.42,-6688.82 -5958.27,0 -10788.41,2994.69 -10788.41,6688.82 0,3694.13 4830.14,6688.82 10788.41,6688.82 5958.28,0 10788.42,-2994.69 10788.42,-6688.82z"/>
    <path id="_397" class="fil155" d="M-12038.31 35621.11c0,3689.47 -4824.04,6680.38 -10774.81,6680.38 -5950.76,0 -10774.8,-2990.91 -10774.8,-6680.38 0,-3689.47 4824.04,-6680.38 10774.8,-6680.38 5950.77,0 10774.81,2990.91 10774.81,6680.38zm40.82 0c0,-3703.45 -4842.32,-6705.69 -10815.63,-6705.69 -5973.3,0 -10815.62,3002.24 -10815.62,6705.69 0,3703.45 4842.32,6705.69 10815.62,6705.69 5973.31,0 10815.63,-3002.24 10815.63,-6705.69z"/>
    <path id="_398" class="fil155" d="M-12011.1 35621.11c0,3698.79 -4836.23,6697.25 -10802.02,6697.25 -5965.78,0 -10802.01,-2998.46 -10802.01,-6697.25 0,-3698.79 4836.23,-6697.25 10802.01,-6697.25 5965.79,0 10802.02,2998.46 10802.02,6697.25zm40.82 0c0,-3712.76 -4854.5,-6722.56 -10842.84,-6722.56 -5988.33,0 -10842.83,3009.8 -10842.83,6722.56 0,3712.76 4854.5,6722.56 10842.83,6722.56 5988.34,0 10842.84,-3009.8 10842.84,-6722.56z"/>
    <path id="_399" class="fil155" d="M-11983.89 35621.11c0,3708.11 -4848.41,6714.12 -10829.23,6714.12 -5980.81,0 -10829.22,-3006.01 -10829.22,-6714.12 0,-3708.11 4848.41,-6714.12 10829.22,-6714.12 5980.82,0 10829.23,3006.01 10829.23,6714.12zm40.82 0c0,-3722.08 -4866.69,-6739.43 -10870.05,-6739.43 -6003.35,0 -10870.04,3017.35 -10870.04,6739.43 0,3722.08 4866.69,6739.43 10870.04,6739.43 6003.36,0 10870.05,-3017.35 10870.05,-6739.43z"/>
    <path id="_400" class="fil155" d="M-11956.68 35621.11c0,3717.42 -4860.59,6730.99 -10856.44,6730.99 -5995.84,0 -10856.43,-3013.57 -10856.43,-6730.99 0,-3717.42 4860.59,-6730.99 10856.43,-6730.99 5995.85,0 10856.44,3013.57 10856.44,6730.99zm40.82 0c0,-3731.4 -4878.87,-6756.29 -10897.26,-6756.29 -6018.38,0 -10897.25,3024.89 -10897.25,6756.29 0,3731.4 4878.87,6756.29 10897.25,6756.29 6018.39,0 10897.26,-3024.89 10897.26,-6756.29z"/>
    <path id="_401" class="fil156" d="M-11929.47 35621.11c0,3726.74 -4872.77,6747.86 -10883.65,6747.86 -6010.87,0 -10883.64,-3021.12 -10883.64,-6747.86 0,-3726.74 4872.77,-6747.86 10883.64,-6747.86 6010.88,0 10883.65,3021.12 10883.65,6747.86zm40.81 0c0,-3740.72 -4891.04,-6773.16 -10924.46,-6773.16 -6033.41,0 -10924.45,3032.44 -10924.45,6773.16 0,3740.72 4891.04,6773.16 10924.45,6773.16 6033.42,0 10924.46,-3032.44 10924.46,-6773.16z"/>
    <path id="_402" class="fil157" d="M-11902.26 35621.11c0,3736.06 -4884.96,6764.73 -10910.86,6764.73 -6025.89,0 -10910.85,-3028.67 -10910.85,-6764.73 0,-3736.06 4884.96,-6764.73 10910.85,-6764.73 6025.9,0 10910.86,3028.67 10910.86,6764.73zm40.81 0c0,-3750.03 -4903.23,-6790.03 -10951.67,-6790.03 -6048.43,0 -10951.66,3040 -10951.66,6790.03 0,3750.03 4903.23,6790.03 10951.66,6790.03 6048.44,0 10951.67,-3040 10951.67,-6790.03z"/>
    <path id="_403" class="fil157" d="M-11875.05 35621.11c0,3745.37 -4897.14,6781.6 -10938.07,6781.6 -6040.92,0 -10938.06,-3036.23 -10938.06,-6781.6 0,-3745.37 4897.14,-6781.6 10938.06,-6781.6 6040.93,0 10938.07,3036.23 10938.07,6781.6zm40.81 0c0,-3759.35 -4915.41,-6806.9 -10978.88,-6806.9 -6063.46,0 -10978.87,3047.55 -10978.87,6806.9 0,3759.35 4915.41,6806.9 10978.87,6806.9 6063.47,0 10978.88,-3047.55 10978.88,-6806.9z"/>
    <path id="_404" class="fil157" d="M-11847.84 35621.11c0,3754.69 -4909.32,6798.47 -10965.28,6798.47 -6055.95,0 -10965.27,-3043.78 -10965.27,-6798.47 0,-3754.69 4909.32,-6798.47 10965.27,-6798.47 6055.96,0 10965.28,3043.78 10965.28,6798.47zm40.81 0c0,-3768.67 -4927.59,-6823.77 -11006.09,-6823.77 -6078.49,0 -11006.08,3055.1 -11006.08,6823.77 0,3768.67 4927.59,6823.77 11006.08,6823.77 6078.5,0 11006.09,-3055.1 11006.09,-6823.77z"/>
    <path id="_405" class="fil157" d="M-11820.63 35621.11c0,3764.01 -4921.5,6815.34 -10992.49,6815.34 -6070.98,0 -10992.48,-3051.33 -10992.48,-6815.34 0,-3764.01 4921.5,-6815.34 10992.48,-6815.34 6070.99,0 10992.49,3051.33 10992.49,6815.34zm40.81 0c0,-3777.98 -4939.77,-6840.64 -11033.3,-6840.64 -6093.52,0 -11033.29,3062.66 -11033.29,6840.64 0,3777.98 4939.77,6840.64 11033.29,6840.64 6093.53,0 11033.3,-3062.66 11033.3,-6840.64z"/>
    <path id="_406" class="fil157" d="M-11793.42 35621.11c0,3773.32 -4933.69,6832.21 -11019.7,6832.21 -6086,0 -11019.69,-3058.89 -11019.69,-6832.21 0,-3773.32 4933.69,-6832.21 11019.69,-6832.21 6086.01,0 11019.7,3058.89 11019.7,6832.21zm40.81 0c0,-3787.3 -4951.96,-6857.51 -11060.51,-6857.51 -6108.54,0 -11060.5,3070.21 -11060.5,6857.51 0,3787.3 4951.96,6857.51 11060.5,6857.51 6108.55,0 11060.51,-3070.21 11060.51,-6857.51z"/>
    <path id="_407" class="fil157" d="M-11766.21 35621.11c0,3782.64 -4945.87,6849.08 -11046.91,6849.08 -6101.03,0 -11046.9,-3066.44 -11046.9,-6849.08 0,-3782.64 4945.87,-6849.08 11046.9,-6849.08 6101.04,0 11046.91,3066.44 11046.91,6849.08zm40.81 0c0,-3796.62 -4964.14,-6874.38 -11087.72,-6874.38 -6123.57,0 -11087.71,3077.76 -11087.71,6874.38 0,3796.62 4964.14,6874.38 11087.71,6874.38 6123.58,0 11087.72,-3077.76 11087.72,-6874.38z"/>
    <path id="_408" class="fil158" d="M-11739.01 35621.11c0,3791.96 -4958.04,6865.95 -11074.11,6865.95 -6116.06,0 -11074.1,-3073.99 -11074.1,-6865.95 0,-3791.96 4958.04,-6865.95 11074.1,-6865.95 6116.07,0 11074.11,3073.99 11074.11,6865.95zm40.82 0c0,-3805.93 -4976.32,-6891.25 -11114.93,-6891.25 -6138.6,0 -11114.92,3085.32 -11114.92,6891.25 0,3805.93 4976.32,6891.25 11114.92,6891.25 6138.61,0 11114.93,-3085.32 11114.93,-6891.25z"/>
    <path id="_409" class="fil158" d="M-11711.8 35621.11c0,3801.27 -4970.23,6882.82 -11101.32,6882.82 -6131.08,0 -11101.31,-3081.55 -11101.31,-6882.82 0,-3801.27 4970.23,-6882.82 11101.31,-6882.82 6131.09,0 11101.32,3081.55 11101.32,6882.82zm40.82 0c0,-3815.25 -4988.51,-6908.12 -11142.14,-6908.12 -6153.62,0 -11142.13,3092.87 -11142.13,6908.12 0,3815.25 4988.51,6908.12 11142.13,6908.12 6153.63,0 11142.14,-3092.87 11142.14,-6908.12z"/>
    <path id="_410" class="fil158" d="M-11684.59 35621.11c0,3810.59 -4982.41,6899.69 -11128.53,6899.69 -6146.11,0 -11128.52,-3089.1 -11128.52,-6899.69 0,-3810.59 4982.41,-6899.69 11128.52,-6899.69 6146.12,0 11128.53,3089.1 11128.53,6899.69zm40.82 0c0,-3824.57 -5000.69,-6924.99 -11169.35,-6924.99 -6168.65,0 -11169.34,3100.42 -11169.34,6924.99 0,3824.57 5000.69,6924.99 11169.34,6924.99 6168.66,0 11169.35,-3100.42 11169.35,-6924.99z"/>
    <path id="_411" class="fil158" d="M-11657.38 35621.11c0,3819.91 -4994.59,6916.56 -11155.74,6916.56 -6161.14,0 -11155.73,-3096.65 -11155.73,-6916.56 0,-3819.91 4994.59,-6916.56 11155.73,-6916.56 6161.15,0 11155.74,3096.65 11155.74,6916.56zm40.82 0c0,-3833.88 -5012.87,-6941.86 -11196.56,-6941.86 -6183.68,0 -11196.55,3107.98 -11196.55,6941.86 0,3833.88 5012.87,6941.86 11196.55,6941.86 6183.69,0 11196.56,-3107.98 11196.56,-6941.86z"/>
    <path id="_412" class="fil158" d="M-11630.17 35621.11c0,3829.23 -5006.77,6933.43 -11182.95,6933.43 -6176.17,0 -11182.94,-3104.2 -11182.94,-6933.43 0,-3829.23 5006.77,-6933.43 11182.94,-6933.43 6176.18,0 11182.95,3104.2 11182.95,6933.43zm40.81 0c0,-3843.2 -5025.04,-6958.73 -11223.76,-6958.73 -6198.71,0 -11223.75,3115.53 -11223.75,6958.73 0,3843.2 5025.04,6958.73 11223.75,6958.73 6198.72,0 11223.76,-3115.53 11223.76,-6958.73z"/>
    <path id="_413" class="fil159" d="M-11602.96 35621.11c0,3838.54 -5018.96,6950.3 -11210.16,6950.3 -6191.19,0 -11210.15,-3111.76 -11210.15,-6950.3 0,-3838.54 5018.96,-6950.3 11210.15,-6950.3 6191.2,0 11210.16,3111.76 11210.16,6950.3zm40.81 0c0,-3852.52 -5037.23,-6975.6 -11250.97,-6975.6 -6213.73,0 -11250.96,3123.08 -11250.96,6975.6 0,3852.52 5037.23,6975.6 11250.96,6975.6 6213.74,0 11250.97,-3123.08 11250.97,-6975.6z"/>
    <path id="_414" class="fil160" d="M-11575.75 35621.11c0,3847.86 -5031.14,6967.17 -11237.37,6967.17 -6206.22,0 -11237.36,-3119.31 -11237.36,-6967.17 0,-3847.86 5031.14,-6967.17 11237.36,-6967.17 6206.23,0 11237.37,3119.31 11237.37,6967.17zm40.81 0c0,-3861.83 -5049.41,-6992.47 -11278.18,-6992.47 -6228.76,0 -11278.17,3130.64 -11278.17,6992.47 0,3861.83 5049.41,6992.47 11278.17,6992.47 6228.77,0 11278.18,-3130.64 11278.18,-6992.47z"/>
    <path id="_415" class="fil160" d="M-11548.54 35621.11c0,3857.18 -5043.32,6984.03 -11264.58,6984.03 -6221.25,0 -11264.57,-3126.85 -11264.57,-6984.03 0,-3857.18 5043.32,-6984.03 11264.57,-6984.03 6221.26,0 11264.58,3126.85 11264.58,6984.03zm40.81 0c0,-3871.15 -5061.59,-7009.34 -11305.39,-7009.34 -6243.79,0 -11305.38,3138.19 -11305.38,7009.34 0,3871.15 5061.59,7009.34 11305.38,7009.34 6243.8,0 11305.39,-3138.19 11305.39,-7009.34z"/>
    <path id="_416" class="fil161" d="M-11521.33 35621.11c0,3866.49 -5055.51,7000.9 -11291.79,7000.9 -6236.27,0 -11291.78,-3134.41 -11291.78,-7000.9 0,-3866.49 5055.51,-7000.9 11291.78,-7000.9 6236.28,0 11291.79,3134.41 11291.79,7000.9zm40.81 0c0,-3880.47 -5073.78,-7026.21 -11332.6,-7026.21 -6258.81,0 -11332.59,3145.74 -11332.59,7026.21 0,3880.47 5073.78,7026.21 11332.59,7026.21 6258.82,0 11332.6,-3145.74 11332.6,-7026.21z"/>
    <path id="_417" class="fil161" d="M-11494.12 35621.11c0,3875.81 -5067.69,7017.77 -11319,7017.77 -6251.3,0 -11318.99,-3141.96 -11318.99,-7017.77 0,-3875.81 5067.69,-7017.77 11318.99,-7017.77 6251.31,0 11319,3141.96 11319,7017.77zm40.81 0c0,-3889.78 -5085.96,-7043.08 -11359.81,-7043.08 -6273.84,0 -11359.8,3153.3 -11359.8,7043.08 0,3889.78 5085.96,7043.08 11359.8,7043.08 6273.85,0 11359.81,-3153.3 11359.81,-7043.08z"/>
    <path id="_418" class="fil161" d="M-11466.91 35621.11c0,3885.13 -5079.87,7034.64 -11346.21,7034.64 -6266.33,0 -11346.2,-3149.51 -11346.2,-7034.64 0,-3885.13 5079.87,-7034.64 11346.2,-7034.64 6266.34,0 11346.21,3149.51 11346.21,7034.64zm40.81 0c0,-3899.1 -5098.14,-7059.95 -11387.02,-7059.95 -6288.87,0 -11387.01,3160.85 -11387.01,7059.95 0,3899.1 5098.14,7059.95 11387.01,7059.95 6288.88,0 11387.02,-3160.85 11387.02,-7059.95z"/>
    <path id="_419" class="fil162" d="M-11439.71 35621.11c0,3894.44 -5092.04,7051.51 -11373.41,7051.51 -6281.36,0 -11373.4,-3157.07 -11373.4,-7051.51 0,-3894.44 5092.04,-7051.51 11373.4,-7051.51 6281.37,0 11373.41,3157.07 11373.41,7051.51zm40.82 0c0,-3908.42 -5110.32,-7076.82 -11414.23,-7076.82 -6303.9,0 -11414.22,3168.4 -11414.22,7076.82 0,3908.42 5110.32,7076.82 11414.22,7076.82 6303.91,0 11414.23,-3168.4 11414.23,-7076.82z"/>
    <path id="_420" class="fil163" d="M-11412.5 35621.11c0,3903.76 -5104.23,7068.38 -11400.62,7068.38 -6296.38,0 -11400.61,-3164.62 -11400.61,-7068.38 0,-3903.76 5104.23,-7068.38 11400.61,-7068.38 6296.39,0 11400.62,3164.62 11400.62,7068.38zm40.82 0c0,-3917.74 -5122.51,-7093.69 -11441.44,-7093.69 -6318.92,0 -11441.43,3175.95 -11441.43,7093.69 0,3917.74 5122.51,7093.69 11441.43,7093.69 6318.93,0 11441.44,-3175.95 11441.44,-7093.69z"/>
    <path id="_421" class="fil163" d="M-11385.29 35621.11c0,3913.08 -5116.41,7085.25 -11427.83,7085.25 -6311.41,0 -11427.82,-3172.17 -11427.82,-7085.25 0,-3913.08 5116.41,-7085.25 11427.82,-7085.25 6311.42,0 11427.83,3172.17 11427.83,7085.25zm40.82 0c0,-3927.05 -5134.69,-7110.56 -11468.65,-7110.56 -6333.95,0 -11468.64,3183.51 -11468.64,7110.56 0,3927.05 5134.69,7110.56 11468.64,7110.56 6333.96,0 11468.65,-3183.51 11468.65,-7110.56z"/>
    <path id="_422" class="fil163" d="M-11358.08 35621.11c0,3922.39 -5128.59,7102.12 -11455.04,7102.12 -6326.44,0 -11455.03,-3179.73 -11455.03,-7102.12 0,-3922.39 5128.59,-7102.12 11455.03,-7102.12 6326.45,0 11455.04,3179.73 11455.04,7102.12zm40.82 0c0,-3936.37 -5146.87,-7127.43 -11495.86,-7127.43 -6348.98,0 -11495.85,3191.06 -11495.85,7127.43 0,3936.37 5146.87,7127.43 11495.85,7127.43 6348.99,0 11495.86,-3191.06 11495.86,-7127.43z"/>
    <path id="_423" class="fil163" d="M-11330.87 35621.11c0,3931.71 -5140.78,7118.99 -11482.25,7118.99 -6341.46,0 -11482.24,-3187.28 -11482.24,-7118.99 0,-3931.71 5140.78,-7118.99 11482.24,-7118.99 6341.47,0 11482.25,3187.28 11482.25,7118.99zm40.81 0c0,-3945.69 -5159.04,-7144.3 -11523.06,-7144.3 -6364.01,0 -11523.05,3198.61 -11523.05,7144.3 0,3945.69 5159.04,7144.3 11523.05,7144.3 6364.02,0 11523.06,-3198.61 11523.06,-7144.3z"/>
    <path id="_424" class="fil164" d="M-11303.66 35621.11c0,3941.03 -5152.96,7135.86 -11509.46,7135.86 -6356.49,0 -11509.45,-3194.83 -11509.45,-7135.86 0,-3941.03 5152.96,-7135.86 11509.45,-7135.86 6356.5,0 11509.46,3194.83 11509.46,7135.86zm40.81 0c0,-3955 -5171.23,-7161.17 -11550.27,-7161.17 -6379.03,0 -11550.26,3206.17 -11550.26,7161.17 0,3955 5171.23,7161.17 11550.26,7161.17 6379.04,0 11550.27,-3206.17 11550.27,-7161.17z"/>
    <path id="_425" class="fil165" d="M-11276.45 35621.11c0,3950.34 -5165.14,7152.73 -11536.67,7152.73 -6371.52,0 -11536.66,-3202.39 -11536.66,-7152.73 0,-3950.34 5165.14,-7152.73 11536.66,-7152.73 6371.53,0 11536.67,3202.39 11536.67,7152.73zm40.81 0c0,-3964.32 -5183.41,-7178.04 -11577.48,-7178.04 -6394.06,0 -11577.47,3213.72 -11577.47,7178.04 0,3964.32 5183.41,7178.04 11577.47,7178.04 6394.07,0 11577.48,-3213.72 11577.48,-7178.04z"/>
    <path id="_426" class="fil166" d="M-11249.24 35621.11c0,3959.66 -5177.32,7169.6 -11563.88,7169.6 -6386.55,0 -11563.87,-3209.94 -11563.87,-7169.6 0,-3959.66 5177.32,-7169.6 11563.87,-7169.6 6386.56,0 11563.88,3209.94 11563.88,7169.6zm40.81 0c0,-3973.64 -5195.59,-7194.91 -11604.69,-7194.91 -6409.09,0 -11604.68,3221.27 -11604.68,7194.91 0,3973.64 5195.59,7194.91 11604.68,7194.91 6409.1,0 11604.69,-3221.27 11604.69,-7194.91z"/>
    <path id="_427" class="fil166" d="M-11222.03 35621.11c0,3968.98 -5189.51,7186.47 -11591.09,7186.47 -6401.57,0 -11591.08,-3217.49 -11591.08,-7186.47 0,-3968.98 5189.51,-7186.47 11591.08,-7186.47 6401.58,0 11591.09,3217.49 11591.09,7186.47zm40.81 0c0,-3982.95 -5207.78,-7211.78 -11631.9,-7211.78 -6424.11,0 -11631.89,3228.83 -11631.89,7211.78 0,3982.95 5207.78,7211.78 11631.89,7211.78 6424.12,0 11631.9,-3228.83 11631.9,-7211.78z"/>
    <path id="_428" class="fil166" d="M-11194.82 35621.11c0,3978.3 -5201.69,7203.34 -11618.3,7203.34 -6416.6,0 -11618.29,-3225.04 -11618.29,-7203.34 0,-3978.3 5201.69,-7203.34 11618.29,-7203.34 6416.61,0 11618.3,3225.04 11618.3,7203.34zm40.81 0c0,-3992.27 -5219.96,-7228.64 -11659.11,-7228.64 -6439.14,0 -11659.1,3236.37 -11659.1,7228.64 0,3992.27 5219.96,7228.64 11659.1,7228.64 6439.15,0 11659.11,-3236.37 11659.11,-7228.64z"/>
    <path id="_429" class="fil166" d="M-11167.61 35621.11c0,3987.61 -5213.87,7220.21 -11645.51,7220.21 -6431.63,0 -11645.5,-3232.6 -11645.5,-7220.21 0,-3987.61 5213.87,-7220.21 11645.5,-7220.21 6431.64,0 11645.51,3232.6 11645.51,7220.21zm40.81 0c0,-4001.59 -5232.14,-7245.51 -11686.32,-7245.51 -6454.17,0 -11686.31,3243.92 -11686.31,7245.51 0,4001.59 5232.14,7245.51 11686.31,7245.51 6454.18,0 11686.32,-3243.92 11686.32,-7245.51z"/>
    <path id="_430" class="fil167" d="M-11140.41 35621.11c0,3996.93 -5226.05,7237.08 -11672.71,7237.08 -6446.65,0 -11672.7,-3240.15 -11672.7,-7237.08 0,-3996.93 5226.05,-7237.08 11672.7,-7237.08 6446.66,0 11672.71,3240.15 11672.71,7237.08zm40.82 0c0,-4010.9 -5244.32,-7262.38 -11713.53,-7262.38 -6469.2,0 -11713.52,3251.48 -11713.52,7262.38 0,4010.9 5244.32,7262.38 11713.52,7262.38 6469.21,0 11713.53,-3251.48 11713.53,-7262.38z"/>
    <path id="_431" class="fil167" d="M-11113.2 35621.11c0,4006.25 -5238.23,7253.95 -11699.92,7253.95 -6461.68,0 -11699.91,-3247.7 -11699.91,-7253.95 0,-4006.25 5238.23,-7253.95 11699.91,-7253.95 6461.69,0 11699.92,3247.7 11699.92,7253.95zm40.82 0c0,-4020.22 -5256.51,-7279.25 -11740.74,-7279.25 -6484.22,0 -11740.73,3259.03 -11740.73,7279.25 0,4020.22 5256.51,7279.25 11740.73,7279.25 6484.23,0 11740.74,-3259.03 11740.74,-7279.25z"/>
    <path id="_432" class="fil168" d="M-11085.99 35621.11c0,4015.56 -5250.41,7270.82 -11727.13,7270.82 -6476.71,0 -11727.12,-3255.26 -11727.12,-7270.82 0,-4015.56 5250.41,-7270.82 11727.12,-7270.82 6476.72,0 11727.13,3255.26 11727.13,7270.82zm40.82 0c0,-4029.54 -5268.69,-7296.12 -11767.95,-7296.12 -6499.25,0 -11767.94,3266.58 -11767.94,7296.12 0,4029.54 5268.69,7296.12 11767.94,7296.12 6499.26,0 11767.95,-3266.58 11767.95,-7296.12z"/>
    <path id="_433" class="fil169" d="M-11058.78 35621.11c0,4024.88 -5262.59,7287.69 -11754.34,7287.69 -6491.74,0 -11754.33,-3262.81 -11754.33,-7287.69 0,-4024.88 5262.59,-7287.69 11754.33,-7287.69 6491.75,0 11754.34,3262.81 11754.34,7287.69zm40.82 0c0,-4038.85 -5280.87,-7312.99 -11795.16,-7312.99 -6514.28,0 -11795.15,3274.14 -11795.15,7312.99 0,4038.85 5280.87,7312.99 11795.15,7312.99 6514.29,0 11795.16,-3274.14 11795.16,-7312.99z"/>
    <path id="_434" class="fil169" d="M-11031.57 35621.11c0,4034.2 -5274.78,7304.56 -11781.55,7304.56 -6506.76,0 -11781.54,-3270.36 -11781.54,-7304.56 0,-4034.2 5274.78,-7304.56 11781.54,-7304.56 6506.77,0 11781.55,3270.36 11781.55,7304.56zm40.82 0c0,-4048.17 -5293.06,-7329.86 -11822.37,-7329.86 -6529.3,0 -11822.36,3281.69 -11822.36,7329.86 0,4048.17 5293.06,7329.86 11822.36,7329.86 6529.31,0 11822.37,-3281.69 11822.37,-7329.86z"/>
    <path id="_435" class="fil169" d="M-11004.36 35621.11c0,4043.51 -5286.96,7321.43 -11808.76,7321.43 -6521.79,0 -11808.75,-3277.92 -11808.75,-7321.43 0,-4043.51 5286.96,-7321.43 11808.75,-7321.43 6521.8,0 11808.76,3277.92 11808.76,7321.43zm40.81 0c0,-4057.49 -5305.23,-7346.73 -11849.57,-7346.73 -6544.33,0 -11849.56,3289.24 -11849.56,7346.73 0,4057.49 5305.23,7346.73 11849.56,7346.73 6544.34,0 11849.57,-3289.24 11849.57,-7346.73z"/>
    <path id="_436" class="fil170" d="M-10977.15 35621.11c0,4052.83 -5299.14,7338.3 -11835.97,7338.3 -6536.82,0 -11835.96,-3285.47 -11835.96,-7338.3 0,-4052.83 5299.14,-7338.3 11835.96,-7338.3 6536.83,0 11835.97,3285.47 11835.97,7338.3zm40.81 0c0,-4066.81 -5317.41,-7363.6 -11876.78,-7363.6 -6559.36,0 -11876.77,3296.79 -11876.77,7363.6 0,4066.81 5317.41,7363.6 11876.77,7363.6 6559.37,0 11876.78,-3296.79 11876.78,-7363.6z"/>
    <path id="_437" class="fil170" d="M-10949.94 35621.11c0,4062.15 -5311.33,7355.17 -11863.18,7355.17 -6551.84,0 -11863.17,-3293.02 -11863.17,-7355.17 0,-4062.15 5311.33,-7355.17 11863.17,-7355.17 6551.85,0 11863.18,3293.02 11863.18,7355.17zm40.81 0c0,-4076.12 -5329.59,-7380.47 -11903.99,-7380.47 -6574.39,0 -11903.98,3304.35 -11903.98,7380.47 0,4076.12 5329.59,7380.47 11903.98,7380.47 6574.4,0 11903.99,-3304.35 11903.99,-7380.47z"/>
    <path id="_438" class="fil170" d="M-10922.73 35621.11c0,4071.46 -5323.51,7372.04 -11890.39,7372.04 -6566.87,0 -11890.38,-3300.58 -11890.38,-7372.04 0,-4071.46 5323.51,-7372.04 11890.38,-7372.04 6566.88,0 11890.39,3300.58 11890.39,7372.04zm40.81 0c0,-4085.44 -5341.78,-7397.34 -11931.2,-7397.34 -6589.41,0 -11931.19,3311.9 -11931.19,7397.34 0,4085.44 5341.78,7397.34 11931.19,7397.34 6589.42,0 11931.2,-3311.9 11931.2,-7397.34z"/>
    <path id="_439" class="fil171" d="M-10895.52 35621.11c0,4080.78 -5335.69,7388.91 -11917.6,7388.91 -6581.9,0 -11917.59,-3308.13 -11917.59,-7388.91 0,-4080.78 5335.69,-7388.91 11917.59,-7388.91 6581.91,0 11917.6,3308.13 11917.6,7388.91zm40.81 0c0,-4094.76 -5353.96,-7414.21 -11958.41,-7414.21 -6604.44,0 -11958.4,3319.45 -11958.4,7414.21 0,4094.76 5353.96,7414.21 11958.4,7414.21 6604.45,0 11958.41,-3319.45 11958.41,-7414.21z"/>
    <path id="_440" class="fil172" d="M-10868.31 35621.11c0,4090.1 -5347.87,7405.78 -11944.81,7405.78 -6596.93,0 -11944.8,-3315.68 -11944.8,-7405.78 0,-4090.1 5347.87,-7405.78 11944.8,-7405.78 6596.94,0 11944.81,3315.68 11944.81,7405.78zm40.81 0c0,-4104.07 -5366.14,-7431.08 -11985.62,-7431.08 -6619.47,0 -11985.61,3327.01 -11985.61,7431.08 0,4104.07 5366.14,7431.08 11985.61,7431.08 6619.48,0 11985.62,-3327.01 11985.62,-7431.08z"/>
    <path id="_441" class="fil172" d="M-10841.1 35621.11c0,4099.41 -5360.06,7422.65 -11972.02,7422.65 -6611.95,0 -11972.01,-3323.24 -11972.01,-7422.65 0,-4099.41 5360.06,-7422.65 11972.01,-7422.65 6611.96,0 11972.02,3323.24 11972.02,7422.65zm40.81 0c0,-4113.39 -5378.33,-7447.95 -12012.83,-7447.95 -6634.49,0 -12012.82,3334.56 -12012.82,7447.95 0,4113.39 5378.33,7447.95 12012.82,7447.95 6634.5,0 12012.83,-3334.56 12012.83,-7447.95z"/>
    <path id="_442" class="fil173" d="M-10813.9 35621.11c0,4108.73 -5372.23,7439.52 -11999.22,7439.52 -6626.98,0 -11999.21,-3330.79 -11999.21,-7439.52 0,-4108.73 5372.23,-7439.52 11999.21,-7439.52 6626.99,0 11999.22,3330.79 11999.22,7439.52zm40.82 0c0,-4122.71 -5390.51,-7464.82 -12040.04,-7464.82 -6649.52,0 -12040.03,3342.11 -12040.03,7464.82 0,4122.71 5390.51,7464.82 12040.03,7464.82 6649.53,0 12040.04,-3342.11 12040.04,-7464.82z"/>
    <path id="_443" class="fil173" d="M-10786.69 35621.11c0,4118.05 -5384.41,7456.39 -12026.43,7456.39 -6642.01,0 -12026.42,-3338.34 -12026.42,-7456.39 0,-4118.05 5384.41,-7456.39 12026.42,-7456.39 6642.02,0 12026.43,3338.34 12026.43,7456.39zm40.82 0c0,-4132.02 -5402.69,-7481.69 -12067.25,-7481.69 -6664.55,0 -12067.24,3349.67 -12067.24,7481.69 0,4132.02 5402.69,7481.69 12067.24,7481.69 6664.56,0 12067.25,-3349.67 12067.25,-7481.69z"/>
    <path id="_444" class="fil173" d="M-10759.48 35621.11c0,4127.36 -5396.59,7473.25 -12053.64,7473.25 -6657.04,0 -12053.63,-3345.89 -12053.63,-7473.25 0,-4127.36 5396.59,-7473.25 12053.63,-7473.25 6657.05,0 12053.64,3345.89 12053.64,7473.25zm40.82 0c0,-4141.34 -5414.87,-7498.56 -12094.46,-7498.56 -6679.58,0 -12094.45,3357.22 -12094.45,7498.56 0,4141.34 5414.87,7498.56 12094.45,7498.56 6679.59,0 12094.46,-3357.22 12094.46,-7498.56z"/>
    <path id="_445" class="fil173" d="M-10732.27 35621.11c0,4136.68 -5408.78,7490.12 -12080.85,7490.12 -6672.06,0 -12080.84,-3353.44 -12080.84,-7490.12 0,-4136.68 5408.78,-7490.12 12080.84,-7490.12 6672.07,0 12080.85,3353.44 12080.85,7490.12zm40.82 0c0,-4150.66 -5427.06,-7515.43 -12121.67,-7515.43 -6694.6,0 -12121.66,3364.77 -12121.66,7515.43 0,4150.66 5427.06,7515.43 12121.66,7515.43 6694.61,0 12121.67,-3364.77 12121.67,-7515.43z"/>
    <path id="_446" class="fil174" d="M-10705.06 35621.11c0,4146 -5420.96,7506.99 -12108.06,7506.99 -6687.09,0 -12108.05,-3360.99 -12108.05,-7506.99 0,-4146 5420.96,-7506.99 12108.05,-7506.99 6687.1,0 12108.06,3360.99 12108.06,7506.99zm40.81 0c0,-4159.97 -5439.23,-7532.3 -12148.87,-7532.3 -6709.63,0 -12148.86,3372.33 -12148.86,7532.3 0,4159.97 5439.23,7532.3 12148.86,7532.3 6709.64,0 12148.87,-3372.33 12148.87,-7532.3z"/>
    <path id="_447" class="fil174" d="M-10677.85 35621.11c0,4155.32 -5433.14,7523.86 -12135.27,7523.86 -6702.12,0 -12135.26,-3368.54 -12135.26,-7523.86 0,-4155.32 5433.14,-7523.86 12135.26,-7523.86 6702.13,0 12135.27,3368.54 12135.27,7523.86zm40.81 0c0,-4169.29 -5451.41,-7549.17 -12176.08,-7549.17 -6724.66,0 -12176.07,3379.88 -12176.07,7549.17 0,4169.29 5451.41,7549.17 12176.07,7549.17 6724.67,0 12176.08,-3379.88 12176.08,-7549.17z"/>
    <path id="_448" class="fil175" d="M-10650.64 35621.11c0,4164.63 -5445.33,7540.73 -12162.48,7540.73 -6717.14,0 -12162.47,-3376.1 -12162.47,-7540.73 0,-4164.63 5445.33,-7540.73 12162.47,-7540.73 6717.15,0 12162.48,3376.1 12162.48,7540.73zm40.81 0c0,-4178.61 -5463.6,-7566.04 -12203.29,-7566.04 -6739.68,0 -12203.28,3387.43 -12203.28,7566.04 0,4178.61 5463.6,7566.04 12203.28,7566.04 6739.69,0 12203.29,-3387.43 12203.29,-7566.04z"/>
    <path id="_449" class="fil175" d="M-10623.43 35621.11c0,4173.95 -5457.51,7557.6 -12189.69,7557.6 -6732.17,0 -12189.68,-3383.65 -12189.68,-7557.6 0,-4173.95 5457.51,-7557.6 12189.68,-7557.6 6732.18,0 12189.69,3383.65 12189.69,7557.6zm40.81 0c0,-4187.92 -5475.78,-7582.91 -12230.5,-7582.91 -6754.71,0 -12230.49,3394.99 -12230.49,7582.91 0,4187.92 5475.78,7582.91 12230.49,7582.91 6754.72,0 12230.5,-3394.99 12230.5,-7582.91z"/>
    <path id="_450" class="fil175" d="M-10596.22 35621.11c0,4183.27 -5469.69,7574.47 -12216.9,7574.47 -6747.2,0 -12216.89,-3391.2 -12216.89,-7574.47 0,-4183.27 5469.69,-7574.47 12216.89,-7574.47 6747.21,0 12216.9,3391.2 12216.9,7574.47zm40.81 0c0,-4197.24 -5487.96,-7599.78 -12257.71,-7599.78 -6769.74,0 -12257.7,3402.54 -12257.7,7599.78 0,4197.24 5487.96,7599.78 12257.7,7599.78 6769.75,0 12257.71,-3402.54 12257.71,-7599.78z"/>
    <path id="_451" class="fil175" d="M-10569.01 35621.11c0,4192.58 -5481.87,7591.34 -12244.11,7591.34 -6762.23,0 -12244.1,-3398.76 -12244.1,-7591.34 0,-4192.58 5481.87,-7591.34 12244.1,-7591.34 6762.24,0 12244.11,3398.76 12244.11,7591.34zm40.81 0c0,-4206.56 -5500.14,-7616.65 -12284.92,-7616.65 -6784.77,0 -12284.91,3410.09 -12284.91,7616.65 0,4206.56 5500.14,7616.65 12284.91,7616.65 6784.78,0 12284.92,-3410.09 12284.92,-7616.65z"/>
    <path id="_452" class="fil176" d="M-10541.8 35621.11c0,4201.9 -5494.06,7608.21 -12271.32,7608.21 -6777.25,0 -12271.31,-3406.31 -12271.31,-7608.21 0,-4201.9 5494.06,-7608.21 12271.31,-7608.21 6777.26,0 12271.32,3406.31 12271.32,7608.21zm40.81 0c0,-4215.87 -5512.33,-7633.52 -12312.13,-7633.52 -6799.79,0 -12312.12,3417.65 -12312.12,7633.52 0,4215.87 5512.33,7633.52 12312.12,7633.52 6799.8,0 12312.13,-3417.65 12312.13,-7633.52z"/>
    <path id="_453" class="fil176" d="M-10514.6 35621.11c0,4211.22 -5506.23,7625.08 -12298.52,7625.08 -6792.28,0 -12298.51,-3413.86 -12298.51,-7625.08 0,-4211.22 5506.23,-7625.08 12298.51,-7625.08 6792.29,0 12298.52,3413.86 12298.52,7625.08zm40.82 0c0,-4225.19 -5524.51,-7650.39 -12339.34,-7650.39 -6814.82,0 -12339.33,3425.2 -12339.33,7650.39 0,4225.19 5524.51,7650.39 12339.33,7650.39 6814.83,0 12339.34,-3425.2 12339.34,-7650.39z"/>
    <path id="_454" class="fil177" d="M-10487.39 35621.11c0,4220.53 -5518.41,7641.95 -12325.73,7641.95 -6807.31,0 -12325.72,-3421.42 -12325.72,-7641.95 0,-4220.53 5518.41,-7641.95 12325.72,-7641.95 6807.32,0 12325.73,3421.42 12325.73,7641.95zm40.82 0c0,-4234.51 -5536.69,-7667.26 -12366.55,-7667.26 -6829.85,0 -12366.54,3432.75 -12366.54,7667.26 0,4234.51 5536.69,7667.26 12366.54,7667.26 6829.86,0 12366.55,-3432.75 12366.55,-7667.26z"/>
    <path id="_455" class="fil177" d="M-10460.18 35621.11c0,4229.85 -5530.6,7658.82 -12352.94,7658.82 -6822.33,0 -12352.93,-3428.97 -12352.93,-7658.82 0,-4229.85 5530.6,-7658.82 12352.93,-7658.82 6822.34,0 12352.94,3428.97 12352.94,7658.82zm40.82 0c0,-4243.83 -5548.88,-7684.13 -12393.76,-7684.13 -6844.87,0 -12393.75,3440.3 -12393.75,7684.13 0,4243.83 5548.88,7684.13 12393.75,7684.13 6844.88,0 12393.76,-3440.3 12393.76,-7684.13z"/>
    <path id="_456" class="fil178" d="M-10432.97 35621.11c0,4239.17 -5542.78,7675.69 -12380.15,7675.69 -6837.36,0 -12380.14,-3436.52 -12380.14,-7675.69 0,-4239.17 5542.78,-7675.69 12380.14,-7675.69 6837.37,0 12380.15,3436.52 12380.15,7675.69zm40.82 0c0,-4253.14 -5561.06,-7701 -12420.97,-7701 -6859.9,0 -12420.96,3447.86 -12420.96,7701 0,4253.14 5561.06,7701 12420.96,7701 6859.91,0 12420.97,-3447.86 12420.97,-7701z"/>
    <path id="_457" class="fil178" d="M-10405.76 35621.11c0,4248.48 -5554.96,7692.56 -12407.36,7692.56 -6852.39,0 -12407.35,-3444.08 -12407.35,-7692.56 0,-4248.48 5554.96,-7692.56 12407.35,-7692.56 6852.4,0 12407.36,3444.08 12407.36,7692.56zm40.81 0c0,-4262.46 -5573.23,-7717.86 -12448.17,-7717.86 -6874.93,0 -12448.16,3455.4 -12448.16,7717.86 0,4262.46 5573.23,7717.86 12448.16,7717.86 6874.94,0 12448.17,-3455.4 12448.17,-7717.86z"/>
    <path id="_458" class="fil178" d="M-10378.55 35621.11c0,4257.8 -5567.14,7709.43 -12434.57,7709.43 -6867.42,0 -12434.56,-3451.63 -12434.56,-7709.43 0,-4257.8 5567.14,-7709.43 12434.56,-7709.43 6867.43,0 12434.57,3451.63 12434.57,7709.43zm40.81 0c0,-4271.78 -5585.41,-7734.73 -12475.38,-7734.73 -6889.96,0 -12475.37,3462.95 -12475.37,7734.73 0,4271.78 5585.41,7734.73 12475.37,7734.73 6889.97,0 12475.38,-3462.95 12475.38,-7734.73z"/>
    <path id="_459" class="fil179" d="M-10351.34 35621.11c0,4267.12 -5579.33,7726.3 -12461.78,7726.3 -6882.44,0 -12461.77,-3459.18 -12461.77,-7726.3 0,-4267.12 5579.33,-7726.3 12461.77,-7726.3 6882.45,0 12461.78,3459.18 12461.78,7726.3zm40.81 0c0,-4281.09 -5597.6,-7751.6 -12502.59,-7751.6 -6904.98,0 -12502.58,3470.51 -12502.58,7751.6 0,4281.09 5597.6,7751.6 12502.58,7751.6 6904.99,0 12502.59,-3470.51 12502.59,-7751.6z"/>
    <path id="_460" class="fil180" d="M-10324.13 35621.11c0,4276.43 -5591.51,7743.17 -12488.99,7743.17 -6897.47,0 -12488.98,-3466.74 -12488.98,-7743.17 0,-4276.43 5591.51,-7743.17 12488.98,-7743.17 6897.48,0 12488.99,3466.74 12488.99,7743.17zm40.81 0c0,-4290.41 -5609.78,-7768.47 -12529.8,-7768.47 -6920.01,0 -12529.79,3478.06 -12529.79,7768.47 0,4290.41 5609.78,7768.47 12529.79,7768.47 6920.02,0 12529.8,-3478.06 12529.8,-7768.47z"/>
    <path id="_461" class="fil180" d="M-10296.92 35621.11c0,4285.75 -5603.69,7760.04 -12516.2,7760.04 -6912.5,0 -12516.19,-3474.29 -12516.19,-7760.04 0,-4285.75 5603.69,-7760.04 12516.19,-7760.04 6912.51,0 12516.2,3474.29 12516.2,7760.04zm40.81 0c0,-4299.73 -5621.96,-7785.34 -12557.01,-7785.34 -6935.04,0 -12557,3485.61 -12557,7785.34 0,4299.73 5621.96,7785.34 12557,7785.34 6935.05,0 12557.01,-3485.61 12557.01,-7785.34z"/>
    <path id="_462" class="fil180" d="M-10269.71 35621.11c0,4295.07 -5615.88,7776.91 -12543.41,7776.91 -6927.52,0 -12543.4,-3481.84 -12543.4,-7776.91 0,-4295.07 5615.88,-7776.91 12543.4,-7776.91 6927.53,0 12543.41,3481.84 12543.41,7776.91zm40.81 0c0,-4309.04 -5634.14,-7802.21 -12584.22,-7802.21 -6950.07,0 -12584.21,3493.17 -12584.21,7802.21 0,4309.04 5634.14,7802.21 12584.21,7802.21 6950.08,0 12584.22,-3493.17 12584.22,-7802.21z"/>
    <path id="_463" class="fil180" d="M-10242.5 35621.11c0,4304.38 -5628.06,7793.78 -12570.62,7793.78 -6942.55,0 -12570.61,-3489.4 -12570.61,-7793.78 0,-4304.38 5628.06,-7793.78 12570.61,-7793.78 6942.56,0 12570.62,3489.4 12570.62,7793.78zm40.81 0c0,-4318.36 -5646.33,-7819.08 -12611.43,-7819.08 -6965.09,0 -12611.42,3500.72 -12611.42,7819.08 0,4318.36 5646.33,7819.08 12611.42,7819.08 6965.1,0 12611.43,-3500.72 12611.43,-7819.08z"/>
    <path id="_464" class="fil180" d="M-10215.3 35621.11c0,4313.7 -5640.23,7810.65 -12597.82,7810.65 -6957.58,0 -12597.81,-3496.95 -12597.81,-7810.65 0,-4313.7 5640.23,-7810.65 12597.81,-7810.65 6957.59,0 12597.82,3496.95 12597.82,7810.65zm40.82 0c0,-4327.68 -5658.51,-7835.95 -12638.64,-7835.95 -6980.12,0 -12638.63,3508.27 -12638.63,7835.95 0,4327.68 5658.51,7835.95 12638.63,7835.95 6980.13,0 12638.64,-3508.27 12638.64,-7835.95z"/>
    <path id="_465" class="fil181" d="M-10188.09 35621.11c0,4323.02 -5652.41,7827.52 -12625.03,7827.52 -6972.61,0 -12625.02,-3504.5 -12625.02,-7827.52 0,-4323.02 5652.41,-7827.52 12625.02,-7827.52 6972.62,0 12625.03,3504.5 12625.03,7827.52zm40.82 0c0,-4336.99 -5670.69,-7852.82 -12665.85,-7852.82 -6995.15,0 -12665.84,3515.83 -12665.84,7852.82 0,4336.99 5670.69,7852.82 12665.84,7852.82 6995.16,0 12665.85,-3515.83 12665.85,-7852.82z"/>
    <path id="_466" class="fil182" d="M-10160.88 35621.11c0,4332.34 -5664.6,7844.39 -12652.24,7844.39 -6987.63,0 -12652.23,-3512.05 -12652.23,-7844.39 0,-4332.34 5664.6,-7844.39 12652.23,-7844.39 6987.64,0 12652.24,3512.05 12652.24,7844.39zm40.82 0c0,-4346.31 -5682.88,-7869.69 -12693.06,-7869.69 -7010.17,0 -12693.05,3523.38 -12693.05,7869.69 0,4346.31 5682.88,7869.69 12693.05,7869.69 7010.18,0 12693.06,-3523.38 12693.06,-7869.69z"/>
    <path id="_467" class="fil183" d="M-10133.67 35621.11c0,4341.65 -5676.78,7861.26 -12679.45,7861.26 -7002.66,0 -12679.44,-3519.61 -12679.44,-7861.26 0,-4341.65 5676.78,-7861.26 12679.44,-7861.26 7002.67,0 12679.45,3519.61 12679.45,7861.26zm40.82 0c0,-4355.63 -5695.06,-7886.56 -12720.27,-7886.56 -7025.2,0 -12720.26,3530.93 -12720.26,7886.56 0,4355.63 5695.06,7886.56 12720.26,7886.56 7025.21,0 12720.27,-3530.93 12720.27,-7886.56z"/>
    <path id="_468" class="fil183" d="M-10106.46 35621.11c0,4350.97 -5688.96,7878.13 -12706.66,7878.13 -7017.69,0 -12706.65,-3527.16 -12706.65,-7878.13 0,-4350.97 5688.96,-7878.13 12706.65,-7878.13 7017.7,0 12706.66,3527.16 12706.66,7878.13zm40.81 0c0,-4364.94 -5707.23,-7903.43 -12747.47,-7903.43 -7040.23,0 -12747.46,3538.49 -12747.46,7903.43 0,4364.94 5707.23,7903.43 12747.46,7903.43 7040.24,0 12747.47,-3538.49 12747.47,-7903.43z"/>
    <path id="_469" class="fil183" d="M-10079.25 35621.11c0,4360.29 -5701.15,7895 -12733.87,7895 -7032.71,0 -12733.86,-3534.71 -12733.86,-7895 0,-4360.29 5701.15,-7895 12733.86,-7895 7032.72,0 12733.87,3534.71 12733.87,7895zm40.81 0c0,-4374.26 -5719.41,-7920.3 -12774.68,-7920.3 -7055.26,0 -12774.67,3546.04 -12774.67,7920.3 0,4374.26 5719.41,7920.3 12774.67,7920.3 7055.27,0 12774.68,-3546.04 12774.68,-7920.3z"/>
    <path id="_470" class="fil183" d="M-10052.04 35621.11c0,4369.6 -5713.33,7911.87 -12761.08,7911.87 -7047.74,0 -12761.07,-3542.27 -12761.07,-7911.87 0,-4369.6 5713.33,-7911.87 12761.07,-7911.87 7047.75,0 12761.08,3542.27 12761.08,7911.87zm40.81 0c0,-4383.58 -5731.6,-7937.17 -12801.89,-7937.17 -7070.28,0 -12801.88,3553.59 -12801.88,7937.17 0,4383.58 5731.6,7937.17 12801.88,7937.17 7070.29,0 12801.89,-3553.59 12801.89,-7937.17z"/>
    <path id="_471" class="fil183" d="M-10024.83 35621.11c0,4378.92 -5725.51,7928.74 -12788.29,7928.74 -7062.77,0 -12788.28,-3549.82 -12788.28,-7928.74 0,-4378.92 5725.51,-7928.74 12788.28,-7928.74 7062.78,0 12788.29,3549.82 12788.29,7928.74zm40.81 0c0,-4392.89 -5743.78,-7954.04 -12829.1,-7954.04 -7085.31,0 -12829.09,3561.15 -12829.09,7954.04 0,4392.89 5743.78,7954.04 12829.09,7954.04 7085.32,0 12829.1,-3561.15 12829.1,-7954.04z"/>
    <path id="_472" class="fil183" d="M-9997.62 35621.11c0,4388.24 -5737.69,7945.6 -12815.5,7945.6 -7077.8,0 -12815.49,-3557.36 -12815.49,-7945.6 0,-4388.24 5737.69,-7945.6 12815.49,-7945.6 7077.81,0 12815.5,3557.36 12815.5,7945.6zm40.81 0c0,-4402.21 -5755.96,-7970.91 -12856.31,-7970.91 -7100.34,0 -12856.3,3568.7 -12856.3,7970.91 0,4402.21 5755.96,7970.91 12856.3,7970.91 7100.35,0 12856.31,-3568.7 12856.31,-7970.91z"/>
    <path id="_473" class="fil184" d="M-9970.41 35621.11c0,4397.55 -5749.88,7962.47 -12842.71,7962.47 -7092.82,0 -12842.7,-3564.92 -12842.7,-7962.47 0,-4397.55 5749.88,-7962.47 12842.7,-7962.47 7092.83,0 12842.71,3564.92 12842.71,7962.47zm40.81 0c0,-4411.53 -5768.15,-7987.78 -12883.52,-7987.78 -7115.36,0 -12883.51,3576.25 -12883.51,7987.78 0,4411.53 5768.15,7987.78 12883.51,7987.78 7115.37,0 12883.52,-3576.25 12883.52,-7987.78z"/>
    <path id="_474" class="fil185" d="M-9943.2 35621.11c0,4406.87 -5762.06,7979.34 -12869.92,7979.34 -7107.85,0 -12869.91,-3572.47 -12869.91,-7979.34 0,-4406.87 5762.06,-7979.34 12869.91,-7979.34 7107.86,0 12869.92,3572.47 12869.92,7979.34zm40.81 0c0,-4420.85 -5780.33,-8004.65 -12910.73,-8004.65 -7130.39,0 -12910.72,3583.8 -12910.72,8004.65 0,4420.85 5780.33,8004.65 12910.72,8004.65 7130.4,0 12910.73,-3583.8 12910.73,-8004.65z"/>
    <path id="_475" class="fil185" d="M-9915.99 35621.11c0,4416.19 -5774.24,7996.21 -12897.13,7996.21 -7122.88,0 -12897.12,-3580.02 -12897.12,-7996.21 0,-4416.19 5774.24,-7996.21 12897.12,-7996.21 7122.89,0 12897.13,3580.02 12897.13,7996.21zm40.81 0c0,-4430.16 -5792.51,-8021.52 -12937.94,-8021.52 -7145.42,0 -12937.93,3591.36 -12937.93,8021.52 0,4430.16 5792.51,8021.52 12937.93,8021.52 7145.43,0 12937.94,-3591.36 12937.94,-8021.52z"/>
    <path id="_476" class="fil185" d="M-9888.79 35621.11c0,4425.5 -5786.42,8013.08 -12924.33,8013.08 -7137.9,0 -12924.32,-3587.58 -12924.32,-8013.08 0,-4425.5 5786.42,-8013.08 12924.32,-8013.08 7137.91,0 12924.33,3587.58 12924.33,8013.08zm40.82 0c0,-4439.48 -5804.69,-8038.39 -12965.15,-8038.39 -7160.45,0 -12965.14,3598.91 -12965.14,8038.39 0,4439.48 5804.69,8038.39 12965.14,8038.39 7160.46,0 12965.15,-3598.91 12965.15,-8038.39z"/>
    <path id="_477" class="fil185" d="M-9861.58 35621.11c0,4434.82 -5798.6,8029.95 -12951.54,8029.95 -7152.93,0 -12951.53,-3595.13 -12951.53,-8029.95 0,-4434.82 5798.6,-8029.95 12951.53,-8029.95 7152.94,0 12951.54,3595.13 12951.54,8029.95zm40.82 0c0,-4448.8 -5816.88,-8055.26 -12992.36,-8055.26 -7175.47,0 -12992.35,3606.46 -12992.35,8055.26 0,4448.8 5816.88,8055.26 12992.35,8055.26 7175.48,0 12992.36,-3606.46 12992.36,-8055.26z"/>
    <path id="_478" class="fil185" d="M-9834.37 35621.11c0,4444.14 -5810.78,8046.82 -12978.75,8046.82 -7167.96,0 -12978.74,-3602.68 -12978.74,-8046.82 0,-4444.14 5810.78,-8046.82 12978.74,-8046.82 7167.97,0 12978.75,3602.68 12978.75,8046.82zm40.82 0c0,-4458.11 -5829.06,-8072.13 -13019.57,-8072.13 -7190.5,0 -13019.56,3614.02 -13019.56,8072.13 0,4458.11 5829.06,8072.13 13019.56,8072.13 7190.51,0 13019.57,-3614.02 13019.57,-8072.13z"/>
    <path id="_479" class="fil186" d="M-9807.16 35621.11c0,4453.45 -5822.96,8063.69 -13005.96,8063.69 -7182.99,0 -13005.95,-3610.24 -13005.95,-8063.69 0,-4453.45 5822.96,-8063.69 13005.95,-8063.69 7183,0 13005.96,3610.24 13005.96,8063.69zm40.82 0c0,-4467.43 -5841.24,-8089 -13046.78,-8089 -7205.53,0 -13046.77,3621.57 -13046.77,8089 0,4467.43 5841.24,8089 13046.77,8089 7205.54,0 13046.78,-3621.57 13046.78,-8089z"/>
    <path id="_480" class="fil187" d="M-9779.95 35621.11c0,4462.77 -5835.15,8080.56 -13033.17,8080.56 -7198.01,0 -13033.16,-3617.79 -13033.16,-8080.56 0,-4462.77 5835.15,-8080.56 13033.16,-8080.56 7198.02,0 13033.17,3617.79 13033.17,8080.56zm40.81 0c0,-4476.75 -5853.42,-8105.87 -13073.98,-8105.87 -7220.55,0 -13073.97,3629.12 -13073.97,8105.87 0,4476.75 5853.42,8105.87 13073.97,8105.87 7220.56,0 13073.98,-3629.12 13073.98,-8105.87z"/>
    <path id="_481" class="fil187" d="M-9752.74 35621.11c0,4472.09 -5847.33,8097.43 -13060.38,8097.43 -7213.04,0 -13060.37,-3625.34 -13060.37,-8097.43 0,-4472.09 5847.33,-8097.43 13060.37,-8097.43 7213.05,0 13060.38,3625.34 13060.38,8097.43zm40.81 0c0,-4486.06 -5865.6,-8122.74 -13101.19,-8122.74 -7235.58,0 -13101.18,3636.68 -13101.18,8122.74 0,4486.06 5865.6,8122.74 13101.18,8122.74 7235.59,0 13101.19,-3636.68 13101.19,-8122.74z"/>
    <path id="_482" class="fil187" d="M-9725.53 35621.11c0,4481.4 -5859.51,8114.3 -13087.59,8114.3 -7228.07,0 -13087.58,-3632.9 -13087.58,-8114.3 0,-4481.4 5859.51,-8114.3 13087.58,-8114.3 7228.08,0 13087.59,3632.9 13087.59,8114.3zm40.81 0c0,-4495.38 -5877.78,-8139.61 -13128.4,-8139.61 -7250.61,0 -13128.39,3644.23 -13128.39,8139.61 0,4495.38 5877.78,8139.61 13128.39,8139.61 7250.62,0 13128.4,-3644.23 13128.4,-8139.61z"/>
    <path id="_483" class="fil188" d="M-9698.32 35621.11c0,4490.72 -5871.69,8131.17 -13114.8,8131.17 -7243.1,0 -13114.79,-3640.45 -13114.79,-8131.17 0,-4490.72 5871.69,-8131.17 13114.79,-8131.17 7243.11,0 13114.8,3640.45 13114.8,8131.17zm40.81 0c0,-4504.7 -5889.96,-8156.48 -13155.61,-8156.48 -7265.64,0 -13155.6,3651.78 -13155.6,8156.48 0,4504.7 5889.96,8156.48 13155.6,8156.48 7265.65,0 13155.61,-3651.78 13155.61,-8156.48z"/>
    <path id="_484" class="fil188" d="M-9671.11 35621.11c0,4500.04 -5883.88,8148.04 -13142.01,8148.04 -7258.12,0 -13142,-3648 -13142,-8148.04 0,-4500.04 5883.88,-8148.04 13142,-8148.04 7258.13,0 13142.01,3648 13142.01,8148.04zm40.81 0c0,-4514.01 -5902.15,-8173.35 -13182.82,-8173.35 -7280.66,0 -13182.81,3659.34 -13182.81,8173.35 0,4514.01 5902.15,8173.35 13182.81,8173.35 7280.67,0 13182.82,-3659.34 13182.82,-8173.35z"/>
    <path id="_485" class="fil188" d="M-9643.9 35621.11c0,4509.36 -5896.06,8164.91 -13169.22,8164.91 -7273.15,0 -13169.21,-3655.55 -13169.21,-8164.91 0,-4509.36 5896.06,-8164.91 13169.21,-8164.91 7273.16,0 13169.22,3655.55 13169.22,8164.91zm40.81 0c0,-4523.33 -5914.33,-8190.21 -13210.03,-8190.21 -7295.69,0 -13210.02,3666.88 -13210.02,8190.21 0,4523.33 5914.33,8190.21 13210.02,8190.21 7295.7,0 13210.03,-3666.88 13210.03,-8190.21z"/>
    <path id="_486" class="fil189" d="M-9616.69 35621.11c0,4518.67 -5908.24,8181.78 -13196.43,8181.78 -7288.18,0 -13196.42,-3663.11 -13196.42,-8181.78 0,-4518.67 5908.24,-8181.78 13196.42,-8181.78 7288.19,0 13196.43,3663.11 13196.43,8181.78zm40.81 0c0,-4532.65 -5926.51,-8207.08 -13237.24,-8207.08 -7310.72,0 -13237.23,3674.43 -13237.23,8207.08 0,4532.65 5926.51,8207.08 13237.23,8207.08 7310.73,0 13237.24,-3674.43 13237.24,-8207.08z"/>
    <path id="_487" class="fil189" d="M-9589.49 35621.11c0,4527.99 -5920.42,8198.65 -13223.63,8198.65 -7303.2,0 -13223.62,-3670.66 -13223.62,-8198.65 0,-4527.99 5920.42,-8198.65 13223.62,-8198.65 7303.21,0 13223.63,3670.66 13223.63,8198.65zm40.82 0c0,-4541.96 -5938.7,-8223.95 -13264.45,-8223.95 -7325.74,0 -13264.44,3681.99 -13264.44,8223.95 0,4541.96 5938.7,8223.95 13264.44,8223.95 7325.75,0 13264.45,-3681.99 13264.45,-8223.95z"/>
    <path id="_488" class="fil190" d="M-9562.28 35621.11c0,4537.31 -5932.6,8215.52 -13250.84,8215.52 -7318.23,0 -13250.83,-3678.21 -13250.83,-8215.52 0,-4537.31 5932.6,-8215.52 13250.83,-8215.52 7318.24,0 13250.84,3678.21 13250.84,8215.52zm40.82 0c0,-4551.28 -5950.88,-8240.82 -13291.66,-8240.82 -7340.77,0 -13291.65,3689.54 -13291.65,8240.82 0,4551.28 5950.88,8240.82 13291.65,8240.82 7340.78,0 13291.66,-3689.54 13291.66,-8240.82z"/>
    <path id="_489" class="fil190" d="M-9535.07 35621.11c0,4546.62 -5944.78,8232.39 -13278.05,8232.39 -7333.26,0 -13278.04,-3685.77 -13278.04,-8232.39 0,-4546.62 5944.78,-8232.39 13278.04,-8232.39 7333.27,0 13278.05,3685.77 13278.05,8232.39zm40.82 0c0,-4560.6 -5963.06,-8257.69 -13318.87,-8257.69 -7355.8,0 -13318.86,3697.09 -13318.86,8257.69 0,4560.6 5963.06,8257.69 13318.86,8257.69 7355.81,0 13318.87,-3697.09 13318.87,-8257.69z"/>
    <path id="_490" class="fil190" d="M-9507.86 35621.11c0,4555.94 -5956.96,8249.26 -13305.26,8249.26 -7348.29,0 -13305.25,-3693.32 -13305.25,-8249.26 0,-4555.94 5956.96,-8249.26 13305.25,-8249.26 7348.3,0 13305.26,3693.32 13305.26,8249.26zm40.82 0c0,-4569.92 -5975.24,-8274.56 -13346.08,-8274.56 -7370.83,0 -13346.07,3704.64 -13346.07,8274.56 0,4569.92 5975.24,8274.56 13346.07,8274.56 7370.84,0 13346.08,-3704.64 13346.08,-8274.56z"/>
    <path id="_491" class="fil190" d="M-9480.65 35621.11c0,4565.26 -5969.15,8266.13 -13332.47,8266.13 -7363.31,0 -13332.46,-3700.87 -13332.46,-8266.13 0,-4565.26 5969.15,-8266.13 13332.46,-8266.13 7363.32,0 13332.47,3700.87 13332.47,8266.13zm40.81 0c0,-4579.23 -5987.42,-8291.43 -13373.28,-8291.43 -7385.85,0 -13373.27,3712.2 -13373.27,8291.43 0,4579.23 5987.42,8291.43 13373.27,8291.43 7385.86,0 13373.28,-3712.2 13373.28,-8291.43z"/>
    <path id="_492" class="fil191" d="M-9453.44 35621.11c0,4574.57 -5981.33,8283 -13359.68,8283 -7378.34,0 -13359.67,-3708.43 -13359.67,-8283 0,-4574.57 5981.33,-8283 13359.67,-8283 7378.35,0 13359.68,3708.43 13359.68,8283zm40.81 0c0,-4588.55 -5999.6,-8308.3 -13400.49,-8308.3 -7400.88,0 -13400.48,3719.75 -13400.48,8308.3 0,4588.55 5999.6,8308.3 13400.48,8308.3 7400.89,0 13400.49,-3719.75 13400.49,-8308.3z"/>
    <path id="_493" class="fil191" d="M-9426.23 35621.11c0,4583.89 -5993.51,8299.87 -13386.89,8299.87 -7393.37,0 -13386.88,-3715.98 -13386.88,-8299.87 0,-4583.89 5993.51,-8299.87 13386.88,-8299.87 7393.38,0 13386.89,3715.98 13386.89,8299.87zm40.81 0c0,-4597.87 -6011.78,-8325.17 -13427.7,-8325.17 -7415.91,0 -13427.69,3727.3 -13427.69,8325.17 0,4597.87 6011.78,8325.17 13427.69,8325.17 7415.92,0 13427.7,-3727.3 13427.7,-8325.17z"/>
    <path id="_494" class="fil191" d="M-9399.02 35621.11c0,4593.21 -6005.7,8316.74 -13414.1,8316.74 -7408.39,0 -13414.09,-3723.53 -13414.09,-8316.74 0,-4593.21 6005.7,-8316.74 13414.09,-8316.74 7408.4,0 13414.1,3723.53 13414.1,8316.74zm40.81 0c0,-4607.18 -6023.97,-8342.04 -13454.91,-8342.04 -7430.93,0 -13454.9,3734.86 -13454.9,8342.04 0,4607.18 6023.97,8342.04 13454.9,8342.04 7430.94,0 13454.91,-3734.86 13454.91,-8342.04z"/>
    <path id="_495" class="fil192" d="M-9371.81 35621.11c0,4602.52 -6017.88,8333.61 -13441.31,8333.61 -7423.42,0 -13441.3,-3731.09 -13441.3,-8333.61 0,-4602.52 6017.88,-8333.61 13441.3,-8333.61 7423.43,0 13441.31,3731.09 13441.31,8333.61zm40.81 0c0,-4616.5 -6036.15,-8358.91 -13482.12,-8358.91 -7445.96,0 -13482.11,3742.41 -13482.11,8358.91 0,4616.5 6036.15,8358.91 13482.11,8358.91 7445.97,0 13482.12,-3742.41 13482.12,-8358.91z"/>
    <path id="_496" class="fil192" d="M-9344.6 35621.11c0,4611.84 -6030.06,8350.48 -13468.52,8350.48 -7438.45,0 -13468.51,-3738.64 -13468.51,-8350.48 0,-4611.84 6030.06,-8350.48 13468.51,-8350.48 7438.46,0 13468.52,3738.64 13468.52,8350.48zm40.81 0c0,-4625.82 -6048.33,-8375.78 -13509.33,-8375.78 -7460.99,0 -13509.32,3749.96 -13509.32,8375.78 0,4625.82 6048.33,8375.78 13509.32,8375.78 7461,0 13509.33,-3749.96 13509.33,-8375.78z"/>
    <path id="_497" class="fil192" d="M-9317.39 35621.11c0,4621.16 -6042.24,8367.35 -13495.73,8367.35 -7453.48,0 -13495.72,-3746.19 -13495.72,-8367.35 0,-4621.16 6042.24,-8367.35 13495.72,-8367.35 7453.49,0 13495.73,3746.19 13495.73,8367.35zm40.81 0c0,-4635.13 -6060.51,-8392.65 -13536.54,-8392.65 -7476.02,0 -13536.53,3757.52 -13536.53,8392.65 0,4635.13 6060.51,8392.65 13536.53,8392.65 7476.03,0 13536.54,-3757.52 13536.54,-8392.65z"/>
    <path id="_498" class="fil192" d="M-9290.19 35621.11c0,4630.47 -6054.42,8384.22 -13522.93,8384.22 -7468.5,0 -13522.92,-3753.75 -13522.92,-8384.22 0,-4630.47 6054.42,-8384.22 13522.92,-8384.22 7468.51,0 13522.93,3753.75 13522.93,8384.22zm40.82 0c0,-4644.45 -6072.7,-8409.52 -13563.75,-8409.52 -7491.04,0 -13563.74,3765.07 -13563.74,8409.52 0,4644.45 6072.7,8409.52 13563.74,8409.52 7491.05,0 13563.75,-3765.07 13563.75,-8409.52z"/>
    <path id="_499" class="fil193" d="M-9262.98 35621.11c0,4639.79 -6066.6,8401.09 -13550.14,8401.09 -7483.53,0 -13550.13,-3761.3 -13550.13,-8401.09 0,-4639.79 6066.6,-8401.09 13550.13,-8401.09 7483.54,0 13550.14,3761.3 13550.14,8401.09zm40.82 0c0,-4653.77 -6084.88,-8426.39 -13590.96,-8426.39 -7506.07,0 -13590.95,3772.62 -13590.95,8426.39 0,4653.77 6084.88,8426.39 13590.95,8426.39 7506.08,0 13590.96,-3772.62 13590.96,-8426.39z"/>
    <path id="_500" class="fil193" d="M-9235.77 35621.11c0,4649.11 -6078.78,8417.96 -13577.35,8417.96 -7498.56,0 -13577.34,-3768.85 -13577.34,-8417.96 0,-4649.11 6078.78,-8417.96 13577.34,-8417.96 7498.57,0 13577.35,3768.85 13577.35,8417.96zm40.82 0c0,-4663.08 -6097.06,-8443.26 -13618.17,-8443.26 -7521.1,0 -13618.16,3780.18 -13618.16,8443.26 0,4663.08 6097.06,8443.26 13618.16,8443.26 7521.11,0 13618.17,-3780.18 13618.17,-8443.26z"/>
    <path id="_501" class="fil193" d="M-9208.56 35621.11c0,4658.43 -6090.97,8434.82 -13604.56,8434.82 -7513.58,0 -13604.55,-3776.39 -13604.55,-8434.82 0,-4658.43 6090.97,-8434.82 13604.55,-8434.82 7513.59,0 13604.56,3776.39 13604.56,8434.82zm40.82 0c0,-4672.4 -6109.24,-8460.13 -13645.38,-8460.13 -7536.13,0 -13645.37,3787.73 -13645.37,8460.13 0,4672.4 6109.24,8460.13 13645.37,8460.13 7536.14,0 13645.38,-3787.73 13645.38,-8460.13z"/>
    <path id="_502" class="fil194" d="M-9181.35 35621.11c0,4667.74 -6103.15,8451.69 -13631.77,8451.69 -7528.61,0 -13631.76,-3783.95 -13631.76,-8451.69 0,-4667.74 6103.15,-8451.69 13631.76,-8451.69 7528.62,0 13631.77,3783.95 13631.77,8451.69zm40.81 0c0,-4681.72 -6121.42,-8477 -13672.58,-8477 -7551.15,0 -13672.57,3795.28 -13672.57,8477 0,4681.72 6121.42,8477 13672.57,8477 7551.16,0 13672.58,-3795.28 13672.58,-8477z"/>
    <path id="_503" class="fil195" d="M-9154.14 35621.11c0,4677.06 -6115.33,8468.56 -13658.98,8468.56 -7543.64,0 -13658.97,-3791.5 -13658.97,-8468.56 0,-4677.06 6115.33,-8468.56 13658.97,-8468.56 7543.65,0 13658.98,3791.5 13658.98,8468.56zm40.81 0c0,-4691.03 -6133.6,-8493.87 -13699.79,-8493.87 -7566.18,0 -13699.78,3802.84 -13699.78,8493.87 0,4691.03 6133.6,8493.87 13699.78,8493.87 7566.19,0 13699.79,-3802.84 13699.79,-8493.87z"/>
    <path id="_504" class="fil195" d="M-9126.93 35621.11c0,4686.38 -6127.51,8485.43 -13686.19,8485.43 -7558.67,0 -13686.18,-3799.05 -13686.18,-8485.43 0,-4686.38 6127.51,-8485.43 13686.18,-8485.43 7558.68,0 13686.19,3799.05 13686.19,8485.43zm40.81 0c0,-4700.35 -6145.78,-8510.74 -13727,-8510.74 -7581.21,0 -13726.99,3810.39 -13726.99,8510.74 0,4700.35 6145.78,8510.74 13726.99,8510.74 7581.22,0 13727,-3810.39 13727,-8510.74z"/>
    <path id="_505" class="fil195" d="M-9099.72 35621.11c0,4695.69 -6139.7,8502.3 -13713.4,8502.3 -7573.69,0 -13713.39,-3806.61 -13713.39,-8502.3 0,-4695.69 6139.7,-8502.3 13713.39,-8502.3 7573.7,0 13713.4,3806.61 13713.4,8502.3zm40.81 0c0,-4709.67 -6157.97,-8527.61 -13754.21,-8527.61 -7596.23,0 -13754.2,3817.94 -13754.2,8527.61 0,4709.67 6157.97,8527.61 13754.2,8527.61 7596.24,0 13754.21,-3817.94 13754.21,-8527.61z"/>
    <path id="_506" class="fil196" d="M-9072.51 35621.11c0,4705.01 -6151.88,8519.17 -13740.61,8519.17 -7588.72,0 -13740.6,-3814.16 -13740.6,-8519.17 0,-4705.01 6151.88,-8519.17 13740.6,-8519.17 7588.73,0 13740.61,3814.16 13740.61,8519.17zm40.81 0c0,-4718.98 -6170.15,-8544.48 -13781.42,-8544.48 -7611.26,0 -13781.41,3825.5 -13781.41,8544.48 0,4718.98 6170.15,8544.48 13781.41,8544.48 7611.27,0 13781.42,-3825.5 13781.42,-8544.48z"/>
    <path id="_507" class="fil196" d="M-9045.3 35621.11c0,4714.33 -6164.06,8536.04 -13767.82,8536.04 -7603.75,0 -13767.81,-3821.71 -13767.81,-8536.04 0,-4714.33 6164.06,-8536.04 13767.81,-8536.04 7603.76,0 13767.82,3821.71 13767.82,8536.04zm40.81 0c0,-4728.3 -6182.33,-8561.35 -13808.63,-8561.35 -7626.29,0 -13808.62,3833.05 -13808.62,8561.35 0,4728.3 6182.33,8561.35 13808.62,8561.35 7626.3,0 13808.63,-3833.05 13808.63,-8561.35z"/>
    <path id="_508" class="fil196" d="M-9018.09 35621.11c0,4723.64 -6176.25,8552.91 -13795.03,8552.91 -7618.77,0 -13795.02,-3829.27 -13795.02,-8552.91 0,-4723.64 6176.25,-8552.91 13795.02,-8552.91 7618.78,0 13795.03,3829.27 13795.03,8552.91zm40.81 0c0,-4737.62 -6194.51,-8578.22 -13835.84,-8578.22 -7641.32,0 -13835.83,3840.6 -13835.83,8578.22 0,4737.62 6194.51,8578.22 13835.83,8578.22 7641.33,0 13835.84,-3840.6 13835.84,-8578.22z"/>
    <path id="_509" class="fil196" d="M-8990.89 35621.11c0,4732.96 -6188.42,8569.78 -13822.23,8569.78 -7633.8,0 -13822.22,-3836.82 -13822.22,-8569.78 0,-4732.96 6188.42,-8569.78 13822.22,-8569.78 7633.81,0 13822.23,3836.82 13822.23,8569.78zm40.82 0c0,-4746.94 -6206.7,-8595.09 -13863.05,-8595.09 -7656.34,0 -13863.04,3848.15 -13863.04,8595.09 0,4746.94 6206.7,8595.09 13863.04,8595.09 7656.35,0 13863.05,-3848.15 13863.05,-8595.09z"/>
    <path id="_510" class="fil196" d="M-8963.68 35621.11c0,4742.28 -6200.6,8586.65 -13849.44,8586.65 -7648.83,0 -13849.43,-3844.37 -13849.43,-8586.65 0,-4742.28 6200.6,-8586.65 13849.43,-8586.65 7648.84,0 13849.44,3844.37 13849.44,8586.65zm40.82 0c0,-4756.25 -6218.88,-8611.96 -13890.26,-8611.96 -7671.37,0 -13890.25,3855.71 -13890.25,8611.96 0,4756.25 6218.88,8611.96 13890.25,8611.96 7671.38,0 13890.26,-3855.71 13890.26,-8611.96z"/>
    <path id="_511" class="fil197" d="M-8936.47 35621.11c0,4751.59 -6212.78,8603.52 -13876.65,8603.52 -7663.86,0 -13876.64,-3851.93 -13876.64,-8603.52 0,-4751.59 6212.78,-8603.52 13876.64,-8603.52 7663.87,0 13876.65,3851.93 13876.65,8603.52zm40.82 0c0,-4765.57 -6231.06,-8628.83 -13917.47,-8628.83 -7686.4,0 -13917.46,3863.26 -13917.46,8628.83 0,4765.57 6231.06,8628.83 13917.46,8628.83 7686.41,0 13917.47,-3863.26 13917.47,-8628.83z"/>
    <path id="_512" class="fil198" d="M-8909.26 35621.11c0,4760.91 -6224.97,8620.39 -13903.86,8620.39 -7678.88,0 -13903.85,-3859.48 -13903.85,-8620.39 0,-4760.91 6224.97,-8620.39 13903.85,-8620.39 7678.89,0 13903.86,3859.48 13903.86,8620.39zm40.82 0c0,-4774.89 -6243.25,-8645.7 -13944.68,-8645.7 -7701.42,0 -13944.67,3870.81 -13944.67,8645.7 0,4774.89 6243.25,8645.7 13944.67,8645.7 7701.43,0 13944.68,-3870.81 13944.68,-8645.7z"/>
    <path id="_513" class="fil199" d="M-8882.05 35621.11c0,4770.23 -6237.15,8637.26 -13931.07,8637.26 -7693.91,0 -13931.06,-3867.03 -13931.06,-8637.26 0,-4770.23 6237.15,-8637.26 13931.06,-8637.26 7693.92,0 13931.07,3867.03 13931.07,8637.26zm40.82 0c0,-4784.2 -6255.43,-8662.57 -13971.89,-8662.57 -7716.45,0 -13971.88,3878.37 -13971.88,8662.57 0,4784.2 6255.43,8662.57 13971.88,8662.57 7716.46,0 13971.89,-3878.37 13971.89,-8662.57z"/>
    <path id="_514" class="fil199" d="M-8854.84 35621.11c0,4779.54 -6249.33,8654.13 -13958.28,8654.13 -7708.94,0 -13958.27,-3874.59 -13958.27,-8654.13 0,-4779.54 6249.33,-8654.13 13958.27,-8654.13 7708.95,0 13958.28,3874.59 13958.28,8654.13zm40.81 0c0,-4793.52 -6267.6,-8679.43 -13999.09,-8679.43 -7731.48,0 -13999.08,3885.91 -13999.08,8679.43 0,4793.52 6267.6,8679.43 13999.08,8679.43 7731.49,0 13999.09,-3885.91 13999.09,-8679.43z"/>
    <path id="_515" class="fil199" d="M-8827.63 35621.11c0,4788.86 -6261.52,8671 -13985.49,8671 -7723.96,0 -13985.48,-3882.14 -13985.48,-8671 0,-4788.86 6261.52,-8671 13985.48,-8671 7723.97,0 13985.49,3882.14 13985.49,8671zm40.81 0c0,-4802.84 -6279.78,-8696.3 -14026.3,-8696.3 -7746.51,0 -14026.29,3893.46 -14026.29,8696.3 0,4802.84 6279.78,8696.3 14026.29,8696.3 7746.52,0 14026.3,-3893.46 14026.3,-8696.3z"/>
    <path id="_516" class="fil199" d="M-8800.42 35621.11c0,4798.18 -6273.7,8687.87 -14012.7,8687.87 -7738.99,0 -14012.69,-3889.69 -14012.69,-8687.87 0,-4798.18 6273.7,-8687.87 14012.69,-8687.87 7739,0 14012.7,3889.69 14012.7,8687.87zm40.81 0c0,-4812.15 -6291.97,-8713.17 -14053.51,-8713.17 -7761.53,0 -14053.5,3901.02 -14053.5,8713.17 0,4812.15 6291.97,8713.17 14053.5,8713.17 7761.54,0 14053.51,-3901.02 14053.51,-8713.17z"/>
    <path id="_517" class="fil199" d="M-8773.21 35621.11c0,4807.49 -6285.88,8704.74 -14039.91,8704.74 -7754.02,0 -14039.9,-3897.25 -14039.9,-8704.74 0,-4807.49 6285.88,-8704.74 14039.9,-8704.74 7754.03,0 14039.91,3897.25 14039.91,8704.74zm40.81 0c0,-4821.47 -6304.15,-8730.04 -14080.72,-8730.04 -7776.56,0 -14080.71,3908.57 -14080.71,8730.04 0,4821.47 6304.15,8730.04 14080.71,8730.04 7776.57,0 14080.72,-3908.57 14080.72,-8730.04z"/>
    <path id="_518" class="fil199" d="M-8746 35621.11c0,4816.81 -6298.06,8721.61 -14067.12,8721.61 -7769.05,0 -14067.11,-3904.8 -14067.11,-8721.61 0,-4816.81 6298.06,-8721.61 14067.11,-8721.61 7769.06,0 14067.12,3904.8 14067.12,8721.61zm40.81 0c0,-4830.79 -6316.33,-8746.91 -14107.93,-8746.91 -7791.59,0 -14107.92,3916.12 -14107.92,8746.91 0,4830.79 6316.33,8746.91 14107.92,8746.91 7791.6,0 14107.93,-3916.12 14107.93,-8746.91z"/>
    <path id="_519" class="fil200" d="M-8718.79 35621.11c0,4826.13 -6310.25,8738.48 -14094.33,8738.48 -7784.07,0 -14094.32,-3912.35 -14094.32,-8738.48 0,-4826.13 6310.25,-8738.48 14094.32,-8738.48 7784.08,0 14094.33,3912.35 14094.33,8738.48zm40.81 0c0,-4840.1 -6328.52,-8763.78 -14135.14,-8763.78 -7806.61,0 -14135.13,3923.68 -14135.13,8763.78 0,4840.1 6328.52,8763.78 14135.13,8763.78 7806.62,0 14135.14,-3923.68 14135.14,-8763.78z"/>
    <path id="_520" class="fil201" d="M-8691.58 35621.11c0,4835.45 -6322.43,8755.35 -14121.54,8755.35 -7799.1,0 -14121.53,-3919.9 -14121.53,-8755.35 0,-4835.45 6322.43,-8755.35 14121.53,-8755.35 7799.11,0 14121.54,3919.9 14121.54,8755.35zm40.81 0c0,-4849.42 -6340.7,-8780.65 -14162.35,-8780.65 -7821.64,0 -14162.34,3931.23 -14162.34,8780.65 0,4849.42 6340.7,8780.65 14162.34,8780.65 7821.65,0 14162.35,-3931.23 14162.35,-8780.65z"/>
    <path id="_521" class="fil201" d="M-8664.38 35621.11c0,4844.76 -6334.6,8772.22 -14148.74,8772.22 -7814.13,0 -14148.73,-3927.46 -14148.73,-8772.22 0,-4844.76 6334.6,-8772.22 14148.73,-8772.22 7814.14,0 14148.74,3927.46 14148.74,8772.22zm40.82 0c0,-4858.74 -6352.88,-8797.52 -14189.56,-8797.52 -7836.67,0 -14189.55,3938.78 -14189.55,8797.52 0,4858.74 6352.88,8797.52 14189.55,8797.52 7836.68,0 14189.56,-3938.78 14189.56,-8797.52z"/>
    <path id="_522" class="fil202" d="M-8637.17 35621.11c0,4854.08 -6346.78,8789.09 -14175.95,8789.09 -7829.16,0 -14175.94,-3935.01 -14175.94,-8789.09 0,-4854.08 6346.78,-8789.09 14175.94,-8789.09 7829.17,0 14175.95,3935.01 14175.95,8789.09zm40.82 0c0,-4868.05 -6365.06,-8814.39 -14216.77,-8814.39 -7851.7,0 -14216.76,3946.34 -14216.76,8814.39 0,4868.05 6365.06,8814.39 14216.76,8814.39 7851.71,0 14216.77,-3946.34 14216.77,-8814.39z"/>
    <path id="_523" class="fil202" d="M-8609.96 35621.11c0,4863.4 -6358.97,8805.96 -14203.16,8805.96 -7844.18,0 -14203.15,-3942.56 -14203.15,-8805.96 0,-4863.4 6358.97,-8805.96 14203.15,-8805.96 7844.19,0 14203.16,3942.56 14203.16,8805.96zm40.82 0c0,-4877.37 -6377.25,-8831.26 -14243.98,-8831.26 -7866.72,0 -14243.97,3953.89 -14243.97,8831.26 0,4877.37 6377.25,8831.26 14243.97,8831.26 7866.73,0 14243.98,-3953.89 14243.98,-8831.26z"/>
    <path id="_524" class="fil202" d="M-8582.75 35621.11c0,4872.71 -6371.15,8822.83 -14230.37,8822.83 -7859.21,0 -14230.36,-3950.12 -14230.36,-8822.83 0,-4872.71 6371.15,-8822.83 14230.36,-8822.83 7859.22,0 14230.37,3950.12 14230.37,8822.83zm40.82 0c0,-4886.69 -6389.43,-8848.13 -14271.19,-8848.13 -7881.75,0 -14271.18,3961.44 -14271.18,8848.13 0,4886.69 6389.43,8848.13 14271.18,8848.13 7881.76,0 14271.19,-3961.44 14271.19,-8848.13z"/>
    <path id="_525" class="fil202" d="M-8555.54 35621.11c0,4882.03 -6383.33,8839.7 -14257.58,8839.7 -7874.24,0 -14257.57,-3957.67 -14257.57,-8839.7 0,-4882.03 6383.33,-8839.7 14257.57,-8839.7 7874.25,0 14257.58,3957.67 14257.58,8839.7zm40.81 0c0,-4896 -6401.6,-8865 -14298.39,-8865 -7896.78,0 -14298.38,3969 -14298.38,8865 0,4896 6401.6,8865 14298.38,8865 7896.79,0 14298.39,-3969 14298.39,-8865z"/>
    <path id="_526" class="fil202" d="M-8528.33 35621.11c0,4891.35 -6395.52,8856.57 -14284.79,8856.57 -7889.26,0 -14284.78,-3965.22 -14284.78,-8856.57 0,-4891.35 6395.52,-8856.57 14284.78,-8856.57 7889.27,0 14284.79,3965.22 14284.79,8856.57zm40.81 0c0,-4905.32 -6413.79,-8881.87 -14325.6,-8881.87 -7911.8,0 -14325.59,3976.55 -14325.59,8881.87 0,4905.32 6413.79,8881.87 14325.59,8881.87 7911.81,0 14325.6,-3976.55 14325.6,-8881.87z"/>
    <path id="_527" class="fil203" d="M-8501.12 35621.11c0,4900.66 -6407.7,8873.44 -14312,8873.44 -7904.29,0 -14311.99,-3972.78 -14311.99,-8873.44 0,-4900.66 6407.7,-8873.44 14311.99,-8873.44 7904.3,0 14312,3972.78 14312,8873.44zm40.81 0c0,-4914.64 -6425.97,-8898.74 -14352.81,-8898.74 -7926.83,0 -14352.8,3984.1 -14352.8,8898.74 0,4914.64 6425.97,8898.74 14352.8,8898.74 7926.84,0 14352.81,-3984.1 14352.81,-8898.74z"/>
    <path id="_528" class="fil203" d="M-8473.91 35621.11c0,4909.98 -6419.88,8890.31 -14339.21,8890.31 -7919.32,0 -14339.2,-3980.33 -14339.2,-8890.31 0,-4909.98 6419.88,-8890.31 14339.2,-8890.31 7919.33,0 14339.21,3980.33 14339.21,8890.31zm40.81 0c0,-4923.96 -6438.15,-8915.61 -14380.02,-8915.61 -7941.86,0 -14380.01,3991.65 -14380.01,8915.61 0,4923.96 6438.15,8915.61 14380.01,8915.61 7941.87,0 14380.02,-3991.65 14380.02,-8915.61z"/>
    <path id="_529" class="fil203" d="M-8446.7 35621.11c0,4919.3 -6432.06,8907.18 -14366.42,8907.18 -7934.35,0 -14366.41,-3987.88 -14366.41,-8907.18 0,-4919.3 6432.06,-8907.18 14366.41,-8907.18 7934.36,0 14366.42,3987.88 14366.42,8907.18zm40.81 0c0,-4933.27 -6450.33,-8932.48 -14407.23,-8932.48 -7956.89,0 -14407.22,3999.21 -14407.22,8932.48 0,4933.27 6450.33,8932.48 14407.22,8932.48 7956.9,0 14407.23,-3999.21 14407.23,-8932.48z"/>
    <path id="_530" class="fil203" d="M-8419.49 35621.11c0,4928.61 -6444.25,8924.04 -14393.63,8924.04 -7949.37,0 -14393.62,-3995.43 -14393.62,-8924.04 0,-4928.61 6444.25,-8924.04 14393.62,-8924.04 7949.38,0 14393.63,3995.43 14393.63,8924.04zm40.81 0c0,-4942.59 -6462.52,-8949.35 -14434.44,-8949.35 -7971.91,0 -14434.43,4006.76 -14434.43,8949.35 0,4942.59 6462.52,8949.35 14434.43,8949.35 7971.92,0 14434.44,-4006.76 14434.44,-8949.35z"/>
    <path id="_531" class="fil203" d="M-8392.28 35621.11c0,4937.93 -6456.43,8940.91 -14420.84,8940.91 -7964.4,0 -14420.83,-4002.98 -14420.83,-8940.91 0,-4937.93 6456.43,-8940.91 14420.83,-8940.91 7964.41,0 14420.84,4002.98 14420.84,8940.91zm40.81 0c0,-4951.91 -6474.7,-8966.22 -14461.65,-8966.22 -7986.94,0 -14461.64,4014.31 -14461.64,8966.22 0,4951.91 6474.7,8966.22 14461.64,8966.22 7986.95,0 14461.65,-4014.31 14461.65,-8966.22z"/>
    <path id="_532" class="fil204" d="M-8365.08 35621.11c0,4947.25 -6468.6,8957.78 -14448.04,8957.78 -7979.43,0 -14448.03,-4010.53 -14448.03,-8957.78 0,-4947.25 6468.6,-8957.78 14448.03,-8957.78 7979.44,0 14448.04,4010.53 14448.04,8957.78zm40.82 0c0,-4961.22 -6486.88,-8983.09 -14488.86,-8983.09 -8001.97,0 -14488.85,4021.87 -14488.85,8983.09 0,4961.22 6486.88,8983.09 14488.85,8983.09 8001.98,0 14488.86,-4021.87 14488.86,-8983.09z"/>
    <path id="_533" class="fil204" d="M-8337.87 35621.11c0,4956.56 -6480.79,8974.65 -14475.25,8974.65 -7994.45,0 -14475.24,-4018.09 -14475.24,-8974.65 0,-4956.56 6480.79,-8974.65 14475.24,-8974.65 7994.46,0 14475.25,4018.09 14475.25,8974.65zm40.82 0c0,-4970.54 -6499.07,-8999.96 -14516.07,-8999.96 -8016.99,0 -14516.06,4029.42 -14516.06,8999.96 0,4970.54 6499.07,8999.96 14516.06,8999.96 8017,0 14516.07,-4029.42 14516.07,-8999.96z"/>
    <path id="_534" class="fil204" d="M-8310.66 35621.11c0,4965.88 -6492.97,8991.52 -14502.46,8991.52 -8009.48,0 -14502.45,-4025.64 -14502.45,-8991.52 0,-4965.88 6492.97,-8991.52 14502.45,-8991.52 8009.49,0 14502.46,4025.64 14502.46,8991.52zm40.82 0c0,-4979.86 -6511.25,-9016.83 -14543.28,-9016.83 -8032.02,0 -14543.27,4036.97 -14543.27,9016.83 0,4979.86 6511.25,9016.83 14543.27,9016.83 8032.03,0 14543.28,-4036.97 14543.28,-9016.83z"/>
    <path id="_535" class="fil205" d="M-8283.45 35621.11c0,4975.2 -6505.15,9008.39 -14529.67,9008.39 -8024.51,0 -14529.66,-4033.19 -14529.66,-9008.39 0,-4975.2 6505.15,-9008.39 14529.66,-9008.39 8024.52,0 14529.67,4033.19 14529.67,9008.39zm40.82 0c0,-4989.17 -6523.43,-9033.7 -14570.49,-9033.7 -8047.05,0 -14570.48,4044.53 -14570.48,9033.7 0,4989.17 6523.43,9033.7 14570.48,9033.7 8047.06,0 14570.49,-4044.53 14570.49,-9033.7z"/>
    <path id="_536" class="fil205" d="M-8256.24 35621.11c0,4984.51 -6517.33,9025.26 -14556.88,9025.26 -8039.54,0 -14556.87,-4040.75 -14556.87,-9025.26 0,-4984.51 6517.33,-9025.26 14556.87,-9025.26 8039.55,0 14556.88,4040.75 14556.88,9025.26zm40.81 0c0,-4998.49 -6535.6,-9050.57 -14597.69,-9050.57 -8062.08,0 -14597.68,4052.08 -14597.68,9050.57 0,4998.49 6535.6,9050.57 14597.68,9050.57 8062.09,0 14597.69,-4052.08 14597.69,-9050.57z"/>
    <path id="_537" class="fil205" d="M-8229.03 35621.11c0,4993.83 -6529.52,9042.13 -14584.09,9042.13 -8054.56,0 -14584.08,-4048.3 -14584.08,-9042.13 0,-4993.83 6529.52,-9042.13 14584.08,-9042.13 8054.57,0 14584.09,4048.3 14584.09,9042.13zm40.81 0c0,-5007.81 -6547.79,-9067.44 -14624.9,-9067.44 -8077.1,0 -14624.89,4059.63 -14624.89,9067.44 0,5007.81 6547.79,9067.44 14624.89,9067.44 8077.11,0 14624.9,-4059.63 14624.9,-9067.44z"/>
    <path id="_538" class="fil205" d="M-8201.82 35621.11c0,5003.15 -6541.7,9059 -14611.3,9059 -8069.59,0 -14611.29,-4055.85 -14611.29,-9059 0,-5003.15 6541.7,-9059 14611.29,-9059 8069.6,0 14611.3,4055.85 14611.3,9059zm40.81 0c0,-5017.12 -6559.97,-9084.31 -14652.11,-9084.31 -8092.13,0 -14652.1,4067.19 -14652.1,9084.31 0,5017.12 6559.97,9084.31 14652.1,9084.31 8092.14,0 14652.11,-4067.19 14652.11,-9084.31z"/>
    <path id="_539" class="fil205" d="M-8174.61 35621.11c0,5012.47 -6553.88,9075.87 -14638.51,9075.87 -8084.62,0 -14638.5,-4063.4 -14638.5,-9075.87 0,-5012.47 6553.88,-9075.87 14638.5,-9075.87 8084.63,0 14638.51,4063.4 14638.51,9075.87zm40.81 0c0,-5026.44 -6572.15,-9101.18 -14679.32,-9101.18 -8107.16,0 -14679.31,4074.74 -14679.31,9101.18 0,5026.44 6572.15,9101.18 14679.31,9101.18 8107.17,0 14679.32,-4074.74 14679.32,-9101.18z"/>
    <path id="_540" class="fil205" d="M-8147.4 35621.11c0,5021.78 -6566.07,9092.74 -14665.72,9092.74 -8099.64,0 -14665.71,-4070.96 -14665.71,-9092.74 0,-5021.78 6566.07,-9092.74 14665.71,-9092.74 8099.65,0 14665.72,4070.96 14665.72,9092.74zm40.81 0c0,-5035.76 -6584.33,-9118.05 -14706.53,-9118.05 -8122.19,0 -14706.52,4082.29 -14706.52,9118.05 0,5035.76 6584.33,9118.05 14706.52,9118.05 8122.2,0 14706.53,-4082.29 14706.53,-9118.05z"/>
    <path id="_541" class="fil205" d="M-8120.19 35621.11c0,5031.1 -6578.25,9109.61 -14692.93,9109.61 -8114.67,0 -14692.92,-4078.51 -14692.92,-9109.61 0,-5031.1 6578.25,-9109.61 14692.92,-9109.61 8114.68,0 14692.93,4078.51 14692.93,9109.61zm40.81 0c0,-5045.07 -6596.52,-9134.92 -14733.74,-9134.92 -8137.21,0 -14733.73,4089.85 -14733.73,9134.92 0,5045.07 6596.52,9134.92 14733.73,9134.92 8137.22,0 14733.74,-4089.85 14733.74,-9134.92z"/>
    <path id="_542" class="fil206" d="M-8092.98 35621.11c0,5040.42 -6590.43,9126.48 -14720.14,9126.48 -8129.7,0 -14720.13,-4086.06 -14720.13,-9126.48 0,-5040.42 6590.43,-9126.48 14720.13,-9126.48 8129.71,0 14720.14,4086.06 14720.14,9126.48zm40.81 0c0,-5054.39 -6608.7,-9151.78 -14760.95,-9151.78 -8152.24,0 -14760.94,4097.39 -14760.94,9151.78 0,5054.39 6608.7,9151.78 14760.94,9151.78 8152.25,0 14760.95,-4097.39 14760.95,-9151.78z"/>
    <path id="_543" class="fil207" d="M-8065.78 35621.11c0,5049.73 -6602.6,9143.35 -14747.34,9143.35 -8144.73,0 -14747.33,-4093.62 -14747.33,-9143.35 0,-5049.73 6602.6,-9143.35 14747.33,-9143.35 8144.74,0 14747.34,4093.62 14747.34,9143.35zm40.82 0c0,-5063.71 -6620.88,-9168.65 -14788.16,-9168.65 -8167.27,0 -14788.15,4104.94 -14788.15,9168.65 0,5063.71 6620.88,9168.65 14788.15,9168.65 8167.28,0 14788.16,-4104.94 14788.16,-9168.65z"/>
    <path id="_544" class="fil208" d="M-8038.57 35621.11c0,5059.05 -6614.79,9160.22 -14774.55,9160.22 -8159.75,0 -14774.54,-4101.17 -14774.54,-9160.22 0,-5059.05 6614.79,-9160.22 14774.54,-9160.22 8159.76,0 14774.55,4101.17 14774.55,9160.22zm40.82 0c0,-5073.02 -6633.07,-9185.52 -14815.37,-9185.52 -8182.29,0 -14815.36,4112.5 -14815.36,9185.52 0,5073.02 6633.07,9185.52 14815.36,9185.52 8182.3,0 14815.37,-4112.5 14815.37,-9185.52z"/>
    <path id="_545" class="fil208" d="M-8011.36 35621.11c0,5068.37 -6626.97,9177.09 -14801.76,9177.09 -8174.78,0 -14801.75,-4108.72 -14801.75,-9177.09 0,-5068.37 6626.97,-9177.09 14801.75,-9177.09 8174.79,0 14801.76,4108.72 14801.76,9177.09zm40.82 0c0,-5082.34 -6645.25,-9202.39 -14842.58,-9202.39 -8197.32,0 -14842.57,4120.05 -14842.57,9202.39 0,5082.34 6645.25,9202.39 14842.57,9202.39 8197.33,0 14842.58,-4120.05 14842.58,-9202.39z"/>
    <path id="_546" class="fil208" d="M-7984.15 35621.11c0,5077.68 -6639.15,9193.96 -14828.97,9193.96 -8189.81,0 -14828.96,-4116.28 -14828.96,-9193.96 0,-5077.68 6639.15,-9193.96 14828.96,-9193.96 8189.82,0 14828.97,4116.28 14828.97,9193.96zm40.82 0c0,-5091.66 -6657.43,-9219.26 -14869.79,-9219.26 -8212.35,0 -14869.78,4127.6 -14869.78,9219.26 0,5091.66 6657.43,9219.26 14869.78,9219.26 8212.36,0 14869.79,-4127.6 14869.79,-9219.26z"/>
    <path id="_547" class="fil208" d="M-7956.94 35621.11c0,5087 -6651.34,9210.83 -14856.18,9210.83 -8204.83,0 -14856.17,-4123.83 -14856.17,-9210.83 0,-5087 6651.34,-9210.83 14856.17,-9210.83 8204.84,0 14856.18,4123.83 14856.18,9210.83zm40.81 0c0,-5100.98 -6669.6,-9236.13 -14896.99,-9236.13 -8227.38,0 -14896.98,4135.15 -14896.98,9236.13 0,5100.98 6669.6,9236.13 14896.98,9236.13 8227.39,0 14896.99,-4135.15 14896.99,-9236.13z"/>
    <path id="_548" class="fil208" d="M-7929.73 35621.11c0,5096.32 -6663.52,9227.7 -14883.39,9227.7 -8219.86,0 -14883.38,-4131.38 -14883.38,-9227.7 0,-5096.32 6663.52,-9227.7 14883.38,-9227.7 8219.87,0 14883.39,4131.38 14883.39,9227.7zm40.81 0c0,-5110.29 -6681.79,-9253 -14924.2,-9253 -8242.4,0 -14924.19,4142.71 -14924.19,9253 0,5110.29 6681.79,9253 14924.19,9253 8242.41,0 14924.2,-4142.71 14924.2,-9253z"/>
    <path id="_549" class="fil208" d="M-7902.52 35621.11c0,5105.63 -6675.7,9244.57 -14910.6,9244.57 -8234.89,0 -14910.59,-4138.94 -14910.59,-9244.57 0,-5105.63 6675.7,-9244.57 14910.59,-9244.57 8234.9,0 14910.6,4138.94 14910.6,9244.57zm40.81 0c0,-5119.61 -6693.97,-9269.87 -14951.41,-9269.87 -8257.43,0 -14951.4,4150.26 -14951.4,9269.87 0,5119.61 6693.97,9269.87 14951.4,9269.87 8257.44,0 14951.41,-4150.26 14951.41,-9269.87z"/>
    <path id="_550" class="fil209" d="M-7875.31 35621.11c0,5114.95 -6687.88,9261.44 -14937.81,9261.44 -8249.92,0 -14937.8,-4146.49 -14937.8,-9261.44 0,-5114.95 6687.88,-9261.44 14937.8,-9261.44 8249.93,0 14937.81,4146.49 14937.81,9261.44zm40.81 0c0,-5128.93 -6706.15,-9286.74 -14978.62,-9286.74 -8272.46,0 -14978.61,4157.81 -14978.61,9286.74 0,5128.93 6706.15,9286.74 14978.61,9286.74 8272.47,0 14978.62,-4157.81 14978.62,-9286.74z"/>
    <path id="_551" class="fil209" d="M-7848.1 35621.11c0,5124.27 -6700.07,9278.31 -14965.02,9278.31 -8264.94,0 -14965.01,-4154.04 -14965.01,-9278.31 0,-5124.27 6700.07,-9278.31 14965.01,-9278.31 8264.95,0 14965.02,4154.04 14965.02,9278.31zm40.81 0c0,-5138.24 -6718.34,-9303.61 -15005.83,-9303.61 -8287.48,0 -15005.82,4165.37 -15005.82,9303.61 0,5138.24 6718.34,9303.61 15005.82,9303.61 8287.49,0 15005.83,-4165.37 15005.83,-9303.61z"/>
    <path id="_552" class="fil209" d="M-7820.89 35621.11c0,5133.58 -6712.25,9295.18 -14992.23,9295.18 -8279.97,0 -14992.22,-4161.6 -14992.22,-9295.18 0,-5133.58 6712.25,-9295.18 14992.22,-9295.18 8279.98,0 14992.23,4161.6 14992.23,9295.18zm40.81 0c0,-5147.56 -6730.52,-9320.48 -15033.04,-9320.48 -8302.51,0 -15033.03,4172.92 -15033.03,9320.48 0,5147.56 6730.52,9320.48 15033.03,9320.48 8302.52,0 15033.04,-4172.92 15033.04,-9320.48z"/>
    <path id="_553" class="fil210" d="M-7793.68 35621.11c0,5142.9 -6724.43,9312.05 -15019.44,9312.05 -8295,0 -15019.43,-4169.15 -15019.43,-9312.05 0,-5142.9 6724.43,-9312.05 15019.43,-9312.05 8295.01,0 15019.44,4169.15 15019.44,9312.05zm40.81 0c0,-5156.88 -6742.7,-9337.35 -15060.25,-9337.35 -8317.54,0 -15060.24,4180.47 -15060.24,9337.35 0,5156.88 6742.7,9337.35 15060.24,9337.35 8317.55,0 15060.25,-4180.47 15060.25,-9337.35z"/>
    <path id="_554" class="fil210" d="M-7766.47 35621.11c0,5152.22 -6736.62,9328.92 -15046.65,9328.92 -8310.02,0 -15046.64,-4176.7 -15046.64,-9328.92 0,-5152.22 6736.62,-9328.92 15046.64,-9328.92 8310.03,0 15046.65,4176.7 15046.65,9328.92zm40.81 0c0,-5166.19 -6754.88,-9354.22 -15087.46,-9354.22 -8332.57,0 -15087.45,4188.03 -15087.45,9354.22 0,5166.19 6754.88,9354.22 15087.45,9354.22 8332.58,0 15087.46,-4188.03 15087.46,-9354.22z"/>
    <path id="_555" class="fil211" d="M-7739.27 35621.11c0,5161.54 -6748.79,9345.79 -15073.85,9345.79 -8325.05,0 -15073.84,-4184.25 -15073.84,-9345.79 0,-5161.54 6748.79,-9345.79 15073.84,-9345.79 8325.06,0 15073.85,4184.25 15073.85,9345.79zm40.82 0c0,-5175.51 -6767.07,-9371.09 -15114.67,-9371.09 -8347.59,0 -15114.66,4195.58 -15114.66,9371.09 0,5175.51 6767.07,9371.09 15114.66,9371.09 8347.6,0 15114.67,-4195.58 15114.67,-9371.09z"/>
    <path id="_556" class="fil211" d="M-7712.06 35621.11c0,5170.85 -6760.97,9362.66 -15101.06,9362.66 -8340.08,0 -15101.05,-4191.81 -15101.05,-9362.66 0,-5170.85 6760.97,-9362.66 15101.05,-9362.66 8340.09,0 15101.06,4191.81 15101.06,9362.66zm40.82 0c0,-5184.83 -6779.25,-9387.96 -15141.88,-9387.96 -8362.62,0 -15141.87,4203.13 -15141.87,9387.96 0,5184.83 6779.25,9387.96 15141.87,9387.96 8362.63,0 15141.88,-4203.13 15141.88,-9387.96z"/>
    <path id="_557" class="fil211" d="M-7684.85 35621.11c0,5180.17 -6773.15,9379.53 -15128.27,9379.53 -8355.11,0 -15128.26,-4199.36 -15128.26,-9379.53 0,-5180.17 6773.15,-9379.53 15128.26,-9379.53 8355.12,0 15128.27,4199.36 15128.27,9379.53zm40.82 0c0,-5194.14 -6791.43,-9404.83 -15169.09,-9404.83 -8377.65,0 -15169.08,4210.69 -15169.08,9404.83 0,5194.14 6791.43,9404.83 15169.08,9404.83 8377.66,0 15169.09,-4210.69 15169.09,-9404.83z"/>
    <path id="_558" class="fil212" d="M-7657.64 35621.11c0,5189.49 -6785.34,9396.39 -15155.48,9396.39 -8370.13,0 -15155.47,-4206.9 -15155.47,-9396.39 0,-5189.49 6785.34,-9396.39 15155.47,-9396.39 8370.14,0 15155.48,4206.9 15155.48,9396.39zm40.82 0c0,-5203.46 -6803.62,-9421.7 -15196.3,-9421.7 -8392.67,0 -15196.29,4218.24 -15196.29,9421.7 0,5203.46 6803.62,9421.7 15196.29,9421.7 8392.68,0 15196.3,-4218.24 15196.3,-9421.7z"/>
    <path id="_559" class="fil212" d="M-7630.43 35621.11c0,5198.8 -6797.52,9413.26 -15182.69,9413.26 -8385.16,0 -15182.68,-4214.46 -15182.68,-9413.26 0,-5198.8 6797.52,-9413.26 15182.68,-9413.26 8385.17,0 15182.69,4214.46 15182.69,9413.26zm40.81 0c0,-5212.78 -6815.79,-9438.57 -15223.5,-9438.57 -8407.7,0 -15223.49,4225.79 -15223.49,9438.57 0,5212.78 6815.79,9438.57 15223.49,9438.57 8407.71,0 15223.5,-4225.79 15223.5,-9438.57z"/>
    <path id="_560" class="fil212" d="M-7603.22 35621.11c0,5208.12 -6809.7,9430.13 -15209.9,9430.13 -8400.19,0 -15209.89,-4222.01 -15209.89,-9430.13 0,-5208.12 6809.7,-9430.13 15209.89,-9430.13 8400.2,0 15209.9,4222.01 15209.9,9430.13zm40.81 0c0,-5222.09 -6827.97,-9455.44 -15250.71,-9455.44 -8422.73,0 -15250.7,4233.35 -15250.7,9455.44 0,5222.09 6827.97,9455.44 15250.7,9455.44 8422.74,0 15250.71,-4233.35 15250.71,-9455.44z"/>
    <path id="_561" class="fil212" d="M-7576.01 35621.11c0,5217.44 -6821.88,9447 -15237.11,9447 -8415.22,0 -15237.1,-4229.56 -15237.1,-9447 0,-5217.44 6821.88,-9447 15237.1,-9447 8415.23,0 15237.11,4229.56 15237.11,9447zm40.81 0c0,-5231.41 -6840.15,-9472.31 -15277.92,-9472.31 -8437.76,0 -15277.91,4240.9 -15277.91,9472.31 0,5231.41 6840.15,9472.31 15277.91,9472.31 8437.77,0 15277.92,-4240.9 15277.92,-9472.31z"/>
    <path id="_562" class="fil212" d="M-7548.8 35621.11c0,5226.75 -6834.07,9463.87 -15264.32,9463.87 -8430.24,0 -15264.31,-4237.12 -15264.31,-9463.87 0,-5226.75 6834.07,-9463.87 15264.31,-9463.87 8430.25,0 15264.32,4237.12 15264.32,9463.87zm40.81 0c0,-5240.73 -6852.34,-9489.18 -15305.13,-9489.18 -8452.78,0 -15305.12,4248.45 -15305.12,9489.18 0,5240.73 6852.34,9489.18 15305.12,9489.18 8452.79,0 15305.13,-4248.45 15305.13,-9489.18z"/>
    <path id="_563" class="fil213" d="M-7521.59 35621.11c0,5236.07 -6846.25,9480.74 -15291.53,9480.74 -8445.27,0 -15291.52,-4244.67 -15291.52,-9480.74 0,-5236.07 6846.25,-9480.74 15291.52,-9480.74 8445.28,0 15291.53,4244.67 15291.53,9480.74zm40.81 0c0,-5250.05 -6864.52,-9506.05 -15332.34,-9506.05 -8467.81,0 -15332.33,4256 -15332.33,9506.05 0,5250.05 6864.52,9506.05 15332.33,9506.05 8467.82,0 15332.34,-4256 15332.34,-9506.05z"/>
    <path id="_564" class="fil213" d="M-7494.38 35621.11c0,5245.39 -6858.43,9497.61 -15318.74,9497.61 -8460.3,0 -15318.73,-4252.22 -15318.73,-9497.61 0,-5245.39 6858.43,-9497.61 15318.73,-9497.61 8460.31,0 15318.74,4252.22 15318.74,9497.61zm40.81 0c0,-5259.36 -6876.7,-9522.92 -15359.55,-9522.92 -8482.84,0 -15359.54,4263.56 -15359.54,9522.92 0,5259.36 6876.7,9522.92 15359.54,9522.92 8482.85,0 15359.55,-4263.56 15359.55,-9522.92z"/>
    <path id="_565" class="fil213" d="M-7467.17 35621.11c0,5254.7 -6870.62,9514.48 -15345.95,9514.48 -8475.32,0 -15345.94,-4259.78 -15345.94,-9514.48 0,-5254.7 6870.62,-9514.48 15345.94,-9514.48 8475.33,0 15345.95,4259.78 15345.95,9514.48zm40.81 0c0,-5268.68 -6888.89,-9539.79 -15386.76,-9539.79 -8497.86,0 -15386.75,4271.11 -15386.75,9539.79 0,5268.68 6888.89,9539.79 15386.75,9539.79 8497.87,0 15386.76,-4271.11 15386.76,-9539.79z"/>
    <path id="_566" class="fil214" d="M-7439.97 35621.11c0,5264.02 -6882.79,9531.35 -15373.15,9531.35 -8490.35,0 -15373.14,-4267.33 -15373.14,-9531.35 0,-5264.02 6882.79,-9531.35 15373.14,-9531.35 8490.36,0 15373.15,4267.33 15373.15,9531.35zm40.82 0c0,-5278 -6901.07,-9556.66 -15413.97,-9556.66 -8512.89,0 -15413.96,4278.66 -15413.96,9556.66 0,5278 6901.07,9556.66 15413.96,9556.66 8512.9,0 15413.97,-4278.66 15413.97,-9556.66z"/>
    <path id="_567" class="fil215" d="M-7412.76 35621.11c0,5273.34 -6894.97,9548.22 -15400.36,9548.22 -8505.38,0 -15400.35,-4274.88 -15400.35,-9548.22 0,-5273.34 6894.97,-9548.22 15400.35,-9548.22 8505.39,0 15400.36,4274.88 15400.36,9548.22zm40.82 0c0,-5287.31 -6913.25,-9573.53 -15441.18,-9573.53 -8527.92,0 -15441.17,4286.22 -15441.17,9573.53 0,5287.31 6913.25,9573.53 15441.17,9573.53 8527.93,0 15441.18,-4286.22 15441.18,-9573.53z"/>
    <path id="_568" class="fil215" d="M-7385.55 35621.11c0,5282.65 -6907.15,9565.09 -15427.57,9565.09 -8520.41,0 -15427.56,-4282.44 -15427.56,-9565.09 0,-5282.65 6907.15,-9565.09 15427.56,-9565.09 8520.42,0 15427.57,4282.44 15427.57,9565.09zm40.82 0c0,-5296.63 -6925.43,-9590.4 -15468.39,-9590.4 -8542.95,0 -15468.38,4293.77 -15468.38,9590.4 0,5296.63 6925.43,9590.4 15468.38,9590.4 8542.96,0 15468.39,-4293.77 15468.39,-9590.4z"/>
    <path id="_569" class="fil215" d="M-7358.34 35621.11c0,5291.97 -6919.34,9581.96 -15454.78,9581.96 -8535.43,0 -15454.77,-4289.99 -15454.77,-9581.96 0,-5291.97 6919.34,-9581.96 15454.77,-9581.96 8535.44,0 15454.78,4289.99 15454.78,9581.96zm40.82 0c0,-5305.95 -6937.62,-9607.27 -15495.6,-9607.27 -8557.97,0 -15495.59,4301.32 -15495.59,9607.27 0,5305.95 6937.62,9607.27 15495.59,9607.27 8557.98,0 15495.6,-4301.32 15495.6,-9607.27z"/>
    <path id="_570" class="fil215" d="M-7331.13 35621.11c0,5301.29 -6931.52,9598.83 -15481.99,9598.83 -8550.46,0 -15481.98,-4297.54 -15481.98,-9598.83 0,-5301.29 6931.52,-9598.83 15481.98,-9598.83 8550.47,0 15481.99,4297.54 15481.99,9598.83zm40.81 0c0,-5315.26 -6949.79,-9624.14 -15522.8,-9624.14 -8573,0 -15522.79,4308.88 -15522.79,9624.14 0,5315.26 6949.79,9624.14 15522.79,9624.14 8573.01,0 15522.8,-4308.88 15522.8,-9624.14z"/>
    <path id="_571" class="fil215" d="M-7303.92 35621.11c0,5310.6 -6943.7,9615.7 -15509.2,9615.7 -8565.49,0 -15509.19,-4305.1 -15509.19,-9615.7 0,-5310.6 6943.7,-9615.7 15509.19,-9615.7 8565.5,0 15509.2,4305.1 15509.2,9615.7zm40.81 0c0,-5324.58 -6961.97,-9641 -15550.01,-9641 -8588.03,0 -15550,4316.42 -15550,9641 0,5324.58 6961.97,9641 15550,9641 8588.04,0 15550.01,-4316.42 15550.01,-9641z"/>
    <path id="_572" class="fil216" d="M-7276.71 35621.11c0,5319.92 -6955.89,9632.57 -15536.41,9632.57 -8580.51,0 -15536.4,-4312.65 -15536.4,-9632.57 0,-5319.92 6955.89,-9632.57 15536.4,-9632.57 8580.52,0 15536.41,4312.65 15536.41,9632.57zm40.81 0c0,-5333.9 -6974.16,-9657.87 -15577.22,-9657.87 -8603.05,0 -15577.21,4323.97 -15577.21,9657.87 0,5333.9 6974.16,9657.87 15577.21,9657.87 8603.06,0 15577.22,-4323.97 15577.22,-9657.87z"/>
    <path id="_573" class="fil216" d="M-7249.5 35621.11c0,5329.24 -6968.07,9649.44 -15563.62,9649.44 -8595.54,0 -15563.61,-4320.2 -15563.61,-9649.44 0,-5329.24 6968.07,-9649.44 15563.61,-9649.44 8595.55,0 15563.62,4320.2 15563.62,9649.44zm40.81 0c0,-5343.21 -6986.34,-9674.74 -15604.43,-9674.74 -8618.08,0 -15604.42,4331.53 -15604.42,9674.74 0,5343.21 6986.34,9674.74 15604.42,9674.74 8618.09,0 15604.43,-4331.53 15604.43,-9674.74z"/>
    <path id="_574" class="fil217" d="M-7222.29 35621.11c0,5338.56 -6980.25,9666.31 -15590.83,9666.31 -8610.57,0 -15590.82,-4327.75 -15590.82,-9666.31 0,-5338.56 6980.25,-9666.31 15590.82,-9666.31 8610.58,0 15590.83,4327.75 15590.83,9666.31zm40.81 0c0,-5352.53 -6998.52,-9691.61 -15631.64,-9691.61 -8633.11,0 -15631.63,4339.08 -15631.63,9691.61 0,5352.53 6998.52,9691.61 15631.63,9691.61 8633.12,0 15631.64,-4339.08 15631.64,-9691.61z"/>
    <path id="_575" class="fil217" d="M-7195.08 35621.11c0,5347.87 -6992.43,9683.18 -15618.04,9683.18 -8625.6,0 -15618.03,-4335.31 -15618.03,-9683.18 0,-5347.87 6992.43,-9683.18 15618.03,-9683.18 8625.61,0 15618.04,4335.31 15618.04,9683.18zm40.81 0c0,-5361.85 -7010.7,-9708.48 -15658.85,-9708.48 -8648.14,0 -15658.84,4346.63 -15658.84,9708.48 0,5361.85 7010.7,9708.48 15658.84,9708.48 8648.15,0 15658.85,-4346.63 15658.85,-9708.48z"/>
    <path id="_576" class="fil217" d="M-7167.87 35621.11c0,5357.19 -7004.62,9700.05 -15645.25,9700.05 -8640.62,0 -15645.24,-4342.86 -15645.24,-9700.05 0,-5357.19 7004.62,-9700.05 15645.24,-9700.05 8640.63,0 15645.25,4342.86 15645.25,9700.05zm40.81 0c0,-5371.16 -7022.89,-9725.35 -15686.06,-9725.35 -8663.16,0 -15686.05,4354.19 -15686.05,9725.35 0,5371.16 7022.89,9725.35 15686.05,9725.35 8663.17,0 15686.06,-4354.19 15686.06,-9725.35z"/>
    <path id="_577" class="fil217" d="M-7140.67 35621.11c0,5366.51 -7016.79,9716.92 -15672.45,9716.92 -8655.65,0 -15672.44,-4350.41 -15672.44,-9716.92 0,-5366.51 7016.79,-9716.92 15672.44,-9716.92 8655.66,0 15672.45,4350.41 15672.45,9716.92zm40.82 0c0,-5380.48 -7035.07,-9742.22 -15713.27,-9742.22 -8678.19,0 -15713.26,4361.74 -15713.26,9742.22 0,5380.48 7035.07,9742.22 15713.26,9742.22 8678.2,0 15713.27,-4361.74 15713.27,-9742.22z"/>
    <path id="_578" class="fil217" d="M-7113.46 35621.11c0,5375.82 -7028.97,9733.79 -15699.66,9733.79 -8670.68,0 -15699.65,-4357.97 -15699.65,-9733.79 0,-5375.82 7028.97,-9733.79 15699.65,-9733.79 8670.69,0 15699.66,4357.97 15699.66,9733.79zm40.82 0c0,-5389.8 -7047.25,-9759.09 -15740.48,-9759.09 -8693.22,0 -15740.47,4369.29 -15740.47,9759.09 0,5389.8 7047.25,9759.09 15740.47,9759.09 8693.23,0 15740.48,-4369.29 15740.48,-9759.09z"/>
    <path id="_579" class="fil217" d="M-7086.25 35621.11c0,5385.14 -7041.16,9750.66 -15726.87,9750.66 -8685.7,0 -15726.86,-4365.52 -15726.86,-9750.66 0,-5385.14 7041.16,-9750.66 15726.86,-9750.66 8685.71,0 15726.87,4365.52 15726.87,9750.66zm40.82 0c0,-5399.11 -7059.43,-9775.96 -15767.69,-9775.96 -8708.25,0 -15767.68,4376.85 -15767.68,9775.96 0,5399.11 7059.43,9775.96 15767.68,9775.96 8708.26,0 15767.69,-4376.85 15767.69,-9775.96z"/>
    <path id="_580" class="fil218" d="M-7059.04 35621.11c0,5394.46 -7053.34,9767.53 -15754.08,9767.53 -8700.73,0 -15754.07,-4373.07 -15754.07,-9767.53 0,-5394.46 7053.34,-9767.53 15754.07,-9767.53 8700.74,0 15754.08,4373.07 15754.08,9767.53zm40.82 0c0,-5408.43 -7071.62,-9792.83 -15794.9,-9792.83 -8723.27,0 -15794.89,4384.4 -15794.89,9792.83 0,5408.43 7071.62,9792.83 15794.89,9792.83 8723.28,0 15794.9,-4384.4 15794.9,-9792.83z"/>
    <path id="_581" class="fil218" d="M-7031.83 35621.11c0,5403.77 -7065.52,9784.4 -15781.29,9784.4 -8715.76,0 -15781.28,-4380.63 -15781.28,-9784.4 0,-5403.77 7065.52,-9784.4 15781.28,-9784.4 8715.77,0 15781.29,4380.63 15781.29,9784.4zm40.81 0c0,-5417.75 -7083.79,-9809.7 -15822.1,-9809.7 -8738.3,0 -15822.09,4391.95 -15822.09,9809.7 0,5417.75 7083.79,9809.7 15822.09,9809.7 8738.31,0 15822.1,-4391.95 15822.1,-9809.7z"/>
    <path id="_582" class="fil219" d="M-7004.62 35621.11c0,5413.09 -7077.7,9801.27 -15808.5,9801.27 -8730.79,0 -15808.49,-4388.18 -15808.49,-9801.27 0,-5413.09 7077.7,-9801.27 15808.49,-9801.27 8730.8,0 15808.5,4388.18 15808.5,9801.27zm40.81 0c0,-5427.07 -7095.97,-9826.57 -15849.31,-9826.57 -8753.33,0 -15849.3,4399.5 -15849.3,9826.57 0,5427.07 7095.97,9826.57 15849.3,9826.57 8753.34,0 15849.31,-4399.5 15849.31,-9826.57z"/>
    <path id="_583" class="fil220" d="M-6977.41 35621.11c0,5422.41 -7089.89,9818.14 -15835.71,9818.14 -8745.81,0 -15835.7,-4395.73 -15835.7,-9818.14 0,-5422.41 7089.89,-9818.14 15835.7,-9818.14 8745.82,0 15835.71,4395.73 15835.71,9818.14zm40.81 0c0,-5436.38 -7108.16,-9843.44 -15876.52,-9843.44 -8768.35,0 -15876.51,4407.06 -15876.51,9843.44 0,5436.38 7108.16,9843.44 15876.51,9843.44 8768.36,0 15876.52,-4407.06 15876.52,-9843.44z"/>
    <path id="_584" class="fil220" d="M-6950.2 35621.11c0,5431.72 -7102.07,9835.01 -15862.92,9835.01 -8760.84,0 -15862.91,-4403.29 -15862.91,-9835.01 0,-5431.72 7102.07,-9835.01 15862.91,-9835.01 8760.85,0 15862.92,4403.29 15862.92,9835.01zm40.81 0c0,-5445.7 -7120.34,-9860.31 -15903.73,-9860.31 -8783.38,0 -15903.72,4414.61 -15903.72,9860.31 0,5445.7 7120.34,9860.31 15903.72,9860.31 8783.39,0 15903.73,-4414.61 15903.73,-9860.31z"/>
    <path id="_585" class="fil220" d="M-6922.99 35621.11c0,5441.04 -7114.25,9851.88 -15890.13,9851.88 -8775.87,0 -15890.12,-4410.84 -15890.12,-9851.88 0,-5441.04 7114.25,-9851.88 15890.12,-9851.88 8775.88,0 15890.13,4410.84 15890.13,9851.88zm40.81 0c0,-5455.02 -7132.52,-9877.18 -15930.94,-9877.18 -8798.41,0 -15930.93,4422.16 -15930.93,9877.18 0,5455.02 7132.52,9877.18 15930.93,9877.18 8798.42,0 15930.94,-4422.16 15930.94,-9877.18z"/>
    <path id="_586" class="fil220" d="M-6895.78 35621.11c0,5450.36 -7126.44,9868.75 -15917.34,9868.75 -8790.89,0 -15917.33,-4418.39 -15917.33,-9868.75 0,-5450.36 7126.44,-9868.75 15917.33,-9868.75 8790.9,0 15917.34,4418.39 15917.34,9868.75zm40.81 0c0,-5464.33 -7144.7,-9894.05 -15958.15,-9894.05 -8813.44,0 -15958.14,4429.72 -15958.14,9894.05 0,5464.33 7144.7,9894.05 15958.14,9894.05 8813.45,0 15958.15,-4429.72 15958.15,-9894.05z"/>
    <path id="_587" class="fil220" d="M-6868.57 35621.11c0,5459.67 -7138.62,9885.61 -15944.55,9885.61 -8805.92,0 -15944.54,-4425.94 -15944.54,-9885.61 0,-5459.67 7138.62,-9885.61 15944.54,-9885.61 8805.93,0 15944.55,4425.94 15944.55,9885.61zm40.81 0c0,-5473.65 -7156.89,-9910.92 -15985.36,-9910.92 -8828.46,0 -15985.35,4437.27 -15985.35,9910.92 0,5473.65 7156.89,9910.92 15985.35,9910.92 8828.47,0 15985.36,-4437.27 15985.36,-9910.92z"/>
    <path id="_588" class="fil220" d="M-6841.37 35621.11c0,5468.99 -7150.79,9902.48 -15971.75,9902.48 -8820.95,0 -15971.74,-4433.49 -15971.74,-9902.48 0,-5468.99 7150.79,-9902.48 15971.74,-9902.48 8820.96,0 15971.75,4433.49 15971.75,9902.48zm40.82 0c0,-5482.97 -7169.07,-9927.79 -16012.57,-9927.79 -8843.49,0 -16012.56,4444.82 -16012.56,9927.79 0,5482.97 7169.07,9927.79 16012.56,9927.79 8843.5,0 16012.57,-4444.82 16012.57,-9927.79z"/>
    <path id="_589" class="fil220" d="M-6814.16 35621.11c0,5478.31 -7162.97,9919.35 -15998.96,9919.35 -8835.98,0 -15998.95,-4441.04 -15998.95,-9919.35 0,-5478.31 7162.97,-9919.35 15998.95,-9919.35 8835.99,0 15998.96,4441.04 15998.96,9919.35zm40.82 0c0,-5492.28 -7181.25,-9944.66 -16039.78,-9944.66 -8858.52,0 -16039.77,4452.38 -16039.77,9944.66 0,5492.28 7181.25,9944.66 16039.77,9944.66 8858.53,0 16039.78,-4452.38 16039.78,-9944.66z"/>
    <path id="_590" class="fil220" d="M-6786.95 35621.11c0,5487.62 -7175.16,9936.22 -16026.17,9936.22 -8851,0 -16026.16,-4448.6 -16026.16,-9936.22 0,-5487.62 7175.16,-9936.22 16026.16,-9936.22 8851.01,0 16026.17,4448.6 16026.17,9936.22zm40.82 0c0,-5501.6 -7193.44,-9961.53 -16066.99,-9961.53 -8873.54,0 -16066.98,4459.93 -16066.98,9961.53 0,5501.6 7193.44,9961.53 16066.98,9961.53 8873.55,0 16066.99,-4459.93 16066.99,-9961.53z"/>
    <path id="_591" class="fil220" d="M-6759.74 35621.11c0,5496.94 -7187.34,9953.09 -16053.38,9953.09 -8866.03,0 -16053.37,-4456.15 -16053.37,-9953.09 0,-5496.94 7187.34,-9953.09 16053.37,-9953.09 8866.04,0 16053.38,4456.15 16053.38,9953.09zm40.82 0c0,-5510.92 -7205.62,-9978.4 -16094.2,-9978.4 -8888.57,0 -16094.19,4467.48 -16094.19,9978.4 0,5510.92 7205.62,9978.4 16094.19,9978.4 8888.58,0 16094.2,-4467.48 16094.2,-9978.4z"/>
    <path id="_592" class="fil221" d="M-6732.53 35621.11c0,5506.26 -7199.52,9969.96 -16080.59,9969.96 -8881.06,0 -16080.58,-4463.7 -16080.58,-9969.96 0,-5506.26 7199.52,-9969.96 16080.58,-9969.96 8881.07,0 16080.59,4463.7 16080.59,9969.96zm40.82 0c0,-5520.23 -7217.8,-9995.27 -16121.41,-9995.27 -8903.6,0 -16121.4,4475.04 -16121.4,9995.27 0,5520.23 7217.8,9995.27 16121.4,9995.27 8903.61,0 16121.41,-4475.04 16121.41,-9995.27z"/>
    <path id="_593" class="fil222" d="M-6705.32 35621.11c0,5515.58 -7211.71,9986.83 -16107.8,9986.83 -8896.08,0 -16107.79,-4471.25 -16107.79,-9986.83 0,-5515.58 7211.71,-9986.83 16107.79,-9986.83 8896.09,0 16107.8,4471.25 16107.8,9986.83zm40.81 0c0,-5529.55 -7229.97,-10012.14 -16148.61,-10012.14 -8918.63,0 -16148.6,4482.59 -16148.6,10012.14 0,5529.55 7229.97,10012.14 16148.6,10012.14 8918.64,0 16148.61,-4482.59 16148.61,-10012.14z"/>
    <path id="_594" class="fil223" d="M-6678.11 35621.11c0,5524.89 -7223.89,10003.7 -16135.01,10003.7 -8911.11,0 -16135,-4478.81 -16135,-10003.7 0,-5524.89 7223.89,-10003.7 16135,-10003.7 8911.12,0 16135.01,4478.81 16135.01,10003.7zm40.81 0c0,-5538.87 -7242.16,-10029.01 -16175.82,-10029.01 -8933.65,0 -16175.81,4490.14 -16175.81,10029.01 0,5538.87 7242.16,10029.01 16175.81,10029.01 8933.66,0 16175.82,-4490.14 16175.82,-10029.01z"/>
    <path id="_595" class="fil223" d="M-6650.9 35621.11c0,5534.21 -7236.07,10020.57 -16162.22,10020.57 -8926.14,0 -16162.21,-4486.36 -16162.21,-10020.57 0,-5534.21 7236.07,-10020.57 16162.21,-10020.57 8926.15,0 16162.22,4486.36 16162.22,10020.57zm40.81 0c0,-5548.18 -7254.34,-10045.88 -16203.03,-10045.88 -8948.68,0 -16203.02,4497.7 -16203.02,10045.88 0,5548.18 7254.34,10045.88 16203.02,10045.88 8948.69,0 16203.03,-4497.7 16203.03,-10045.88z"/>
    <path id="_596" class="fil223" d="M-6623.69 35621.11c0,5543.53 -7248.25,10037.44 -16189.43,10037.44 -8941.17,0 -16189.42,-4493.91 -16189.42,-10037.44 0,-5543.53 7248.25,-10037.44 16189.42,-10037.44 8941.18,0 16189.43,4493.91 16189.43,10037.44zm40.81 0c0,-5557.5 -7266.52,-10062.75 -16230.24,-10062.75 -8963.71,0 -16230.23,4505.25 -16230.23,10062.75 0,5557.5 7266.52,10062.75 16230.23,10062.75 8963.72,0 16230.24,-4505.25 16230.24,-10062.75z"/>
    <path id="_597" class="fil223" d="M-6596.48 35621.11c0,5552.84 -7260.44,10054.31 -16216.64,10054.31 -8956.19,0 -16216.63,-4501.47 -16216.63,-10054.31 0,-5552.84 7260.44,-10054.31 16216.63,-10054.31 8956.2,0 16216.64,4501.47 16216.64,10054.31zm40.81 0c0,-5566.82 -7278.71,-10079.62 -16257.45,-10079.62 -8978.73,0 -16257.44,4512.8 -16257.44,10079.62 0,5566.82 7278.71,10079.62 16257.44,10079.62 8978.74,0 16257.45,-4512.8 16257.45,-10079.62z"/>
    <path id="_598" class="fil223" d="M-6569.27 35621.11c0,5562.16 -7272.62,10071.18 -16243.85,10071.18 -8971.22,0 -16243.84,-4509.02 -16243.84,-10071.18 0,-5562.16 7272.62,-10071.18 16243.84,-10071.18 8971.23,0 16243.85,4509.02 16243.85,10071.18zm40.81 0c0,-5576.13 -7290.89,-10096.49 -16284.66,-10096.49 -8993.76,0 -16284.65,4520.36 -16284.65,10096.49 0,5576.13 7290.89,10096.49 16284.65,10096.49 8993.77,0 16284.66,-4520.36 16284.66,-10096.49z"/>
    <path id="_599" class="fil223" d="M-6542.06 35621.11c0,5571.48 -7284.8,10088.05 -16271.06,10088.05 -8986.25,0 -16271.05,-4516.57 -16271.05,-10088.05 0,-5571.48 7284.8,-10088.05 16271.05,-10088.05 8986.26,0 16271.06,4516.57 16271.06,10088.05zm40.81 0c0,-5585.45 -7303.07,-10113.35 -16311.87,-10113.35 -9008.79,0 -16311.86,4527.9 -16311.86,10113.35 0,5585.45 7303.07,10113.35 16311.86,10113.35 9008.8,0 16311.87,-4527.9 16311.87,-10113.35z"/>
    <path id="_600" class="fil223" d="M-6514.86 35621.11c0,5580.79 -7296.97,10104.92 -16298.26,10104.92 -9001.28,0 -16298.25,-4524.13 -16298.25,-10104.92 0,-5580.79 7296.97,-10104.92 16298.25,-10104.92 9001.29,0 16298.26,4524.13 16298.26,10104.92zm40.82 0c0,-5594.77 -7315.25,-10130.22 -16339.08,-10130.22 -9023.82,0 -16339.07,4535.45 -16339.07,10130.22 0,5594.77 7315.25,10130.22 16339.07,10130.22 9023.83,0 16339.08,-4535.45 16339.08,-10130.22z"/>
    <path id="_601" class="fil224" d="M-6487.65 35621.11c0,5590.11 -7309.16,10121.79 -16325.47,10121.79 -9016.3,0 -16325.46,-4531.68 -16325.46,-10121.79 0,-5590.11 7309.16,-10121.79 16325.46,-10121.79 9016.31,0 16325.47,4531.68 16325.47,10121.79zm40.82 0c0,-5604.09 -7327.44,-10147.09 -16366.29,-10147.09 -9038.84,0 -16366.28,4543 -16366.28,10147.09 0,5604.09 7327.44,10147.09 16366.28,10147.09 9038.85,0 16366.29,-4543 16366.29,-10147.09z"/>
    <path id="_602" class="fil224" d="M-6460.44 35621.11c0,5599.43 -7321.34,10138.66 -16352.68,10138.66 -9031.33,0 -16352.67,-4539.23 -16352.67,-10138.66 0,-5599.43 7321.34,-10138.66 16352.67,-10138.66 9031.34,0 16352.68,4539.23 16352.68,10138.66zm40.82 0c0,-5613.4 -7339.62,-10163.96 -16393.5,-10163.96 -9053.87,0 -16393.49,4550.56 -16393.49,10163.96 0,5613.4 7339.62,10163.96 16393.49,10163.96 9053.88,0 16393.5,-4550.56 16393.5,-10163.96z"/>
    <path id="_603" class="fil224" d="M-6433.23 35621.11c0,5608.74 -7333.52,10155.53 -16379.89,10155.53 -9046.36,0 -16379.88,-4546.79 -16379.88,-10155.53 0,-5608.74 7333.52,-10155.53 16379.88,-10155.53 9046.37,0 16379.89,4546.79 16379.89,10155.53zm40.82 0c0,-5622.72 -7351.8,-10180.83 -16420.71,-10180.83 -9068.9,0 -16420.7,4558.11 -16420.7,10180.83 0,5622.72 7351.8,10180.83 16420.7,10180.83 9068.91,0 16420.71,-4558.11 16420.71,-10180.83z"/>
    <path id="_604" class="fil225" d="M-6406.02 35621.11c0,5618.06 -7345.71,10172.4 -16407.1,10172.4 -9061.38,0 -16407.09,-4554.34 -16407.09,-10172.4 0,-5618.06 7345.71,-10172.4 16407.09,-10172.4 9061.39,0 16407.1,4554.34 16407.1,10172.4zm40.81 0c0,-5632.04 -7363.98,-10197.7 -16447.91,-10197.7 -9083.92,0 -16447.9,4565.66 -16447.9,10197.7 0,5632.04 7363.98,10197.7 16447.9,10197.7 9083.93,0 16447.91,-4565.66 16447.91,-10197.7z"/>
    <path id="_605" class="fil225" d="M-6378.81 35621.11c0,5627.38 -7357.89,10189.27 -16434.31,10189.27 -9076.41,0 -16434.3,-4561.89 -16434.3,-10189.27 0,-5627.38 7357.89,-10189.27 16434.3,-10189.27 9076.42,0 16434.31,4561.89 16434.31,10189.27zm40.81 0c0,-5641.35 -7376.16,-10214.57 -16475.12,-10214.57 -9098.95,0 -16475.11,4573.22 -16475.11,10214.57 0,5641.35 7376.16,10214.57 16475.11,10214.57 9098.96,0 16475.12,-4573.22 16475.12,-10214.57z"/>
    <path id="_606" class="fil225" d="M-6351.6 35621.11c0,5636.69 -7370.07,10206.14 -16461.52,10206.14 -9091.44,0 -16461.51,-4569.45 -16461.51,-10206.14 0,-5636.69 7370.07,-10206.14 16461.51,-10206.14 9091.45,0 16461.52,4569.45 16461.52,10206.14zm40.81 0c0,-5650.67 -7388.34,-10231.44 -16502.33,-10231.44 -9113.98,0 -16502.32,4580.77 -16502.32,10231.44 0,5650.67 7388.34,10231.44 16502.32,10231.44 9113.99,0 16502.33,-4580.77 16502.33,-10231.44z"/>
    <path id="_607" class="fil225" d="M-6324.39 35621.11c0,5646.01 -7382.25,10223.01 -16488.73,10223.01 -9106.47,0 -16488.72,-4577 -16488.72,-10223.01 0,-5646.01 7382.25,-10223.01 16488.72,-10223.01 9106.48,0 16488.73,4577 16488.73,10223.01zm40.81 0c0,-5659.99 -7400.52,-10248.31 -16529.54,-10248.31 -9129.01,0 -16529.53,4588.32 -16529.53,10248.31 0,5659.99 7400.52,10248.31 16529.53,10248.31 9129.02,0 16529.54,-4588.32 16529.54,-10248.31z"/>
    <path id="_608" class="fil226" d="M-6297.18 35621.11c0,5655.33 -7394.44,10239.88 -16515.94,10239.88 -9121.49,0 -16515.93,-4584.55 -16515.93,-10239.88 0,-5655.33 7394.44,-10239.88 16515.93,-10239.88 9121.5,0 16515.94,4584.55 16515.94,10239.88zm40.81 0c0,-5669.3 -7412.71,-10265.18 -16556.75,-10265.18 -9144.03,0 -16556.74,4595.88 -16556.74,10265.18 0,5669.3 7412.71,10265.18 16556.74,10265.18 9144.04,0 16556.75,-4595.88 16556.75,-10265.18z"/>
    <path id="_609" class="fil226" d="M-6269.97 35621.11c0,5664.64 -7406.62,10256.75 -16543.15,10256.75 -9136.52,0 -16543.14,-4592.11 -16543.14,-10256.75 0,-5664.64 7406.62,-10256.75 16543.14,-10256.75 9136.53,0 16543.15,4592.11 16543.15,10256.75zm40.81 0c0,-5678.62 -7424.89,-10282.05 -16583.96,-10282.05 -9159.06,0 -16583.95,4603.43 -16583.95,10282.05 0,5678.62 7424.89,10282.05 16583.95,10282.05 9159.07,0 16583.96,-4603.43 16583.96,-10282.05z"/>
    <path id="_610" class="fil226" d="M-6242.76 35621.11c0,5673.96 -7418.8,10273.62 -16570.36,10273.62 -9151.55,0 -16570.35,-4599.66 -16570.35,-10273.62 0,-5673.96 7418.8,-10273.62 16570.35,-10273.62 9151.56,0 16570.36,4599.66 16570.36,10273.62zm40.81 0c0,-5687.94 -7437.07,-10298.92 -16611.17,-10298.92 -9174.09,0 -16611.16,4610.98 -16611.16,10298.92 0,5687.94 7437.07,10298.92 16611.16,10298.92 9174.1,0 16611.17,-4610.98 16611.17,-10298.92z"/>
    <path id="_611" class="fil227" d="M-6215.56 35621.11c0,5683.28 -7430.98,10290.49 -16597.56,10290.49 -9166.57,0 -16597.55,-4607.21 -16597.55,-10290.49 0,-5683.28 7430.98,-10290.49 16597.55,-10290.49 9166.58,0 16597.56,4607.21 16597.56,10290.49zm40.82 0c0,-5697.25 -7449.26,-10315.79 -16638.38,-10315.79 -9189.11,0 -16638.37,4618.54 -16638.37,10315.79 0,5697.25 7449.26,10315.79 16638.37,10315.79 9189.12,0 16638.38,-4618.54 16638.38,-10315.79z"/>
    <path id="_612" class="fil227" d="M-6188.35 35621.11c0,5692.6 -7443.16,10307.36 -16624.77,10307.36 -9181.6,0 -16624.76,-4614.76 -16624.76,-10307.36 0,-5692.6 7443.16,-10307.36 16624.76,-10307.36 9181.61,0 16624.77,4614.76 16624.77,10307.36zm40.82 0c0,-5706.57 -7461.44,-10332.66 -16665.59,-10332.66 -9204.14,0 -16665.58,4626.09 -16665.58,10332.66 0,5706.57 7461.44,10332.66 16665.58,10332.66 9204.15,0 16665.59,-4626.09 16665.59,-10332.66z"/>
    <path id="_613" class="fil227" d="M-6161.14 35621.11c0,5701.91 -7455.34,10324.23 -16651.98,10324.23 -9196.63,0 -16651.97,-4622.32 -16651.97,-10324.23 0,-5701.91 7455.34,-10324.23 16651.97,-10324.23 9196.64,0 16651.98,4622.32 16651.98,10324.23zm40.82 0c0,-5715.89 -7473.62,-10349.53 -16692.8,-10349.53 -9219.17,0 -16692.79,4633.64 -16692.79,10349.53 0,5715.89 7473.62,10349.53 16692.79,10349.53 9219.18,0 16692.8,-4633.64 16692.8,-10349.53z"/>
    <path id="_614" class="fil227" d="M-6133.93 35621.11c0,5711.23 -7467.52,10341.1 -16679.19,10341.1 -9211.66,0 -16679.18,-4629.87 -16679.18,-10341.1 0,-5711.23 7467.52,-10341.1 16679.18,-10341.1 9211.67,0 16679.19,4629.87 16679.19,10341.1zm40.82 0c0,-5725.2 -7485.8,-10366.4 -16720.01,-10366.4 -9234.2,0 -16720,4641.2 -16720,10366.4 0,5725.2 7485.8,10366.4 16720,10366.4 9234.21,0 16720.01,-4641.2 16720.01,-10366.4z"/>
    <path id="_615" class="fil227" d="M-6106.72 35621.11c0,5720.55 -7479.71,10357.96 -16706.4,10357.96 -9226.68,0 -16706.39,-4637.41 -16706.39,-10357.96 0,-5720.55 7479.71,-10357.96 16706.39,-10357.96 9226.69,0 16706.4,4637.41 16706.4,10357.96zm40.81 0c0,-5734.52 -7497.98,-10383.27 -16747.21,-10383.27 -9249.22,0 -16747.2,4648.75 -16747.2,10383.27 0,5734.52 7497.98,10383.27 16747.2,10383.27 9249.23,0 16747.21,-4648.75 16747.21,-10383.27z"/>
    <path id="_616" class="fil228" d="M-6079.51 35621.11c0,5729.86 -7491.89,10374.83 -16733.61,10374.83 -9241.71,0 -16733.6,-4644.97 -16733.6,-10374.83 0,-5729.86 7491.89,-10374.83 16733.6,-10374.83 9241.72,0 16733.61,4644.97 16733.61,10374.83zm40.81 0c0,-5743.84 -7510.16,-10400.14 -16774.42,-10400.14 -9264.25,0 -16774.41,4656.3 -16774.41,10400.14 0,5743.84 7510.16,10400.14 16774.41,10400.14 9264.26,0 16774.42,-4656.3 16774.42,-10400.14z"/>
    <path id="_617" class="fil228" d="M-6052.3 35621.11c0,5739.18 -7504.07,10391.7 -16760.82,10391.7 -9256.74,0 -16760.81,-4652.52 -16760.81,-10391.7 0,-5739.18 7504.07,-10391.7 16760.81,-10391.7 9256.75,0 16760.82,4652.52 16760.82,10391.7zm40.81 0c0,-5753.16 -7522.34,-10417.01 -16801.63,-10417.01 -9279.28,0 -16801.62,4663.85 -16801.62,10417.01 0,5753.16 7522.34,10417.01 16801.62,10417.01 9279.29,0 16801.63,-4663.85 16801.63,-10417.01z"/>
    <path id="_618" class="fil228" d="M-6025.09 35621.11c0,5748.5 -7516.26,10408.57 -16788.03,10408.57 -9271.76,0 -16788.02,-4660.07 -16788.02,-10408.57 0,-5748.5 7516.26,-10408.57 16788.02,-10408.57 9271.77,0 16788.03,4660.07 16788.03,10408.57zm40.81 0c0,-5762.47 -7534.52,-10433.88 -16828.84,-10433.88 -9294.31,0 -16828.83,4671.41 -16828.83,10433.88 0,5762.47 7534.52,10433.88 16828.83,10433.88 9294.32,0 16828.84,-4671.41 16828.84,-10433.88z"/>
    <path id="_619" class="fil228" d="M-5997.88 35621.11c0,5757.81 -7528.44,10425.44 -16815.24,10425.44 -9286.79,0 -16815.23,-4667.63 -16815.23,-10425.44 0,-5757.81 7528.44,-10425.44 16815.23,-10425.44 9286.8,0 16815.24,4667.63 16815.24,10425.44zm40.81 0c0,-5771.79 -7546.71,-10450.75 -16856.05,-10450.75 -9309.33,0 -16856.04,4678.96 -16856.04,10450.75 0,5771.79 7546.71,10450.75 16856.04,10450.75 9309.34,0 16856.05,-4678.96 16856.05,-10450.75z"/>
    <path id="_620" class="fil228" d="M-5970.67 35621.11c0,5767.13 -7540.62,10442.31 -16842.45,10442.31 -9301.82,0 -16842.44,-4675.18 -16842.44,-10442.31 0,-5767.13 7540.62,-10442.31 16842.44,-10442.31 9301.83,0 16842.45,4675.18 16842.45,10442.31zm40.81 0c0,-5781.11 -7558.89,-10467.62 -16883.26,-10467.62 -9324.36,0 -16883.25,4686.51 -16883.25,10467.62 0,5781.11 7558.89,10467.62 16883.25,10467.62 9324.37,0 16883.26,-4686.51 16883.26,-10467.62z"/>
    <path id="_621" class="fil229" d="M-5943.46 35621.11c0,5776.45 -7552.8,10459.18 -16869.66,10459.18 -9316.85,0 -16869.65,-4682.73 -16869.65,-10459.18 0,-5776.45 7552.8,-10459.18 16869.65,-10459.18 9316.86,0 16869.66,4682.73 16869.66,10459.18zm40.81 0c0,-5790.42 -7571.07,-10484.49 -16910.47,-10484.49 -9339.39,0 -16910.46,4694.07 -16910.46,10484.49 0,5790.42 7571.07,10484.49 16910.46,10484.49 9339.4,0 16910.47,-4694.07 16910.47,-10484.49z"/>
    <path id="_622" class="fil229" d="M-5916.26 35621.11c0,5785.76 -7564.98,10476.05 -16896.86,10476.05 -9331.87,0 -16896.85,-4690.29 -16896.85,-10476.05 0,-5785.76 7564.98,-10476.05 16896.85,-10476.05 9331.88,0 16896.86,4690.29 16896.86,10476.05zm40.82 0c0,-5799.74 -7583.26,-10501.36 -16937.68,-10501.36 -9354.41,0 -16937.67,4701.62 -16937.67,10501.36 0,5799.74 7583.26,10501.36 16937.67,10501.36 9354.42,0 16937.68,-4701.62 16937.68,-10501.36z"/>
    <path id="_623" class="fil229" d="M-5889.05 35621.11c0,5795.08 -7577.16,10492.92 -16924.07,10492.92 -9346.9,0 -16924.06,-4697.84 -16924.06,-10492.92 0,-5795.08 7577.16,-10492.92 16924.06,-10492.92 9346.91,0 16924.07,4697.84 16924.07,10492.92zm40.82 0c0,-5809.06 -7595.44,-10518.23 -16964.89,-10518.23 -9369.44,0 -16964.88,4709.17 -16964.88,10518.23 0,5809.06 7595.44,10518.23 16964.88,10518.23 9369.45,0 16964.89,-4709.17 16964.89,-10518.23z"/>
    <path id="_624" class="fil230" d="M-5861.84 35621.11c0,5804.4 -7589.34,10509.79 -16951.28,10509.79 -9361.93,0 -16951.27,-4705.39 -16951.27,-10509.79 0,-5804.4 7589.34,-10509.79 16951.27,-10509.79 9361.94,0 16951.28,4705.39 16951.28,10509.79zm40.82 0c0,-5818.37 -7607.62,-10535.1 -16992.1,-10535.1 -9384.47,0 -16992.09,4716.73 -16992.09,10535.1 0,5818.37 7607.62,10535.1 16992.09,10535.1 9384.48,0 16992.1,-4716.73 16992.1,-10535.1z"/>
    <path id="_625" class="fil230" d="M-5834.63 35621.11c0,5813.71 -7601.53,10526.66 -16978.49,10526.66 -9376.95,0 -16978.48,-4712.95 -16978.48,-10526.66 0,-5813.71 7601.53,-10526.66 16978.48,-10526.66 9376.96,0 16978.49,4712.95 16978.49,10526.66zm40.82 0c0,-5827.69 -7619.8,-10551.97 -17019.31,-10551.97 -9399.5,0 -17019.3,4724.28 -17019.3,10551.97 0,5827.69 7619.8,10551.97 17019.3,10551.97 9399.51,0 17019.31,-4724.28 17019.31,-10551.97z"/>
    <path id="_626" class="fil230" d="M-5807.42 35621.11c0,5823.03 -7613.71,10543.53 -17005.7,10543.53 -9391.98,0 -17005.69,-4720.5 -17005.69,-10543.53 0,-5823.03 7613.71,-10543.53 17005.69,-10543.53 9391.99,0 17005.7,4720.5 17005.7,10543.53zm40.81 0c0,-5837.01 -7631.98,-10568.84 -17046.51,-10568.84 -9414.52,0 -17046.5,4731.83 -17046.5,10568.84 0,5837.01 7631.98,10568.84 17046.5,10568.84 9414.53,0 17046.51,-4731.83 17046.51,-10568.84z"/>
    <path id="_627" class="fil230" d="M-5780.21 35621.11c0,5832.35 -7625.89,10560.4 -17032.91,10560.4 -9407.01,0 -17032.9,-4728.05 -17032.9,-10560.4 0,-5832.35 7625.89,-10560.4 17032.9,-10560.4 9407.02,0 17032.91,4728.05 17032.91,10560.4zm40.81 0c0,-5846.32 -7644.16,-10585.71 -17073.72,-10585.71 -9429.55,0 -17073.71,4739.39 -17073.71,10585.71 0,5846.32 7644.16,10585.71 17073.71,10585.71 9429.56,0 17073.72,-4739.39 17073.72,-10585.71z"/>
    <path id="_628" class="fil231" d="M-5753 35621.11c0,5841.67 -7638.07,10577.27 -17060.12,10577.27 -9422.04,0 -17060.11,-4735.6 -17060.11,-10577.27 0,-5841.67 7638.07,-10577.27 17060.11,-10577.27 9422.05,0 17060.12,4735.6 17060.12,10577.27zm40.81 0c0,-5855.64 -7656.34,-10602.57 -17100.93,-10602.57 -9444.58,0 -17100.92,4746.93 -17100.92,10602.57 0,5855.64 7656.34,10602.57 17100.92,10602.57 9444.59,0 17100.93,-4746.93 17100.93,-10602.57z"/>
    <path id="_629" class="fil231" d="M-5725.79 35621.11c0,5850.98 -7650.26,10594.14 -17087.33,10594.14 -9437.06,0 -17087.32,-4743.16 -17087.32,-10594.14 0,-5850.98 7650.26,-10594.14 17087.32,-10594.14 9437.07,0 17087.33,4743.16 17087.33,10594.14zm40.81 0c0,-5864.96 -7668.53,-10619.44 -17128.14,-10619.44 -9459.6,0 -17128.13,4754.48 -17128.13,10619.44 0,5864.96 7668.53,10619.44 17128.13,10619.44 9459.61,0 17128.14,-4754.48 17128.14,-10619.44z"/>
    <path id="_630" class="fil231" d="M-5698.58 35621.11c0,5860.3 -7662.44,10611.01 -17114.54,10611.01 -9452.09,0 -17114.53,-4750.71 -17114.53,-10611.01 0,-5860.3 7662.44,-10611.01 17114.53,-10611.01 9452.1,0 17114.54,4750.71 17114.54,10611.01zm40.81 0c0,-5874.27 -7680.71,-10636.31 -17155.35,-10636.31 -9474.63,0 -17155.34,4762.04 -17155.34,10636.31 0,5874.27 7680.71,10636.31 17155.34,10636.31 9474.64,0 17155.35,-4762.04 17155.35,-10636.31z"/>
    <path id="_631" class="fil232" d="M-5671.37 35621.11c0,5869.62 -7674.62,10627.88 -17141.75,10627.88 -9467.12,0 -17141.74,-4758.26 -17141.74,-10627.88 0,-5869.62 7674.62,-10627.88 17141.74,-10627.88 9467.13,0 17141.75,4758.26 17141.75,10627.88zm40.81 0c0,-5883.59 -7692.89,-10653.18 -17182.56,-10653.18 -9489.66,0 -17182.55,4769.59 -17182.55,10653.18 0,5883.59 7692.89,10653.18 17182.55,10653.18 9489.67,0 17182.56,-4769.59 17182.56,-10653.18z"/>
    <path id="_632" class="fil232" d="M-5644.16 35621.11c0,5878.93 -7686.81,10644.75 -17168.96,10644.75 -9482.14,0 -17168.95,-4765.82 -17168.95,-10644.75 0,-5878.93 7686.81,-10644.75 17168.95,-10644.75 9482.15,0 17168.96,4765.82 17168.96,10644.75zm40.81 0c0,-5892.91 -7705.07,-10670.05 -17209.77,-10670.05 -9504.69,0 -17209.76,4777.14 -17209.76,10670.05 0,5892.91 7705.07,10670.05 17209.76,10670.05 9504.7,0 17209.77,-4777.14 17209.77,-10670.05z"/>
    <path id="_633" class="fil232" d="M-5616.95 35621.11c0,5888.25 -7698.99,10661.62 -17196.17,10661.62 -9497.17,0 -17196.16,-4773.37 -17196.16,-10661.62 0,-5888.25 7698.99,-10661.62 17196.16,-10661.62 9497.18,0 17196.17,4773.37 17196.17,10661.62zm40.81 0c0,-5902.22 -7717.26,-10686.92 -17236.98,-10686.92 -9519.71,0 -17236.97,4784.7 -17236.97,10686.92 0,5902.22 7717.26,10686.92 17236.97,10686.92 9519.72,0 17236.98,-4784.7 17236.98,-10686.92z"/>
    <path id="_634" class="fil232" d="M-5589.75 35621.11c0,5897.57 -7711.16,10678.49 -17223.37,10678.49 -9512.2,0 -17223.36,-4780.92 -17223.36,-10678.49 0,-5897.57 7711.16,-10678.49 17223.36,-10678.49 9512.21,0 17223.37,4780.92 17223.37,10678.49zm40.82 0c0,-5911.54 -7729.44,-10703.79 -17264.19,-10703.79 -9534.74,0 -17264.18,4792.25 -17264.18,10703.79 0,5911.54 7729.44,10703.79 17264.18,10703.79 9534.75,0 17264.19,-4792.25 17264.19,-10703.79z"/>
    <path id="_635" class="fil232" d="M-5562.54 35621.11c0,5906.88 -7723.34,10695.36 -17250.58,10695.36 -9527.23,0 -17250.57,-4788.48 -17250.57,-10695.36 0,-5906.88 7723.34,-10695.36 17250.57,-10695.36 9527.24,0 17250.58,4788.48 17250.58,10695.36zm40.82 0c0,-5920.86 -7741.62,-10720.66 -17291.4,-10720.66 -9549.77,0 -17291.39,4799.8 -17291.39,10720.66 0,5920.86 7741.62,10720.66 17291.39,10720.66 9549.78,0 17291.4,-4799.8 17291.4,-10720.66z"/>
    <path id="_636" class="fil232" d="M-5535.33 35621.11c0,5916.2 -7735.53,10712.23 -17277.79,10712.23 -9542.25,0 -17277.78,-4796.03 -17277.78,-10712.23 0,-5916.2 7735.53,-10712.23 17277.78,-10712.23 9542.26,0 17277.79,4796.03 17277.79,10712.23zm40.82 0c0,-5930.18 -7753.81,-10737.53 -17318.61,-10737.53 -9564.79,0 -17318.6,4807.35 -17318.6,10737.53 0,5930.18 7753.81,10737.53 17318.6,10737.53 9564.8,0 17318.61,-4807.35 17318.61,-10737.53z"/>
    <path id="_637" class="fil232" d="M-5508.12 35621.11c0,5925.52 -7747.71,10729.1 -17305,10729.1 -9557.28,0 -17304.99,-4803.58 -17304.99,-10729.1 0,-5925.52 7747.71,-10729.1 17304.99,-10729.1 9557.29,0 17305,4803.58 17305,10729.1zm40.82 0c0,-5939.49 -7765.99,-10754.4 -17345.82,-10754.4 -9579.82,0 -17345.81,4814.91 -17345.81,10754.4 0,5939.49 7765.99,10754.4 17345.81,10754.4 9579.83,0 17345.82,-4814.91 17345.82,-10754.4z"/>
    <path id="_638" class="fil232" d="M-5480.91 35621.11c0,5934.83 -7759.89,10745.97 -17332.21,10745.97 -9572.31,0 -17332.2,-4811.14 -17332.2,-10745.97 0,-5934.83 7759.89,-10745.97 17332.2,-10745.97 9572.32,0 17332.21,4811.14 17332.21,10745.97zm40.81 0c0,-5948.81 -7778.16,-10771.27 -17373.02,-10771.27 -9594.85,0 -17373.01,4822.46 -17373.01,10771.27 0,5948.81 7778.16,10771.27 17373.01,10771.27 9594.86,0 17373.02,-4822.46 17373.02,-10771.27z"/>
    <path id="_639" class="fil232" d="M-5453.7 35621.11c0,5944.15 -7772.07,10762.84 -17359.42,10762.84 -9587.34,0 -17359.41,-4818.69 -17359.41,-10762.84 0,-5944.15 7772.07,-10762.84 17359.41,-10762.84 9587.35,0 17359.42,4818.69 17359.42,10762.84zm40.81 0c0,-5958.13 -7790.34,-10788.14 -17400.23,-10788.14 -9609.88,0 -17400.22,4830.01 -17400.22,10788.14 0,5958.13 7790.34,10788.14 17400.22,10788.14 9609.89,0 17400.23,-4830.01 17400.23,-10788.14z"/>
    <path id="_640" class="fil232" d="M-5426.49 35621.11c0,5953.47 -7784.26,10779.71 -17386.63,10779.71 -9602.36,0 -17386.62,-4826.24 -17386.62,-10779.71 0,-5953.47 7784.26,-10779.71 17386.62,-10779.71 9602.37,0 17386.63,4826.24 17386.63,10779.71zm40.81 0c0,-5967.44 -7802.53,-10805.01 -17427.44,-10805.01 -9624.9,0 -17427.43,4837.57 -17427.43,10805.01 0,5967.44 7802.53,10805.01 17427.43,10805.01 9624.91,0 17427.44,-4837.57 17427.44,-10805.01z"/>
    <path id="_641" class="fil232" d="M-5399.28 35621.11c0,5962.78 -7796.44,10796.58 -17413.84,10796.58 -9617.39,0 -17413.83,-4833.8 -17413.83,-10796.58 0,-5962.78 7796.44,-10796.58 17413.83,-10796.58 9617.4,0 17413.84,4833.8 17413.84,10796.58zm40.81 0c0,-5976.76 -7814.71,-10821.88 -17454.65,-10821.88 -9639.93,0 -17454.64,4845.12 -17454.64,10821.88 0,5976.76 7814.71,10821.88 17454.64,10821.88 9639.94,0 17454.65,-4845.12 17454.65,-10821.88z"/>
    <path id="_642" class="fil233" d="M-5372.07 35621.11c0,5972.1 -7808.62,10813.45 -17441.05,10813.45 -9632.42,0 -17441.04,-4841.35 -17441.04,-10813.45 0,-5972.1 7808.62,-10813.45 17441.04,-10813.45 9632.43,0 17441.05,4841.35 17441.05,10813.45zm40.81 0c0,-5986.08 -7826.89,-10838.75 -17481.86,-10838.75 -9654.96,0 -17481.85,4852.67 -17481.85,10838.75 0,5986.08 7826.89,10838.75 17481.85,10838.75 9654.97,0 17481.86,-4852.67 17481.86,-10838.75z"/>
    <path id="_643" class="fil233" d="M-5344.86 35621.11c0,5981.42 -7820.81,10830.32 -17468.26,10830.32 -9647.44,0 -17468.25,-4848.9 -17468.25,-10830.32 0,-5981.42 7820.81,-10830.32 17468.25,-10830.32 9647.45,0 17468.26,4848.9 17468.26,10830.32zm40.81 0c0,-5995.39 -7839.08,-10855.62 -17509.07,-10855.62 -9669.98,0 -17509.06,4860.23 -17509.06,10855.62 0,5995.39 7839.08,10855.62 17509.06,10855.62 9669.99,0 17509.07,-4860.23 17509.07,-10855.62z"/>
    <path id="_644" class="fil233" d="M-5317.65 35621.11c0,5990.73 -7832.99,10847.18 -17495.47,10847.18 -9662.47,0 -17495.46,-4856.45 -17495.46,-10847.18 0,-5990.73 7832.99,-10847.18 17495.46,-10847.18 9662.48,0 17495.47,4856.45 17495.47,10847.18zm40.81 0c0,-6004.71 -7851.26,-10872.49 -17536.28,-10872.49 -9685.01,0 -17536.27,4867.78 -17536.27,10872.49 0,6004.71 7851.26,10872.49 17536.27,10872.49 9685.02,0 17536.28,-4867.78 17536.28,-10872.49z"/>
    <path id="_645" class="fil233" d="M-5290.45 35621.11c0,6000.05 -7845.16,10864.05 -17522.67,10864.05 -9677.5,0 -17522.66,-4864 -17522.66,-10864.05 0,-6000.05 7845.16,-10864.05 17522.66,-10864.05 9677.51,0 17522.67,4864 17522.67,10864.05zm40.82 0c0,-6014.03 -7863.44,-10889.36 -17563.49,-10889.36 -9700.04,0 -17563.48,4875.33 -17563.48,10889.36 0,6014.03 7863.44,10889.36 17563.48,10889.36 9700.05,0 17563.49,-4875.33 17563.49,-10889.36z"/>
    <path id="_646" class="fil233" d="M-5263.24 35621.11c0,6009.37 -7857.34,10880.92 -17549.88,10880.92 -9692.53,0 -17549.87,-4871.55 -17549.87,-10880.92 0,-6009.37 7857.34,-10880.92 17549.87,-10880.92 9692.54,0 17549.88,4871.55 17549.88,10880.92zm40.82 0c0,-6023.34 -7875.62,-10906.23 -17590.7,-10906.23 -9715.07,0 -17590.69,4882.89 -17590.69,10906.23 0,6023.34 7875.62,10906.23 17590.69,10906.23 9715.08,0 17590.7,-4882.89 17590.7,-10906.23z"/>
    <path id="_647" class="fil233" d="M-5236.03 35621.11c0,6018.69 -7869.53,10897.79 -17577.09,10897.79 -9707.55,0 -17577.08,-4879.1 -17577.08,-10897.79 0,-6018.69 7869.53,-10897.79 17577.08,-10897.79 9707.56,0 17577.09,4879.1 17577.09,10897.79zm40.82 0c0,-6032.66 -7887.81,-10923.1 -17617.91,-10923.1 -9730.09,0 -17617.9,4890.44 -17617.9,10923.1 0,6032.66 7887.81,10923.1 17617.9,10923.1 9730.1,0 17617.91,-4890.44 17617.91,-10923.1z"/>
    <path id="_648" class="fil233" d="M-5208.82 35621.11c0,6028 -7881.71,10914.66 -17604.3,10914.66 -9722.58,0 -17604.29,-4886.66 -17604.29,-10914.66 0,-6028 7881.71,-10914.66 17604.29,-10914.66 9722.59,0 17604.3,4886.66 17604.3,10914.66zm40.82 0c0,-6041.98 -7899.99,-10939.97 -17645.12,-10939.97 -9745.12,0 -17645.11,4897.99 -17645.11,10939.97 0,6041.98 7899.99,10939.97 17645.11,10939.97 9745.13,0 17645.12,-4897.99 17645.12,-10939.97z"/>
    <path id="_649" class="fil233" d="M-5181.61 35621.11c0,6037.32 -7893.89,10931.53 -17631.51,10931.53 -9737.61,0 -17631.5,-4894.21 -17631.5,-10931.53 0,-6037.32 7893.89,-10931.53 17631.5,-10931.53 9737.62,0 17631.51,4894.21 17631.51,10931.53zm40.81 0c0,-6051.29 -7912.16,-10956.84 -17672.32,-10956.84 -9760.15,0 -17672.31,4905.55 -17672.31,10956.84 0,6051.29 7912.16,10956.84 17672.31,10956.84 9760.16,0 17672.32,-4905.55 17672.32,-10956.84z"/>
    <path id="_650" class="fil233" d="M-5154.4 35621.11c0,6046.64 -7906.08,10948.4 -17658.72,10948.4 -9752.63,0 -17658.71,-4901.76 -17658.71,-10948.4 0,-6046.64 7906.08,-10948.4 17658.71,-10948.4 9752.64,0 17658.72,4901.76 17658.72,10948.4zm40.81 0c0,-6060.61 -7924.35,-10973.71 -17699.53,-10973.71 -9775.17,0 -17699.52,4913.1 -17699.52,10973.71 0,6060.61 7924.35,10973.71 17699.52,10973.71 9775.18,0 17699.53,-4913.1 17699.53,-10973.71z"/>
    <path id="_651" class="fil233" d="M-5127.19 35621.11c0,6055.95 -7918.26,10965.27 -17685.93,10965.27 -9767.66,0 -17685.92,-4909.32 -17685.92,-10965.27 0,-6055.95 7918.26,-10965.27 17685.92,-10965.27 9767.67,0 17685.93,4909.32 17685.93,10965.27zm40.81 0c0,-6069.93 -7936.53,-10990.58 -17726.74,-10990.58 -9790.2,0 -17726.73,4920.65 -17726.73,10990.58 0,6069.93 7936.53,10990.58 17726.73,10990.58 9790.21,0 17726.74,-4920.65 17726.74,-10990.58z"/>
    <path id="_652" class="fil233" d="M-5099.98 35621.11c0,6065.27 -7930.44,10982.14 -17713.14,10982.14 -9782.69,0 -17713.13,-4916.87 -17713.13,-10982.14 0,-6065.27 7930.44,-10982.14 17713.13,-10982.14 9782.7,0 17713.14,4916.87 17713.14,10982.14zm40.81 0c0,-6079.24 -7948.71,-11007.45 -17753.95,-11007.45 -9805.23,0 -17753.94,4928.21 -17753.94,11007.45 0,6079.24 7948.71,11007.45 17753.94,11007.45 9805.24,0 17753.95,-4928.21 17753.95,-11007.45z"/>
    <path id="_653" class="fil233" d="M-5072.77 35621.11c0,6074.59 -7942.62,10999.01 -17740.35,10999.01 -9797.72,0 -17740.34,-4924.42 -17740.34,-10999.01 0,-6074.59 7942.62,-10999.01 17740.34,-10999.01 9797.73,0 17740.35,4924.42 17740.35,10999.01zm40.81 0c0,-6088.56 -7960.89,-11024.32 -17781.16,-11024.32 -9820.26,0 -17781.15,4935.76 -17781.15,11024.32 0,6088.56 7960.89,11024.32 17781.15,11024.32 9820.27,0 17781.16,-4935.76 17781.16,-11024.32z"/>
    <path id="_654" class="fil234" d="M-5045.56 35621.11c0,6083.9 -7954.81,11015.88 -17767.56,11015.88 -9812.74,0 -17767.55,-4931.98 -17767.55,-11015.88 0,-6083.9 7954.81,-11015.88 17767.55,-11015.88 9812.75,0 17767.56,4931.98 17767.56,11015.88zm40.81 0c0,-6097.88 -7973.08,-11041.19 -17808.37,-11041.19 -9835.28,0 -17808.36,4943.31 -17808.36,11041.19 0,6097.88 7973.08,11041.19 17808.36,11041.19 9835.29,0 17808.37,-4943.31 17808.37,-11041.19z"/>
    <path id="_655" class="fil234" d="M-5018.35 35621.11c0,6093.22 -7966.99,11032.75 -17794.77,11032.75 -9827.77,0 -17794.76,-4939.53 -17794.76,-11032.75 0,-6093.22 7966.99,-11032.75 17794.76,-11032.75 9827.78,0 17794.77,4939.53 17794.77,11032.75zm40.81 0c0,-6107.2 -7985.26,-11058.06 -17835.58,-11058.06 -9850.31,0 -17835.57,4950.86 -17835.57,11058.06 0,6107.2 7985.26,11058.06 17835.57,11058.06 9850.32,0 17835.58,-4950.86 17835.58,-11058.06z"/>
    <path id="_656" class="fil235" d="M-4991.15 35621.11c0,6102.54 -7979.16,11049.62 -17821.97,11049.62 -9842.8,0 -17821.96,-4947.08 -17821.96,-11049.62 0,-6102.54 7979.16,-11049.62 17821.96,-11049.62 9842.81,0 17821.97,4947.08 17821.97,11049.62zm40.82 0c0,-6116.51 -7997.44,-11074.92 -17862.79,-11074.92 -9865.34,0 -17862.78,4958.41 -17862.78,11074.92 0,6116.51 7997.44,11074.92 17862.78,11074.92 9865.35,0 17862.79,-4958.41 17862.79,-11074.92z"/>
    <path id="_657" class="fil235" d="M-4963.94 35621.11c0,6111.85 -7991.35,11066.49 -17849.18,11066.49 -9857.82,0 -17849.17,-4954.64 -17849.17,-11066.49 0,-6111.85 7991.35,-11066.49 17849.17,-11066.49 9857.83,0 17849.18,4954.64 17849.18,11066.49zm40.82 0c0,-6125.83 -8009.62,-11091.79 -17890,-11091.79 -9880.37,0 -17889.99,4965.96 -17889.99,11091.79 0,6125.83 8009.62,11091.79 17889.99,11091.79 9880.38,0 17890,-4965.96 17890,-11091.79z"/>
    <path id="_658" class="fil235" d="M-4936.73 35621.11c0,6121.17 -8003.53,11083.36 -17876.39,11083.36 -9872.85,0 -17876.38,-4962.19 -17876.38,-11083.36 0,-6121.17 8003.53,-11083.36 17876.38,-11083.36 9872.86,0 17876.39,4962.19 17876.39,11083.36zm40.82 0c0,-6135.15 -8021.81,-11108.66 -17917.21,-11108.66 -9895.39,0 -17917.2,4973.51 -17917.2,11108.66 0,6135.15 8021.81,11108.66 17917.2,11108.66 9895.4,0 17917.21,-4973.51 17917.21,-11108.66z"/>
    <path id="_659" class="fil235" d="M-4909.52 35621.11c0,6130.49 -8015.71,11100.23 -17903.6,11100.23 -9887.88,0 -17903.59,-4969.74 -17903.59,-11100.23 0,-6130.49 8015.71,-11100.23 17903.59,-11100.23 9887.89,0 17903.6,4969.74 17903.6,11100.23zm40.82 0c0,-6144.46 -8033.99,-11125.53 -17944.42,-11125.53 -9910.42,0 -17944.41,4981.07 -17944.41,11125.53 0,6144.46 8033.99,11125.53 17944.41,11125.53 9910.43,0 17944.42,-4981.07 17944.42,-11125.53z"/>
    <path id="_660" class="fil235" d="M-4882.31 35621.11c0,6139.8 -8027.89,11117.1 -17930.81,11117.1 -9902.91,0 -17930.8,-4977.3 -17930.8,-11117.1 0,-6139.8 8027.89,-11117.1 17930.8,-11117.1 9902.92,0 17930.81,4977.3 17930.81,11117.1zm40.81 0c0,-6153.78 -8046.16,-11142.4 -17971.62,-11142.4 -9925.45,0 -17971.61,4988.62 -17971.61,11142.4 0,6153.78 8046.16,11142.4 17971.61,11142.4 9925.46,0 17971.62,-4988.62 17971.62,-11142.4z"/>
    <path id="_661" class="fil235" d="M-4855.1 35621.11c0,6149.12 -8040.08,11133.97 -17958.02,11133.97 -9917.93,0 -17958.01,-4984.85 -17958.01,-11133.97 0,-6149.12 8040.08,-11133.97 17958.01,-11133.97 9917.94,0 17958.02,4984.85 17958.02,11133.97zm40.81 0c0,-6163.1 -8058.35,-11159.27 -17998.83,-11159.27 -9940.47,0 -17998.82,4996.17 -17998.82,11159.27 0,6163.1 8058.35,11159.27 17998.82,11159.27 9940.48,0 17998.83,-4996.17 17998.83,-11159.27z"/>
    <path id="_662" class="fil236" d="M-4827.89 35621.11c0,6158.44 -8052.26,11150.84 -17985.23,11150.84 -9932.96,0 -17985.22,-4992.4 -17985.22,-11150.84 0,-6158.44 8052.26,-11150.84 17985.22,-11150.84 9932.97,0 17985.23,4992.4 17985.23,11150.84zm40.81 0c0,-6172.41 -8070.53,-11176.14 -18026.04,-11176.14 -9955.5,0 -18026.03,5003.73 -18026.03,11176.14 0,6172.41 8070.53,11176.14 18026.03,11176.14 9955.51,0 18026.04,-5003.73 18026.04,-11176.14z"/>
    <path id="_663" class="fil236" d="M-4800.68 35621.11c0,6167.75 -8064.44,11167.71 -18012.44,11167.71 -9947.99,0 -18012.43,-4999.96 -18012.43,-11167.71 0,-6167.75 8064.44,-11167.71 18012.43,-11167.71 9948,0 18012.44,4999.96 18012.44,11167.71zm40.81 0c0,-6181.73 -8082.71,-11193.01 -18053.25,-11193.01 -9970.53,0 -18053.24,5011.28 -18053.24,11193.01 0,6181.73 8082.71,11193.01 18053.24,11193.01 9970.54,0 18053.25,-5011.28 18053.25,-11193.01z"/>
    <path id="_664" class="fil236" d="M-4773.47 35621.11c0,6177.07 -8076.63,11184.58 -18039.65,11184.58 -9963.01,0 -18039.64,-5007.51 -18039.64,-11184.58 0,-6177.07 8076.63,-11184.58 18039.64,-11184.58 9963.02,0 18039.65,5007.51 18039.65,11184.58zm40.81 0c0,-6191.05 -8094.89,-11209.88 -18080.46,-11209.88 -9985.56,0 -18080.45,5018.83 -18080.45,11209.88 0,6191.05 8094.89,11209.88 18080.45,11209.88 9985.57,0 18080.46,-5018.83 18080.46,-11209.88z"/>
    <path id="_665" class="fil236" d="M-4746.26 35621.11c0,6186.39 -8088.81,11201.45 -18066.86,11201.45 -9978.04,0 -18066.85,-5015.06 -18066.85,-11201.45 0,-6186.39 8088.81,-11201.45 18066.85,-11201.45 9978.05,0 18066.86,5015.06 18066.86,11201.45zm40.81 0c0,-6200.36 -8107.08,-11226.75 -18107.67,-11226.75 -10000.58,0 -18107.66,5026.39 -18107.66,11226.75 0,6200.36 8107.08,11226.75 18107.66,11226.75 10000.59,0 18107.67,-5026.39 18107.67,-11226.75z"/>
    <path id="_666" class="fil237" d="M-4719.05 35621.11c0,6195.71 -8100.99,11218.32 -18094.07,11218.32 -9993.07,0 -18094.06,-5022.61 -18094.06,-11218.32 0,-6195.71 8100.99,-11218.32 18094.06,-11218.32 9993.08,0 18094.07,5022.61 18094.07,11218.32zm40.81 0c0,-6209.68 -8119.26,-11243.62 -18134.88,-11243.62 -10015.61,0 -18134.87,5033.94 -18134.87,11243.62 0,6209.68 8119.26,11243.62 18134.87,11243.62 10015.62,0 18134.88,-5033.94 18134.88,-11243.62z"/>
    <path id="_667" class="fil237" d="M-4691.85 35621.11c0,6205.02 -8113.16,11235.19 -18121.27,11235.19 -10008.1,0 -18121.27,-5030.17 -18121.27,-11235.19 0,-6205.02 8113.17,-11235.19 18121.27,-11235.19 10008.11,0 18121.27,5030.17 18121.27,11235.19zm40.82 0c0,-6219 -8131.44,-11260.49 -18162.09,-11260.49 -10030.64,0 -18162.08,5041.49 -18162.08,11260.49 0,6219 8131.44,11260.49 18162.08,11260.49 10030.65,0 18162.09,-5041.49 18162.09,-11260.49z"/>
    <path id="_668" class="fil237" d="M-4664.64 35621.11c0,6214.34 -8125.35,11252.06 -18148.48,11252.06 -10023.12,0 -18148.47,-5037.72 -18148.47,-11252.06 0,-6214.34 8125.35,-11252.06 18148.47,-11252.06 10023.13,0 18148.48,5037.72 18148.48,11252.06zm40.82 0c0,-6228.31 -8143.63,-11277.36 -18189.3,-11277.36 -10045.66,0 -18189.29,5049.05 -18189.29,11277.36 0,6228.31 8143.63,11277.36 18189.29,11277.36 10045.67,0 18189.3,-5049.05 18189.3,-11277.36z"/>
    <path id="_669" class="fil237" d="M-4637.43 35621.11c0,6223.66 -8137.53,11268.93 -18175.69,11268.93 -10038.15,0 -18175.68,-5045.27 -18175.68,-11268.93 0,-6223.66 8137.53,-11268.93 18175.68,-11268.93 10038.16,0 18175.69,5045.27 18175.69,11268.93zm40.82 0c0,-6237.63 -8155.81,-11294.23 -18216.51,-11294.23 -10060.69,0 -18216.5,5056.6 -18216.5,11294.23 0,6237.63 8155.81,11294.23 18216.5,11294.23 10060.7,0 18216.51,-5056.6 18216.51,-11294.23z"/>
    <path id="_670" class="fil237" d="M-4610.22 35621.11c0,6232.97 -8149.71,11285.8 -18202.9,11285.8 -10053.18,0 -18202.89,-5052.83 -18202.89,-11285.8 0,-6232.97 8149.71,-11285.8 18202.89,-11285.8 10053.19,0 18202.9,5052.83 18202.9,11285.8zm40.82 0c0,-6246.95 -8167.99,-11311.1 -18243.72,-11311.1 -10075.72,0 -18243.71,5064.15 -18243.71,11311.1 0,6246.95 8167.99,11311.1 18243.71,11311.1 10075.73,0 18243.72,-5064.15 18243.72,-11311.1z"/>
    <path id="_671" class="fil237" d="M-4583.01 35621.11c0,6242.29 -8161.9,11302.67 -18230.11,11302.67 -10068.2,0 -18230.1,-5060.38 -18230.1,-11302.67 0,-6242.29 8161.9,-11302.67 18230.1,-11302.67 10068.21,0 18230.11,5060.38 18230.11,11302.67zm40.82 0c0,-6256.26 -8180.17,-11327.97 -18270.93,-11327.97 -10090.75,0 -18270.92,5071.71 -18270.92,11327.97 0,6256.26 8180.17,11327.97 18270.92,11327.97 10090.76,0 18270.93,-5071.71 18270.93,-11327.97z"/>
    <path id="_672" class="fil238" d="M-4555.8 35621.11c0,6251.61 -8174.08,11319.53 -18257.32,11319.53 -10083.23,0 -18257.31,-5067.92 -18257.31,-11319.53 0,-6251.61 8174.08,-11319.53 18257.31,-11319.53 10083.24,0 18257.32,5067.92 18257.32,11319.53zm40.81 0c0,-6265.58 -8192.35,-11344.84 -18298.13,-11344.84 -10105.77,0 -18298.12,5079.26 -18298.12,11344.84 0,6265.58 8192.35,11344.84 18298.12,11344.84 10105.78,0 18298.13,-5079.26 18298.13,-11344.84z"/>
    <path id="_673" class="fil238" d="M-4528.59 35621.11c0,6260.92 -8186.26,11336.4 -18284.53,11336.4 -10098.26,0 -18284.52,-5075.48 -18284.52,-11336.4 0,-6260.92 8186.26,-11336.4 18284.52,-11336.4 10098.27,0 18284.53,5075.48 18284.53,11336.4zm40.81 0c0,-6274.9 -8204.53,-11361.71 -18325.34,-11361.71 -10120.8,0 -18325.33,5086.81 -18325.33,11361.71 0,6274.9 8204.53,11361.71 18325.33,11361.71 10120.81,0 18325.34,-5086.81 18325.34,-11361.71z"/>
    <path id="_674" class="fil238" d="M-4501.38 35621.11c0,6270.24 -8198.44,11353.27 -18311.74,11353.27 -10113.29,0 -18311.73,-5083.03 -18311.73,-11353.27 0,-6270.24 8198.44,-11353.27 18311.73,-11353.27 10113.3,0 18311.74,5083.03 18311.74,11353.27zm40.81 0c0,-6284.22 -8216.71,-11378.58 -18352.55,-11378.58 -10135.83,0 -18352.54,5094.36 -18352.54,11378.58 0,6284.22 8216.71,11378.58 18352.54,11378.58 10135.84,0 18352.55,-5094.36 18352.55,-11378.58z"/>
    <path id="_675" class="fil238" d="M-4474.17 35621.11c0,6279.56 -8210.63,11370.14 -18338.95,11370.14 -10128.31,0 -18338.94,-5090.58 -18338.94,-11370.14 0,-6279.56 8210.63,-11370.14 18338.94,-11370.14 10128.32,0 18338.95,5090.58 18338.95,11370.14zm40.81 0c0,-6293.53 -8228.9,-11395.45 -18379.76,-11395.45 -10150.85,0 -18379.75,5101.92 -18379.75,11395.45 0,6293.53 8228.9,11395.45 18379.75,11395.45 10150.86,0 18379.76,-5101.92 18379.76,-11395.45z"/>
    <path id="_676" class="fil238" d="M-4446.96 35621.11c0,6288.87 -8222.81,11387.01 -18366.16,11387.01 -10143.34,0 -18366.15,-5098.14 -18366.15,-11387.01 0,-6288.87 8222.81,-11387.01 18366.15,-11387.01 10143.35,0 18366.16,5098.14 18366.16,11387.01zm40.81 0c0,-6302.85 -8241.08,-11412.32 -18406.97,-11412.32 -10165.88,0 -18406.96,5109.47 -18406.96,11412.32 0,6302.85 8241.08,11412.32 18406.96,11412.32 10165.89,0 18406.97,-5109.47 18406.97,-11412.32z"/>
    <path id="_677" class="fil238" d="M-4419.75 35621.11c0,6298.19 -8234.99,11403.88 -18393.37,11403.88 -10158.37,0 -18393.36,-5105.69 -18393.36,-11403.88 0,-6298.19 8234.99,-11403.88 18393.36,-11403.88 10158.38,0 18393.37,5105.69 18393.37,11403.88zm40.81 0c0,-6312.17 -8253.26,-11429.19 -18434.18,-11429.19 -10180.91,0 -18434.17,5117.02 -18434.17,11429.19 0,6312.17 8253.26,11429.19 18434.17,11429.19 10180.92,0 18434.18,-5117.02 18434.18,-11429.19z"/>
    <path id="_678" class="fil238" d="M-4392.54 35621.11c0,6307.51 -8247.17,11420.75 -18420.58,11420.75 -10173.4,0 -18420.57,-5113.24 -18420.57,-11420.75 0,-6307.51 8247.17,-11420.75 18420.57,-11420.75 10173.41,0 18420.58,5113.24 18420.58,11420.75zm40.81 0c0,-6321.48 -8265.44,-11446.06 -18461.39,-11446.06 -10195.94,0 -18461.38,5124.58 -18461.38,11446.06 0,6321.48 8265.44,11446.06 18461.38,11446.06 10195.95,0 18461.39,-5124.58 18461.39,-11446.06z"/>
    <path id="_679" class="fil239" d="M-4365.34 35621.11c0,6316.82 -8259.35,11437.62 -18447.78,11437.62 -10188.42,0 -18447.77,-5120.8 -18447.77,-11437.62 0,-6316.82 8259.35,-11437.62 18447.77,-11437.62 10188.43,0 18447.78,5120.8 18447.78,11437.62zm40.82 0c0,-6330.8 -8277.63,-11462.93 -18488.6,-11462.93 -10210.96,0 -18488.59,5132.13 -18488.59,11462.93 0,6330.8 8277.63,11462.93 18488.59,11462.93 10210.97,0 18488.6,-5132.13 18488.6,-11462.93z"/>
    <path id="_680" class="fil239" d="M-4338.13 35621.11c0,6326.14 -8271.53,11454.49 -18474.99,11454.49 -10203.45,0 -18474.98,-5128.35 -18474.98,-11454.49 0,-6326.14 8271.53,-11454.49 18474.98,-11454.49 10203.46,0 18474.99,5128.35 18474.99,11454.49zm40.82 0c0,-6340.12 -8289.81,-11479.8 -18515.81,-11479.8 -10225.99,0 -18515.8,5139.68 -18515.8,11479.8 0,6340.12 8289.81,11479.8 18515.8,11479.8 10226,0 18515.81,-5139.68 18515.81,-11479.8z"/>
    <path id="_681" class="fil239" d="M-4310.92 35621.11c0,6335.46 -8283.71,11471.36 -18502.2,11471.36 -10218.48,0 -18502.19,-5135.9 -18502.19,-11471.36 0,-6335.46 8283.71,-11471.36 18502.19,-11471.36 10218.49,0 18502.2,5135.9 18502.2,11471.36zm40.82 0c0,-6349.43 -8301.99,-11496.67 -18543.02,-11496.67 -10241.02,0 -18543.01,5147.24 -18543.01,11496.67 0,6349.43 8301.99,11496.67 18543.01,11496.67 10241.03,0 18543.02,-5147.24 18543.02,-11496.67z"/>
    <path id="_682" class="fil239" d="M-4283.71 35621.11c0,6344.78 -8295.9,11488.23 -18529.41,11488.23 -10233.5,0 -18529.4,-5143.45 -18529.4,-11488.23 0,-6344.78 8295.9,-11488.23 18529.4,-11488.23 10233.51,0 18529.41,5143.45 18529.41,11488.23zm40.82 0c0,-6358.75 -8314.18,-11513.54 -18570.23,-11513.54 -10256.04,0 -18570.22,5154.79 -18570.22,11513.54 0,6358.75 8314.18,11513.54 18570.22,11513.54 10256.05,0 18570.23,-5154.79 18570.23,-11513.54z"/>
    <path id="_683" class="fil239" d="M-4256.5 35621.11c0,6354.09 -8308.08,11505.1 -18556.62,11505.1 -10248.53,0 -18556.61,-5151.01 -18556.61,-11505.1 0,-6354.09 8308.08,-11505.1 18556.61,-11505.1 10248.54,0 18556.62,5151.01 18556.62,11505.1zm40.81 0c0,-6368.07 -8326.35,-11530.41 -18597.43,-11530.41 -10271.07,0 -18597.42,5162.34 -18597.42,11530.41 0,6368.07 8326.35,11530.41 18597.42,11530.41 10271.08,0 18597.43,-5162.34 18597.43,-11530.41z"/>
    <path id="_684" class="fil239" d="M-4229.29 35621.11c0,6363.41 -8320.26,11521.97 -18583.83,11521.97 -10263.56,0 -18583.82,-5158.56 -18583.82,-11521.97 0,-6363.41 8320.26,-11521.97 18583.82,-11521.97 10263.57,0 18583.83,5158.56 18583.83,11521.97zm40.81 0c0,-6377.38 -8338.53,-11547.28 -18624.64,-11547.28 -10286.1,0 -18624.63,5169.9 -18624.63,11547.28 0,6377.38 8338.53,11547.28 18624.63,11547.28 10286.11,0 18624.64,-5169.9 18624.64,-11547.28z"/>
    <path id="_685" class="fil239" d="M-4202.08 35621.11c0,6372.73 -8332.44,11538.84 -18611.04,11538.84 -10278.59,0 -18611.03,-5166.11 -18611.03,-11538.84 0,-6372.73 8332.44,-11538.84 18611.03,-11538.84 10278.6,0 18611.04,5166.11 18611.04,11538.84zm40.81 0c0,-6386.7 -8350.71,-11564.14 -18651.85,-11564.14 -10301.13,0 -18651.84,5177.44 -18651.84,11564.14 0,6386.7 8350.71,11564.14 18651.84,11564.14 10301.14,0 18651.85,-5177.44 18651.85,-11564.14z"/>
    <path id="_686" class="fil240" d="M-4174.87 35621.11c0,6382.04 -8344.63,11555.71 -18638.25,11555.71 -10293.61,0 -18638.24,-5173.67 -18638.24,-11555.71 0,-6382.04 8344.63,-11555.71 18638.24,-11555.71 10293.62,0 18638.25,5173.67 18638.25,11555.71zm40.81 0c0,-6396.02 -8362.9,-11581.01 -18679.06,-11581.01 -10316.15,0 -18679.05,5184.99 -18679.05,11581.01 0,6396.02 8362.9,11581.01 18679.05,11581.01 10316.16,0 18679.06,-5184.99 18679.06,-11581.01z"/>
    <path id="_687" class="fil240" d="M-4147.66 35621.11c0,6391.36 -8356.81,11572.58 -18665.46,11572.58 -10308.64,0 -18665.45,-5181.22 -18665.45,-11572.58 0,-6391.36 8356.81,-11572.58 18665.45,-11572.58 10308.65,0 18665.46,5181.22 18665.46,11572.58zm40.81 0c0,-6405.33 -8375.08,-11597.88 -18706.27,-11597.88 -10331.18,0 -18706.26,5192.55 -18706.26,11597.88 0,6405.33 8375.08,11597.88 18706.26,11597.88 10331.19,0 18706.27,-5192.55 18706.27,-11597.88z"/>
    <path id="_688" class="fil240" d="M-4120.45 35621.11c0,6400.68 -8368.99,11589.45 -18692.67,11589.45 -10323.67,0 -18692.66,-5188.77 -18692.66,-11589.45 0,-6400.68 8368.99,-11589.45 18692.66,-11589.45 10323.68,0 18692.67,5188.77 18692.67,11589.45zm40.81 0c0,-6414.65 -8387.26,-11614.75 -18733.48,-11614.75 -10346.21,0 -18733.47,5200.1 -18733.47,11614.75 0,6414.65 8387.26,11614.75 18733.47,11614.75 10346.22,0 18733.48,-5200.1 18733.48,-11614.75z"/>
    <path id="_689" class="fil240" d="M-4093.24 35621.11c0,6409.99 -8381.18,11606.32 -18719.88,11606.32 -10338.69,0 -18719.87,-5196.33 -18719.87,-11606.32 0,-6409.99 8381.18,-11606.32 18719.87,-11606.32 10338.7,0 18719.88,5196.33 18719.88,11606.32zm40.81 0c0,-6423.97 -8399.45,-11631.62 -18760.69,-11631.62 -10361.23,0 -18760.68,5207.65 -18760.68,11631.62 0,6423.97 8399.45,11631.62 18760.68,11631.62 10361.24,0 18760.69,-5207.65 18760.69,-11631.62z"/>
    <path id="_690" class="fil241" d="M-4066.04 35621.11c0,6419.31 -8393.35,11623.19 -18747.08,11623.19 -10353.72,0 -18747.07,-5203.88 -18747.07,-11623.19 0,-6419.31 8393.35,-11623.19 18747.07,-11623.19 10353.73,0 18747.08,5203.88 18747.08,11623.19zm40.82 0c0,-6433.29 -8411.63,-11648.49 -18787.9,-11648.49 -10376.26,0 -18787.89,5215.2 -18787.89,11648.49 0,6433.29 8411.63,11648.49 18787.89,11648.49 10376.27,0 18787.9,-5215.2 18787.9,-11648.49z"/>
    <path id="_691" class="fil241" d="M-4038.83 35621.11c0,6428.63 -8405.53,11640.06 -18774.29,11640.06 -10368.75,0 -18774.28,-5211.43 -18774.28,-11640.06 0,-6428.63 8405.53,-11640.06 18774.28,-11640.06 10368.76,0 18774.29,5211.43 18774.29,11640.06zm40.82 0c0,-6442.6 -8423.81,-11665.36 -18815.11,-11665.36 -10391.29,0 -18815.1,5222.76 -18815.1,11665.36 0,6442.6 8423.81,11665.36 18815.1,11665.36 10391.3,0 18815.11,-5222.76 18815.11,-11665.36z"/>
    <path id="_692" class="fil241" d="M-4011.62 35621.11c0,6437.94 -8417.71,11656.93 -18801.5,11656.93 -10383.78,0 -18801.49,-5218.99 -18801.49,-11656.93 0,-6437.94 8417.71,-11656.93 18801.49,-11656.93 10383.79,0 18801.5,5218.99 18801.5,11656.93zm40.82 0c0,-6451.92 -8435.99,-11682.23 -18842.32,-11682.23 -10406.32,0 -18842.31,5230.31 -18842.31,11682.23 0,6451.92 8435.99,11682.23 18842.31,11682.23 10406.33,0 18842.32,-5230.31 18842.32,-11682.23z"/>
    <path id="_693" class="fil242" d="M-3984.41 35621.11c0,6447.26 -8429.9,11673.8 -18828.71,11673.8 -10398.8,0 -18828.7,-5226.54 -18828.7,-11673.8 0,-6447.26 8429.9,-11673.8 18828.7,-11673.8 10398.81,0 18828.71,5226.54 18828.71,11673.8zm40.82 0c0,-6461.24 -8448.18,-11699.1 -18869.53,-11699.1 -10421.34,0 -18869.52,5237.86 -18869.52,11699.1 0,6461.24 8448.18,11699.1 18869.52,11699.1 10421.35,0 18869.53,-5237.86 18869.53,-11699.1z"/>
    <path id="_694" class="fil242" d="M-3957.2 35621.11c0,6456.58 -8442.08,11690.67 -18855.92,11690.67 -10413.83,0 -18855.91,-5234.09 -18855.91,-11690.67 0,-6456.58 8442.08,-11690.67 18855.91,-11690.67 10413.84,0 18855.92,5234.09 18855.92,11690.67zm40.81 0c0,-6470.55 -8460.35,-11715.97 -18896.73,-11715.97 -10436.37,0 -18896.72,5245.42 -18896.72,11715.97 0,6470.55 8460.35,11715.97 18896.72,11715.97 10436.38,0 18896.73,-5245.42 18896.73,-11715.97z"/>
    <path id="_695" class="fil242" d="M-3929.99 35621.11c0,6465.89 -8454.26,11707.54 -18883.13,11707.54 -10428.86,0 -18883.12,-5241.65 -18883.12,-11707.54 0,-6465.89 8454.26,-11707.54 18883.12,-11707.54 10428.87,0 18883.13,5241.65 18883.13,11707.54zm40.81 0c0,-6479.87 -8472.53,-11732.84 -18923.94,-11732.84 -10451.4,0 -18923.93,5252.97 -18923.93,11732.84 0,6479.87 8472.53,11732.84 18923.93,11732.84 10451.41,0 18923.94,-5252.97 18923.94,-11732.84z"/>
    <path id="_696" class="fil242" d="M-3902.78 35621.11c0,6475.21 -8466.45,11724.41 -18910.34,11724.41 -10443.88,0 -18910.33,-5249.2 -18910.33,-11724.41 0,-6475.21 8466.45,-11724.41 18910.33,-11724.41 10443.89,0 18910.34,5249.2 18910.34,11724.41zm40.81 0c0,-6489.19 -8484.71,-11749.71 -18951.15,-11749.71 -10466.43,0 -18951.14,5260.52 -18951.14,11749.71 0,6489.19 8484.71,11749.71 18951.14,11749.71 10466.44,0 18951.15,-5260.52 18951.15,-11749.71z"/>
    <path id="_697" class="fil242" d="M-3875.57 35621.11c0,6484.53 -8478.63,11741.28 -18937.55,11741.28 -10458.91,0 -18937.54,-5256.75 -18937.54,-11741.28 0,-6484.53 8478.63,-11741.28 18937.54,-11741.28 10458.92,0 18937.55,5256.75 18937.55,11741.28zm40.81 0c0,-6498.5 -8496.9,-11766.58 -18978.36,-11766.58 -10481.45,0 -18978.35,5268.08 -18978.35,11766.58 0,6498.5 8496.9,11766.58 18978.35,11766.58 10481.46,0 18978.36,-5268.08 18978.36,-11766.58z"/>
    <path id="_698" class="fil242" d="M-3848.36 35621.11c0,6493.84 -8490.81,11758.15 -18964.76,11758.15 -10473.94,0 -18964.75,-5264.31 -18964.75,-11758.15 0,-6493.84 8490.81,-11758.15 18964.75,-11758.15 10473.95,0 18964.76,5264.31 18964.76,11758.15zm40.81 0c0,-6507.82 -8509.08,-11783.45 -19005.57,-11783.45 -10496.48,0 -19005.56,5275.63 -19005.56,11783.45 0,6507.82 8509.08,11783.45 19005.56,11783.45 10496.49,0 19005.57,-5275.63 19005.57,-11783.45z"/>
    <path id="_699" class="fil242" d="M-3821.15 35621.11c0,6503.16 -8502.99,11775.02 -18991.97,11775.02 -10488.97,0 -18991.96,-5271.86 -18991.96,-11775.02 0,-6503.16 8502.99,-11775.02 18991.96,-11775.02 10488.98,0 18991.97,5271.86 18991.97,11775.02zm40.81 0c0,-6517.14 -8521.26,-11800.32 -19032.78,-11800.32 -10511.51,0 -19032.77,5283.18 -19032.77,11800.32 0,6517.14 8521.26,11800.32 19032.77,11800.32 10511.52,0 19032.78,-5283.18 19032.78,-11800.32z"/>
    <path id="_700" class="fil242" d="M-3793.94 35621.11c0,6512.48 -8515.18,11791.89 -19019.18,11791.89 -10503.99,0 -19019.17,-5279.41 -19019.17,-11791.89 0,-6512.48 8515.18,-11791.89 19019.17,-11791.89 10504,0 19019.18,5279.41 19019.18,11791.89zm40.81 0c0,-6526.45 -8533.45,-11817.19 -19059.99,-11817.19 -10526.53,0 -19059.98,5290.74 -19059.98,11817.19 0,6526.45 8533.45,11817.19 19059.98,11817.19 10526.54,0 19059.99,-5290.74 19059.99,-11817.19z"/>
    <path id="_701" class="fil242" d="M-3766.74 35621.11c0,6521.8 -8527.35,11808.75 -19046.38,11808.75 -10519.02,0 -19046.37,-5286.95 -19046.37,-11808.75 0,-6521.8 8527.35,-11808.75 19046.37,-11808.75 10519.03,0 19046.38,5286.95 19046.38,11808.75zm40.82 0c0,-6535.77 -8545.63,-11834.06 -19087.2,-11834.06 -10541.56,0 -19087.19,5298.29 -19087.19,11834.06 0,6535.77 8545.63,11834.06 19087.19,11834.06 10541.57,0 19087.2,-5298.29 19087.2,-11834.06z"/>
    <path id="_702" class="fil242" d="M-3739.53 35621.11c0,6531.11 -8539.53,11825.62 -19073.59,11825.62 -10534.05,0 -19073.58,-5294.51 -19073.58,-11825.62 0,-6531.11 8539.53,-11825.62 19073.58,-11825.62 10534.06,0 19073.59,5294.51 19073.59,11825.62zm40.82 0c0,-6545.09 -8557.81,-11850.93 -19114.41,-11850.93 -10556.59,0 -19114.4,5305.84 -19114.4,11850.93 0,6545.09 8557.81,11850.93 19114.4,11850.93 10556.6,0 19114.41,-5305.84 19114.41,-11850.93z"/>
    <path id="_703" class="fil242" d="M-3712.32 35621.11c0,6540.43 -8551.72,11842.49 -19100.8,11842.49 -10549.07,0 -19100.79,-5302.06 -19100.79,-11842.49 0,-6540.43 8551.72,-11842.49 19100.79,-11842.49 10549.08,0 19100.8,5302.06 19100.8,11842.49zm40.82 0c0,-6554.4 -8569.99,-11867.8 -19141.62,-11867.8 -10571.62,0 -19141.61,5313.4 -19141.61,11867.8 0,6554.4 8569.99,11867.8 19141.61,11867.8 10571.63,0 19141.62,-5313.4 19141.62,-11867.8z"/>
    <path id="_704" class="fil243" d="M-3685.11 35621.11c0,6549.75 -8563.9,11859.36 -19128.01,11859.36 -10564.1,0 -19128,-5309.61 -19128,-11859.36 0,-6549.75 8563.9,-11859.36 19128,-11859.36 10564.11,0 19128.01,5309.61 19128.01,11859.36zm40.82 0c0,-6563.72 -8582.18,-11884.67 -19168.83,-11884.67 -10586.64,0 -19168.82,5320.95 -19168.82,11884.67 0,6563.72 8582.18,11884.67 19168.82,11884.67 10586.65,0 19168.83,-5320.95 19168.83,-11884.67z"/>
    <path id="_705" class="fil243" d="M-3657.9 35621.11c0,6559.06 -8576.08,11876.23 -19155.22,11876.23 -10579.13,0 -19155.21,-5317.17 -19155.21,-11876.23 0,-6559.06 8576.08,-11876.23 19155.21,-11876.23 10579.14,0 19155.22,5317.17 19155.22,11876.23zm40.82 0c0,-6573.04 -8594.36,-11901.54 -19196.04,-11901.54 -10601.67,0 -19196.03,5328.5 -19196.03,11901.54 0,6573.04 8594.36,11901.54 19196.03,11901.54 10601.68,0 19196.04,-5328.5 19196.04,-11901.54z"/>
    <path id="_706" class="fil244" d="M-3630.69 35621.11c0,6568.38 -8588.26,11893.1 -19182.43,11893.1 -10594.16,0 -19182.42,-5324.72 -19182.42,-11893.1 0,-6568.38 8588.26,-11893.1 19182.42,-11893.1 10594.17,0 19182.43,5324.72 19182.43,11893.1zm40.81 0c0,-6582.35 -8606.53,-11918.41 -19223.24,-11918.41 -10616.7,0 -19223.23,5336.06 -19223.23,11918.41 0,6582.35 8606.53,11918.41 19223.23,11918.41 10616.71,0 19223.24,-5336.06 19223.24,-11918.41z"/>
    <path id="_707" class="fil244" d="M-3603.48 35621.11c0,6577.7 -8600.45,11909.97 -19209.64,11909.97 -10609.18,0 -19209.63,-5332.27 -19209.63,-11909.97 0,-6577.7 8600.45,-11909.97 19209.63,-11909.97 10609.19,0 19209.64,5332.27 19209.64,11909.97zm40.81 0c0,-6591.67 -8618.72,-11935.28 -19250.45,-11935.28 -10631.72,0 -19250.44,5343.61 -19250.44,11935.28 0,6591.67 8618.72,11935.28 19250.44,11935.28 10631.73,0 19250.45,-5343.61 19250.45,-11935.28z"/>
    <path id="_708" class="fil245" d="M-3576.27 35621.11c0,6587.01 -8612.63,11926.84 -19236.85,11926.84 -10624.21,0 -19236.84,-5339.83 -19236.84,-11926.84 0,-6587.01 8612.63,-11926.84 19236.84,-11926.84 10624.22,0 19236.85,5339.83 19236.85,11926.84zm40.81 0c0,-6600.99 -8630.9,-11952.15 -19277.66,-11952.15 -10646.75,0 -19277.65,5351.16 -19277.65,11952.15 0,6600.99 8630.9,11952.15 19277.65,11952.15 10646.76,0 19277.66,-5351.16 19277.66,-11952.15z"/>
    <path id="_709" class="fil245" d="M-3549.06 35621.11c0,6596.33 -8624.81,11943.71 -19264.06,11943.71 -10639.24,0 -19264.05,-5347.38 -19264.05,-11943.71 0,-6596.33 8624.81,-11943.71 19264.05,-11943.71 10639.25,0 19264.06,5347.38 19264.06,11943.71zm40.81 0c0,-6610.31 -8643.08,-11969.02 -19304.87,-11969.02 -10661.78,0 -19304.86,5358.71 -19304.86,11969.02 0,6610.31 8643.08,11969.02 19304.86,11969.02 10661.79,0 19304.87,-5358.71 19304.87,-11969.02z"/>
    <path id="_710" class="fil245" d="M-3521.85 35621.11c0,6605.65 -8637,11960.58 -19291.27,11960.58 -10654.26,0 -19291.26,-5354.93 -19291.26,-11960.58 0,-6605.65 8637,-11960.58 19291.26,-11960.58 10654.27,0 19291.27,5354.93 19291.27,11960.58zm40.81 0c0,-6619.62 -8655.26,-11985.89 -19332.08,-11985.89 -10676.81,0 -19332.07,5366.27 -19332.07,11985.89 0,6619.62 8655.26,11985.89 19332.07,11985.89 10676.82,0 19332.08,-5366.27 19332.08,-11985.89z"/>
    <path id="_711" class="fil245" d="M-3494.64 35621.11c0,6614.96 -8649.18,11977.45 -19318.48,11977.45 -10669.29,0 -19318.47,-5362.49 -19318.47,-11977.45 0,-6614.96 8649.18,-11977.45 19318.47,-11977.45 10669.3,0 19318.48,5362.49 19318.48,11977.45zm40.81 0c0,-6628.94 -8667.45,-12002.76 -19359.29,-12002.76 -10691.83,0 -19359.28,5373.82 -19359.28,12002.76 0,6628.94 8667.45,12002.76 19359.28,12002.76 10691.84,0 19359.29,-5373.82 19359.29,-12002.76z"/>
    <path id="_712" class="fil246" d="M-3467.43 35621.11c0,6624.28 -8661.36,11994.32 -19345.69,11994.32 -10684.32,0 -19345.68,-5370.04 -19345.68,-11994.32 0,-6624.28 8661.36,-11994.32 19345.68,-11994.32 10684.33,0 19345.69,5370.04 19345.69,11994.32zm40.81 0c0,-6638.26 -8679.63,-12019.63 -19386.5,-12019.63 -10706.86,0 -19386.49,5381.37 -19386.49,12019.63 0,6638.26 8679.63,12019.63 19386.49,12019.63 10706.87,0 19386.5,-5381.37 19386.5,-12019.63z"/>
    <path id="_713" class="fil246" d="M-3440.23 35621.11c0,6633.6 -8673.53,12011.19 -19372.89,12011.19 -10699.35,0 -19372.88,-5377.59 -19372.88,-12011.19 0,-6633.6 8673.53,-12011.19 19372.88,-12011.19 10699.36,0 19372.89,5377.59 19372.89,12011.19zm40.82 0c0,-6647.57 -8691.81,-12036.5 -19413.71,-12036.5 -10721.89,0 -19413.7,5388.93 -19413.7,12036.5 0,6647.57 8691.81,12036.5 19413.7,12036.5 10721.9,0 19413.71,-5388.93 19413.71,-12036.5z"/>
    <path id="_714" class="fil246" d="M-3413.02 35621.11c0,6642.91 -8685.72,12028.06 -19400.1,12028.06 -10714.37,0 -19400.09,-5385.15 -19400.09,-12028.06 0,-6642.91 8685.72,-12028.06 19400.09,-12028.06 10714.38,0 19400.1,5385.15 19400.1,12028.06zm40.82 0c0,-6656.89 -8704,-12053.36 -19440.92,-12053.36 -10736.91,0 -19440.91,5396.47 -19440.91,12053.36 0,6656.89 8704,12053.36 19440.91,12053.36 10736.92,0 19440.92,-5396.47 19440.92,-12053.36z"/>
    <path id="_715" class="fil246" d="M-3385.81 35621.11c0,6652.23 -8697.9,12044.93 -19427.31,12044.93 -10729.4,0 -19427.3,-5392.7 -19427.3,-12044.93 0,-6652.23 8697.9,-12044.93 19427.3,-12044.93 10729.41,0 19427.31,5392.7 19427.31,12044.93zm40.82 0c0,-6666.21 -8716.18,-12070.23 -19468.13,-12070.23 -10751.94,0 -19468.12,5404.02 -19468.12,12070.23 0,6666.21 8716.18,12070.23 19468.12,12070.23 10751.95,0 19468.13,-5404.02 19468.13,-12070.23z"/>
    <path id="_716" class="fil246" d="M-3358.6 35621.11c0,6661.55 -8710.08,12061.8 -19454.52,12061.8 -10744.43,0 -19454.51,-5400.25 -19454.51,-12061.8 0,-6661.55 8710.08,-12061.8 19454.51,-12061.8 10744.44,0 19454.52,5400.25 19454.52,12061.8zm40.82 0c0,-6675.52 -8728.36,-12087.1 -19495.34,-12087.1 -10766.97,0 -19495.33,5411.58 -19495.33,12087.1 0,6675.52 8728.36,12087.1 19495.33,12087.1 10766.98,0 19495.34,-5411.58 19495.34,-12087.1z"/>
    <path id="_717" class="fil247" d="M-3331.39 35621.11c0,6670.86 -8722.26,12078.67 -19481.73,12078.67 -10759.46,0 -19481.72,-5407.81 -19481.72,-12078.67 0,-6670.86 8722.26,-12078.67 19481.72,-12078.67 10759.47,0 19481.73,5407.81 19481.73,12078.67zm40.81 0c0,-6684.84 -8740.53,-12103.97 -19522.54,-12103.97 -10782,0 -19522.53,5419.13 -19522.53,12103.97 0,6684.84 8740.53,12103.97 19522.53,12103.97 10782.01,0 19522.54,-5419.13 19522.54,-12103.97z"/>
    <path id="_718" class="fil247" d="M-3304.18 35621.11c0,6680.18 -8734.45,12095.54 -19508.94,12095.54 -10774.48,0 -19508.93,-5415.36 -19508.93,-12095.54 0,-6680.18 8734.45,-12095.54 19508.93,-12095.54 10774.49,0 19508.94,5415.36 19508.94,12095.54zm40.81 0c0,-6694.16 -8752.72,-12120.84 -19549.75,-12120.84 -10797.02,0 -19549.74,5426.68 -19549.74,12120.84 0,6694.16 8752.72,12120.84 19549.74,12120.84 10797.03,0 19549.75,-5426.68 19549.75,-12120.84z"/>
    <path id="_719" class="fil247" d="M-3276.97 35621.11c0,6689.5 -8746.63,12112.41 -19536.15,12112.41 -10789.51,0 -19536.14,-5422.91 -19536.14,-12112.41 0,-6689.5 8746.63,-12112.41 19536.14,-12112.41 10789.52,0 19536.15,5422.91 19536.15,12112.41zm40.81 0c0,-6703.47 -8764.9,-12137.71 -19576.96,-12137.71 -10812.05,0 -19576.95,5434.24 -19576.95,12137.71 0,6703.47 8764.9,12137.71 19576.95,12137.71 10812.06,0 19576.96,-5434.24 19576.96,-12137.71z"/>
    <path id="_720" class="fil248" d="M-3249.76 35621.11c0,6698.82 -8758.81,12129.28 -19563.36,12129.28 -10804.54,0 -19563.35,-5430.46 -19563.35,-12129.28 0,-6698.82 8758.81,-12129.28 19563.35,-12129.28 10804.55,0 19563.36,5430.46 19563.36,12129.28zm40.81 0c0,-6712.79 -8777.08,-12154.58 -19604.17,-12154.58 -10827.08,0 -19604.16,5441.79 -19604.16,12154.58 0,6712.79 8777.08,12154.58 19604.16,12154.58 10827.09,0 19604.17,-5441.79 19604.17,-12154.58z"/>
    <path id="_721" class="fil248" d="M-3222.55 35621.11c0,6708.13 -8771,12146.15 -19590.57,12146.15 -10819.56,0 -19590.56,-5438.02 -19590.56,-12146.15 0,-6708.13 8771,-12146.15 19590.56,-12146.15 10819.57,0 19590.57,5438.02 19590.57,12146.15zm40.81 0c0,-6722.11 -8789.27,-12171.45 -19631.38,-12171.45 -10842.1,0 -19631.37,5449.34 -19631.37,12171.45 0,6722.11 8789.27,12171.45 19631.37,12171.45 10842.11,0 19631.38,-5449.34 19631.38,-12171.45z"/>
    <path id="_722" class="fil248" d="M-3195.34 35621.11c0,6717.45 -8783.18,12163.02 -19617.78,12163.02 -10834.59,0 -19617.77,-5445.57 -19617.77,-12163.02 0,-6717.45 8783.18,-12163.02 19617.77,-12163.02 10834.6,0 19617.78,5445.57 19617.78,12163.02zm40.81 0c0,-6731.42 -8801.45,-12188.32 -19658.59,-12188.32 -10857.13,0 -19658.58,5456.9 -19658.58,12188.32 0,6731.42 8801.45,12188.32 19658.58,12188.32 10857.14,0 19658.59,-5456.9 19658.59,-12188.32z"/>
    <path id="_723" class="fil248" d="M-3168.13 35621.11c0,6726.77 -8795.36,12179.89 -19644.99,12179.89 -10849.62,0 -19644.98,-5453.12 -19644.98,-12179.89 0,-6726.77 8795.36,-12179.89 19644.98,-12179.89 10849.63,0 19644.99,5453.12 19644.99,12179.89zm40.81 0c0,-6740.74 -8813.63,-12205.19 -19685.8,-12205.19 -10872.16,0 -19685.79,5464.45 -19685.79,12205.19 0,6740.74 8813.63,12205.19 19685.79,12205.19 10872.17,0 19685.8,-5464.45 19685.8,-12205.19z"/>
    <path id="_724" class="fil248" d="M-3140.93 35621.11c0,6736.08 -8807.53,12196.76 -19672.19,12196.76 -10864.65,0 -19672.18,-5460.68 -19672.18,-12196.76 0,-6736.08 8807.53,-12196.76 19672.18,-12196.76 10864.66,0 19672.19,5460.68 19672.19,12196.76zm40.82 0c0,-6750.06 -8825.81,-12222.06 -19713.01,-12222.06 -10887.19,0 -19713,5472 -19713,12222.06 0,6750.06 8825.81,12222.06 19713,12222.06 10887.2,0 19713.01,-5472 19713.01,-12222.06z"/>
    <path id="_725" class="fil249" d="M-3113.72 35621.11c0,6745.4 -8819.72,12213.63 -19699.4,12213.63 -10879.67,0 -19699.39,-5468.23 -19699.39,-12213.63 0,-6745.4 8819.72,-12213.63 19699.39,-12213.63 10879.68,0 19699.4,5468.23 19699.4,12213.63zm40.82 0c0,-6759.37 -8838,-12238.93 -19740.22,-12238.93 -10902.21,0 -19740.21,5479.56 -19740.21,12238.93 0,6759.37 8838,12238.93 19740.21,12238.93 10902.22,0 19740.22,-5479.56 19740.22,-12238.93z"/>
    <path id="_726" class="fil249" d="M-3086.51 35621.11c0,6754.72 -8831.9,12230.5 -19726.61,12230.5 -10894.7,0 -19726.6,-5475.78 -19726.6,-12230.5 0,-6754.72 8831.9,-12230.5 19726.6,-12230.5 10894.71,0 19726.61,5475.78 19726.61,12230.5zm40.82 0c0,-6768.69 -8850.18,-12255.8 -19767.43,-12255.8 -10917.24,0 -19767.42,5487.11 -19767.42,12255.8 0,6768.69 8850.18,12255.8 19767.42,12255.8 10917.25,0 19767.43,-5487.11 19767.43,-12255.8z"/>
    <path id="_727" class="fil249" d="M-3059.3 35621.11c0,6764.03 -8844.08,12247.37 -19753.82,12247.37 -10909.73,0 -19753.81,-5483.34 -19753.81,-12247.37 0,-6764.03 8844.08,-12247.37 19753.81,-12247.37 10909.74,0 19753.82,5483.34 19753.82,12247.37zm40.82 0c0,-6778.01 -8862.36,-12272.67 -19794.64,-12272.67 -10932.27,0 -19794.63,5494.66 -19794.63,12272.67 0,6778.01 8862.36,12272.67 19794.63,12272.67 10932.28,0 19794.64,-5494.66 19794.64,-12272.67z"/>
    <path id="_728" class="fil250" d="M-3032.09 35621.11c0,6773.35 -8856.27,12264.24 -19781.03,12264.24 -10924.75,0 -19781.02,-5490.89 -19781.02,-12264.24 0,-6773.35 8856.27,-12264.24 19781.02,-12264.24 10924.76,0 19781.03,5490.89 19781.03,12264.24zm40.81 0c0,-6787.33 -8874.54,-12289.54 -19821.84,-12289.54 -10947.29,0 -19821.83,5502.21 -19821.83,12289.54 0,6787.33 8874.54,12289.54 19821.83,12289.54 10947.3,0 19821.84,-5502.21 19821.84,-12289.54z"/>
    <path id="_729" class="fil250" d="M-3004.88 35621.11c0,6782.67 -8868.45,12281.1 -19808.24,12281.1 -10939.78,0 -19808.23,-5498.43 -19808.23,-12281.1 0,-6782.67 8868.45,-12281.1 19808.23,-12281.1 10939.79,0 19808.24,5498.43 19808.24,12281.1zm40.81 0c0,-6796.64 -8886.72,-12306.41 -19849.05,-12306.41 -10962.32,0 -19849.04,5509.77 -19849.04,12306.41 0,6796.64 8886.72,12306.41 19849.04,12306.41 10962.33,0 19849.05,-5509.77 19849.05,-12306.41z"/>
    <path id="_730" class="fil250" d="M-2977.67 35621.11c0,6791.98 -8880.63,12297.97 -19835.45,12297.97 -10954.81,0 -19835.44,-5505.99 -19835.44,-12297.97 0,-6791.98 8880.63,-12297.97 19835.44,-12297.97 10954.82,0 19835.45,5505.99 19835.45,12297.97zm40.81 0c0,-6805.96 -8898.9,-12323.28 -19876.26,-12323.28 -10977.35,0 -19876.25,5517.32 -19876.25,12323.28 0,6805.96 8898.9,12323.28 19876.25,12323.28 10977.36,0 19876.26,-5517.32 19876.26,-12323.28z"/>
    <path id="_731" class="fil250" d="M-2950.46 35621.11c0,6801.3 -8892.81,12314.84 -19862.66,12314.84 -10969.84,0 -19862.65,-5513.54 -19862.65,-12314.84 0,-6801.3 8892.81,-12314.84 19862.65,-12314.84 10969.85,0 19862.66,5513.54 19862.66,12314.84zm40.81 0c0,-6815.28 -8911.08,-12340.15 -19903.47,-12340.15 -10992.38,0 -19903.46,5524.87 -19903.46,12340.15 0,6815.28 8911.08,12340.15 19903.46,12340.15 10992.39,0 19903.47,-5524.87 19903.47,-12340.15z"/>
    <path id="_732" class="fil250" d="M-2923.25 35621.11c0,6810.62 -8905,12331.71 -19889.87,12331.71 -10984.86,0 -19889.86,-5521.09 -19889.86,-12331.71 0,-6810.62 8905,-12331.71 19889.86,-12331.71 10984.87,0 19889.87,5521.09 19889.87,12331.71zm40.81 0c0,-6824.59 -8923.27,-12357.02 -19930.68,-12357.02 -11007.4,0 -19930.67,5532.43 -19930.67,12357.02 0,6824.59 8923.27,12357.02 19930.67,12357.02 11007.41,0 19930.68,-5532.43 19930.68,-12357.02z"/>
    <path id="_733" class="fil250" d="M-2896.04 35621.11c0,6819.93 -8917.18,12348.58 -19917.08,12348.58 -10999.89,0 -19917.07,-5528.65 -19917.07,-12348.58 0,-6819.93 8917.18,-12348.58 19917.07,-12348.58 10999.9,0 19917.08,5528.65 19917.08,12348.58zm40.81 0c0,-6833.91 -8935.45,-12373.89 -19957.89,-12373.89 -11022.43,0 -19957.88,5539.98 -19957.88,12373.89 0,6833.91 8935.45,12373.89 19957.88,12373.89 11022.44,0 19957.89,-5539.98 19957.89,-12373.89z"/>
    <path id="_734" class="fil250" d="M-2868.83 35621.11c0,6829.25 -8929.36,12365.45 -19944.29,12365.45 -11014.92,0 -19944.28,-5536.2 -19944.28,-12365.45 0,-6829.25 8929.36,-12365.45 19944.28,-12365.45 11014.93,0 19944.29,5536.2 19944.29,12365.45zm40.81 0c0,-6843.23 -8947.63,-12390.76 -19985.1,-12390.76 -11037.46,0 -19985.09,5547.53 -19985.09,12390.76 0,6843.23 8947.63,12390.76 19985.09,12390.76 11037.47,0 19985.1,-5547.53 19985.1,-12390.76z"/>
    <path id="_735" class="fil250" d="M-2841.63 35621.11c0,6838.57 -8941.54,12382.32 -19971.49,12382.32 -11029.94,0 -19971.48,-5543.75 -19971.48,-12382.32 0,-6838.57 8941.54,-12382.32 19971.48,-12382.32 11029.95,0 19971.49,5543.75 19971.49,12382.32zm40.82 0c0,-6852.54 -8959.82,-12407.63 -20012.31,-12407.63 -11052.48,0 -20012.3,5555.09 -20012.3,12407.63 0,6852.54 8959.82,12407.63 20012.3,12407.63 11052.49,0 20012.31,-5555.09 20012.31,-12407.63z"/>
    <path id="_736" class="fil251" d="M-2814.42 35621.11c0,6847.88 -8953.72,12399.19 -19998.7,12399.19 -11044.97,0 -19998.69,-5551.31 -19998.69,-12399.19 0,-6847.88 8953.72,-12399.19 19998.69,-12399.19 11044.98,0 19998.7,5551.31 19998.7,12399.19zm40.82 0c0,-6861.86 -8972,-12424.5 -20039.52,-12424.5 -11067.51,0 -20039.51,5562.64 -20039.51,12424.5 0,6861.86 8972,12424.5 20039.51,12424.5 11067.52,0 20039.52,-5562.64 20039.52,-12424.5z"/>
    <path id="_737" class="fil251" d="M-2787.21 35621.11c0,6857.2 -8965.9,12416.06 -20025.91,12416.06 -11060,0 -20025.9,-5558.86 -20025.9,-12416.06 0,-6857.2 8965.9,-12416.06 20025.9,-12416.06 11060.01,0 20025.91,5558.86 20025.91,12416.06zm40.82 0c0,-6871.18 -8984.18,-12441.37 -20066.73,-12441.37 -11082.54,0 -20066.72,5570.19 -20066.72,12441.37 0,6871.18 8984.18,12441.37 20066.72,12441.37 11082.55,0 20066.73,-5570.19 20066.73,-12441.37z"/>
    <path id="_738" class="fil251" d="M-2760 35621.11c0,6866.52 -8978.08,12432.93 -20053.12,12432.93 -11075.03,0 -20053.11,-5566.41 -20053.11,-12432.93 0,-6866.52 8978.08,-12432.93 20053.11,-12432.93 11075.04,0 20053.12,5566.41 20053.12,12432.93zm40.82 0c0,-6880.49 -8996.36,-12458.24 -20093.94,-12458.24 -11097.57,0 -20093.93,5577.75 -20093.93,12458.24 0,6880.49 8996.36,12458.24 20093.93,12458.24 11097.58,0 20093.94,-5577.75 20093.94,-12458.24z"/>
    <path id="_739" class="fil251" d="M-2732.79 35621.11c0,6875.84 -8990.27,12449.8 -20080.33,12449.8 -11090.05,0 -20080.32,-5573.96 -20080.32,-12449.8 0,-6875.84 8990.27,-12449.8 20080.32,-12449.8 11090.06,0 20080.33,5573.96 20080.33,12449.8zm40.81 0c0,-6889.81 -9008.54,-12475.11 -20121.14,-12475.11 -11112.59,0 -20121.13,5585.3 -20121.13,12475.11 0,6889.81 9008.54,12475.11 20121.13,12475.11 11112.6,0 20121.14,-5585.3 20121.14,-12475.11z"/>
    <path id="_740" class="fil252" d="M-2705.58 35621.11c0,6885.15 -9002.45,12466.67 -20107.54,12466.67 -11105.08,0 -20107.53,-5581.52 -20107.53,-12466.67 0,-6885.15 9002.45,-12466.67 20107.53,-12466.67 11105.09,0 20107.54,5581.52 20107.54,12466.67zm40.81 0c0,-6899.13 -9020.72,-12491.98 -20148.35,-12491.98 -11127.62,0 -20148.34,5592.85 -20148.34,12491.98 0,6899.13 9020.72,12491.98 20148.34,12491.98 11127.63,0 20148.35,-5592.85 20148.35,-12491.98z"/>
    <path id="_741" class="fil253" d="M-2678.37 35621.11c0,6894.47 -9014.63,12483.54 -20134.75,12483.54 -11120.11,0 -20134.74,-5589.07 -20134.74,-12483.54 0,-6894.47 9014.63,-12483.54 20134.74,-12483.54 11120.12,0 20134.75,5589.07 20134.75,12483.54zm40.81 0c0,-6908.44 -9032.9,-12508.85 -20175.56,-12508.85 -11142.65,0 -20175.55,5600.41 -20175.55,12508.85 0,6908.44 9032.9,12508.85 20175.55,12508.85 11142.66,0 20175.56,-5600.41 20175.56,-12508.85z"/>
    <path id="_742" class="fil253" d="M-2651.16 35621.11c0,6903.79 -9026.82,12500.41 -20161.96,12500.41 -11135.13,0 -20161.95,-5596.62 -20161.95,-12500.41 0,-6903.79 9026.82,-12500.41 20161.95,-12500.41 11135.14,0 20161.96,5596.62 20161.96,12500.41zm40.81 0c0,-6917.76 -9045.08,-12525.71 -20202.77,-12525.71 -11157.68,0 -20202.76,5607.95 -20202.76,12525.71 0,6917.76 9045.08,12525.71 20202.76,12525.71 11157.69,0 20202.77,-5607.95 20202.77,-12525.71z"/>
    <path id="_743" class="fil253" d="M-2623.95 35621.11c0,6913.1 -9039,12517.28 -20189.17,12517.28 -11150.16,0 -20189.16,-5604.18 -20189.16,-12517.28 0,-6913.1 9039,-12517.28 20189.16,-12517.28 11150.17,0 20189.17,5604.18 20189.17,12517.28zm40.81 0c0,-6927.08 -9057.27,-12542.58 -20229.98,-12542.58 -11172.7,0 -20229.97,5615.5 -20229.97,12542.58 0,6927.08 9057.27,12542.58 20229.97,12542.58 11172.71,0 20229.98,-5615.5 20229.98,-12542.58z"/>
    <path id="_744" class="fil254" d="M-2596.74 35621.11c0,6922.42 -9051.18,12534.15 -20216.38,12534.15 -11165.19,0 -20216.37,-5611.73 -20216.37,-12534.15 0,-6922.42 9051.18,-12534.15 20216.37,-12534.15 11165.2,0 20216.38,5611.73 20216.38,12534.15zm40.81 0c0,-6936.4 -9069.45,-12559.45 -20257.19,-12559.45 -11187.73,0 -20257.18,5623.05 -20257.18,12559.45 0,6936.4 9069.45,12559.45 20257.18,12559.45 11187.74,0 20257.19,-5623.05 20257.19,-12559.45z"/>
    <path id="_745" class="fil254" d="M-2569.53 35621.11c0,6931.74 -9063.36,12551.02 -20243.59,12551.02 -11180.22,0 -20243.58,-5619.28 -20243.58,-12551.02 0,-6931.74 9063.36,-12551.02 20243.58,-12551.02 11180.23,0 20243.59,5619.28 20243.59,12551.02zm40.81 0c0,-6945.71 -9081.63,-12576.32 -20284.4,-12576.32 -11202.76,0 -20284.39,5630.61 -20284.39,12576.32 0,6945.71 9081.63,12576.32 20284.39,12576.32 11202.77,0 20284.4,-5630.61 20284.4,-12576.32z"/>
    <path id="_746" class="fil254" d="M-2542.32 35621.11c0,6941.05 -9075.55,12567.89 -20270.8,12567.89 -11195.24,0 -20270.79,-5626.84 -20270.79,-12567.89 0,-6941.05 9075.55,-12567.89 20270.79,-12567.89 11195.25,0 20270.8,5626.84 20270.8,12567.89zm40.81 0c0,-6955.03 -9093.82,-12593.19 -20311.61,-12593.19 -11217.78,0 -20311.6,5638.16 -20311.6,12593.19 0,6955.03 9093.82,12593.19 20311.6,12593.19 11217.79,0 20311.61,-5638.16 20311.61,-12593.19z"/>
    <path id="_747" class="fil254" d="M-2515.12 35621.11c0,6950.37 -9087.72,12584.76 -20298,12584.76 -11210.27,0 -20297.99,-5634.39 -20297.99,-12584.76 0,-6950.37 9087.72,-12584.76 20297.99,-12584.76 11210.28,0 20298,5634.39 20298,12584.76zm40.82 0c0,-6964.35 -9106,-12610.06 -20338.82,-12610.06 -11232.81,0 -20338.81,5645.71 -20338.81,12610.06 0,6964.35 9106,12610.06 20338.81,12610.06 11232.82,0 20338.82,-5645.71 20338.82,-12610.06z"/>
    <path id="_748" class="fil254" d="M-2487.91 35621.11c0,6959.69 -9099.9,12601.63 -20325.21,12601.63 -11225.3,0 -20325.2,-5641.94 -20325.2,-12601.63 0,-6959.69 9099.9,-12601.63 20325.2,-12601.63 11225.31,0 20325.21,5641.94 20325.21,12601.63zm40.82 0c0,-6973.66 -9118.18,-12626.93 -20366.03,-12626.93 -11247.84,0 -20366.02,5653.27 -20366.02,12626.93 0,6973.66 9118.18,12626.93 20366.02,12626.93 11247.85,0 20366.03,-5653.27 20366.03,-12626.93z"/>
    <path id="_749" class="fil254" d="M-2460.7 35621.11c0,6969 -9112.09,12618.5 -20352.42,12618.5 -11240.32,0 -20352.41,-5649.5 -20352.41,-12618.5 0,-6969 9112.09,-12618.5 20352.41,-12618.5 11240.33,0 20352.42,5649.5 20352.42,12618.5zm40.82 0c0,-6982.98 -9130.36,-12643.8 -20393.24,-12643.8 -11262.87,0 -20393.23,5660.82 -20393.23,12643.8 0,6982.98 9130.36,12643.8 20393.23,12643.8 11262.88,0 20393.24,-5660.82 20393.24,-12643.8z"/>
    <path id="_750" class="fil254" d="M-2433.49 35621.11c0,6978.32 -9124.27,12635.37 -20379.63,12635.37 -11255.35,0 -20379.62,-5657.05 -20379.62,-12635.37 0,-6978.32 9124.27,-12635.37 20379.62,-12635.37 11255.36,0 20379.63,5657.05 20379.63,12635.37zm40.82 0c0,-6992.3 -9142.55,-12660.67 -20420.45,-12660.67 -11277.89,0 -20420.44,5668.37 -20420.44,12660.67 0,6992.3 9142.55,12660.67 20420.44,12660.67 11277.9,0 20420.45,-5668.37 20420.45,-12660.67z"/>
    <path id="_751" class="fil255" d="M-2406.28 35621.11c0,6987.64 -9136.45,12652.24 -20406.84,12652.24 -11270.38,0 -20406.83,-5664.6 -20406.83,-12652.24 0,-6987.64 9136.45,-12652.24 20406.83,-12652.24 11270.39,0 20406.84,5664.6 20406.84,12652.24zm40.81 0c0,-7001.61 -9154.72,-12677.54 -20447.65,-12677.54 -11292.92,0 -20447.64,5675.93 -20447.64,12677.54 0,7001.61 9154.72,12677.54 20447.64,12677.54 11292.93,0 20447.65,-5675.93 20447.65,-12677.54z"/>
    <path id="_752" class="fil256" d="M-2379.07 35621.11c0,6996.95 -9148.63,12669.11 -20434.05,12669.11 -11285.41,0 -20434.04,-5672.16 -20434.04,-12669.11 0,-6996.95 9148.63,-12669.11 20434.04,-12669.11 11285.42,0 20434.05,5672.16 20434.05,12669.11zm40.81 0c0,-7010.93 -9166.9,-12694.41 -20474.86,-12694.41 -11307.95,0 -20474.85,5683.48 -20474.85,12694.41 0,7010.93 9166.9,12694.41 20474.85,12694.41 11307.96,0 20474.86,-5683.48 20474.86,-12694.41z"/>
    <path id="_753" class="fil256" d="M-2351.86 35621.11c0,7006.27 -9160.82,12685.98 -20461.26,12685.98 -11300.43,0 -20461.25,-5679.71 -20461.25,-12685.98 0,-7006.27 9160.82,-12685.98 20461.25,-12685.98 11300.44,0 20461.26,5679.71 20461.26,12685.98zm40.81 0c0,-7020.25 -9179.09,-12711.28 -20502.07,-12711.28 -11322.97,0 -20502.06,5691.03 -20502.06,12711.28 0,7020.25 9179.09,12711.28 20502.06,12711.28 11322.98,0 20502.07,-5691.03 20502.07,-12711.28z"/>
    <path id="_754" class="fil256" d="M-2324.65 35621.11c0,7015.59 -9173,12702.85 -20488.47,12702.85 -11315.46,0 -20488.46,-5687.26 -20488.46,-12702.85 0,-7015.59 9173,-12702.85 20488.46,-12702.85 11315.47,0 20488.47,5687.26 20488.47,12702.85zm40.81 0c0,-7029.56 -9191.27,-12728.15 -20529.28,-12728.15 -11338,0 -20529.27,5698.59 -20529.27,12728.15 0,7029.56 9191.27,12728.15 20529.27,12728.15 11338.01,0 20529.28,-5698.59 20529.28,-12728.15z"/>
    <path id="_755" class="fil256" d="M-2297.44 35621.11c0,7024.91 -9185.18,12719.72 -20515.68,12719.72 -11330.49,0 -20515.67,-5694.81 -20515.67,-12719.72 0,-7024.91 9185.18,-12719.72 20515.67,-12719.72 11330.5,0 20515.68,5694.81 20515.68,12719.72zm40.81 0c0,-7038.88 -9203.45,-12745.02 -20556.49,-12745.02 -11353.03,0 -20556.48,5706.14 -20556.48,12745.02 0,7038.88 9203.45,12745.02 20556.48,12745.02 11353.04,0 20556.49,-5706.14 20556.49,-12745.02z"/>
    <path id="_756" class="fil256" d="M-2270.23 35621.11c0,7034.22 -9197.37,12736.59 -20542.89,12736.59 -11345.51,0 -20542.88,-5702.37 -20542.88,-12736.59 0,-7034.22 9197.37,-12736.59 20542.88,-12736.59 11345.52,0 20542.89,5702.37 20542.89,12736.59zm40.81 0c0,-7048.2 -9215.63,-12761.89 -20583.7,-12761.89 -11368.06,0 -20583.69,5713.69 -20583.69,12761.89 0,7048.2 9215.63,12761.89 20583.69,12761.89 11368.07,0 20583.7,-5713.69 20583.7,-12761.89z"/>
    <path id="_757" class="fil256" d="M-2243.02 35621.11c0,7043.54 -9209.55,12753.46 -20570.1,12753.46 -11360.54,0 -20570.09,-5709.92 -20570.09,-12753.46 0,-7043.54 9209.55,-12753.46 20570.09,-12753.46 11360.55,0 20570.1,5709.92 20570.1,12753.46zm40.81 0c0,-7057.51 -9227.82,-12778.76 -20610.91,-12778.76 -11383.08,0 -20610.9,5721.25 -20610.9,12778.76 0,7057.51 9227.82,12778.76 20610.9,12778.76 11383.09,0 20610.91,-5721.25 20610.91,-12778.76z"/>
    <path id="_758" class="fil257" d="M-2215.82 35621.11c0,7052.86 -9221.72,12770.32 -20597.3,12770.32 -11375.57,0 -20597.29,-5717.46 -20597.29,-12770.32 0,-7052.86 9221.72,-12770.32 20597.29,-12770.32 11375.58,0 20597.3,5717.46 20597.3,12770.32zm40.82 0c0,-7066.83 -9240,-12795.63 -20638.12,-12795.63 -11398.11,0 -20638.11,5728.8 -20638.11,12795.63 0,7066.83 9240,12795.63 20638.11,12795.63 11398.12,0 20638.12,-5728.8 20638.12,-12795.63z"/>
    <path id="_759" class="fil257" d="M-2188.61 35621.11c0,7062.17 -9233.9,12787.19 -20624.51,12787.19 -11390.6,0 -20624.5,-5725.02 -20624.5,-12787.19 0,-7062.17 9233.9,-12787.19 20624.5,-12787.19 11390.61,0 20624.51,5725.02 20624.51,12787.19zm40.82 0c0,-7076.15 -9252.18,-12812.5 -20665.33,-12812.5 -11413.14,0 -20665.32,5736.35 -20665.32,12812.5 0,7076.15 9252.18,12812.5 20665.32,12812.5 11413.15,0 20665.33,-5736.35 20665.33,-12812.5z"/>
    <path id="_760" class="fil258" d="M-2161.4 35621.11c0,7071.49 -9246.09,12804.06 -20651.72,12804.06 -11405.62,0 -20651.71,-5732.57 -20651.71,-12804.06 0,-7071.49 9246.09,-12804.06 20651.71,-12804.06 11405.63,0 20651.72,5732.57 20651.72,12804.06zm40.82 0c0,-7085.46 -9264.37,-12829.37 -20692.54,-12829.37 -11428.16,0 -20692.53,5743.91 -20692.53,12829.37 0,7085.46 9264.37,12829.37 20692.53,12829.37 11428.17,0 20692.54,-5743.91 20692.54,-12829.37z"/>
    <path id="_761" class="fil258" d="M-2134.19 35621.11c0,7080.81 -9258.27,12820.93 -20678.93,12820.93 -11420.65,0 -20678.92,-5740.12 -20678.92,-12820.93 0,-7080.81 9258.27,-12820.93 20678.92,-12820.93 11420.66,0 20678.93,5740.12 20678.93,12820.93zm40.82 0c0,-7094.78 -9276.55,-12846.24 -20719.75,-12846.24 -11443.19,0 -20719.74,5751.46 -20719.74,12846.24 0,7094.78 9276.55,12846.24 20719.74,12846.24 11443.2,0 20719.75,-5751.46 20719.75,-12846.24z"/>
    <path id="_762" class="fil258" d="M-2106.98 35621.11c0,7090.12 -9270.45,12837.8 -20706.14,12837.8 -11435.68,0 -20706.13,-5747.68 -20706.13,-12837.8 0,-7090.12 9270.45,-12837.8 20706.13,-12837.8 11435.69,0 20706.14,5747.68 20706.14,12837.8zm40.81 0c0,-7104.1 -9288.72,-12863.11 -20746.95,-12863.11 -11458.22,0 -20746.94,5759.01 -20746.94,12863.11 0,7104.1 9288.72,12863.11 20746.94,12863.11 11458.23,0 20746.95,-5759.01 20746.95,-12863.11z"/>
    <path id="_763" class="fil259" d="M-2079.77 35621.11c0,7099.44 -9282.63,12854.67 -20733.35,12854.67 -11450.71,0 -20733.34,-5755.23 -20733.34,-12854.67 0,-7099.44 9282.63,-12854.67 20733.34,-12854.67 11450.72,0 20733.35,5755.23 20733.35,12854.67zm40.81 0c0,-7113.42 -9300.9,-12879.98 -20774.16,-12879.98 -11473.25,0 -20774.15,5766.56 -20774.15,12879.98 0,7113.42 9300.9,12879.98 20774.15,12879.98 11473.26,0 20774.16,-5766.56 20774.16,-12879.98z"/>
    <path id="_764" class="fil259" d="M-2052.56 35621.11c0,7108.76 -9294.82,12871.54 -20760.56,12871.54 -11465.73,0 -20760.55,-5762.78 -20760.55,-12871.54 0,-7108.76 9294.82,-12871.54 20760.55,-12871.54 11465.74,0 20760.56,5762.78 20760.56,12871.54zm40.81 0c0,-7122.73 -9313.09,-12896.85 -20801.37,-12896.85 -11488.27,0 -20801.36,5774.12 -20801.36,12896.85 0,7122.73 9313.09,12896.85 20801.36,12896.85 11488.28,0 20801.37,-5774.12 20801.37,-12896.85z"/>
    <path id="_765" class="fil259" d="M-2025.35 35621.11c0,7118.07 -9307,12888.41 -20787.77,12888.41 -11480.76,0 -20787.76,-5770.34 -20787.76,-12888.41 0,-7118.07 9307,-12888.41 20787.76,-12888.41 11480.77,0 20787.77,5770.34 20787.77,12888.41zm40.81 0c0,-7132.05 -9325.27,-12913.72 -20828.58,-12913.72 -11503.3,0 -20828.57,5781.67 -20828.57,12913.72 0,7132.05 9325.27,12913.72 20828.57,12913.72 11503.31,0 20828.58,-5781.67 20828.58,-12913.72z"/>
    <path id="_766" class="fil259" d="M-1998.14 35621.11c0,7127.39 -9319.18,12905.28 -20814.98,12905.28 -11495.79,0 -20814.97,-5777.89 -20814.97,-12905.28 0,-7127.39 9319.18,-12905.28 20814.97,-12905.28 11495.8,0 20814.98,5777.89 20814.98,12905.28zm40.81 0c0,-7141.37 -9337.45,-12930.59 -20855.79,-12930.59 -11518.33,0 -20855.78,5789.22 -20855.78,12930.59 0,7141.37 9337.45,12930.59 20855.78,12930.59 11518.34,0 20855.79,-5789.22 20855.79,-12930.59z"/>
    <path id="_767" class="fil259" d="M-1970.93 35621.11c0,7136.71 -9331.37,12922.15 -20842.19,12922.15 -11510.81,0 -20842.18,-5785.44 -20842.18,-12922.15 0,-7136.71 9331.37,-12922.15 20842.18,-12922.15 11510.82,0 20842.19,5785.44 20842.19,12922.15zm40.81 0c0,-7150.68 -9349.64,-12947.46 -20883,-12947.46 -11533.35,0 -20882.99,5796.78 -20882.99,12947.46 0,7150.68 9349.64,12947.46 20882.99,12947.46 11533.36,0 20883,-5796.78 20883,-12947.46z"/>
    <path id="_768" class="fil260" d="M-1943.72 35621.11c0,7146.02 -9343.55,12939.02 -20869.4,12939.02 -11525.84,0 -20869.39,-5793 -20869.39,-12939.02 0,-7146.02 9343.55,-12939.02 20869.39,-12939.02 11525.85,0 20869.4,5793 20869.4,12939.02zm40.81 0c0,-7160 -9361.82,-12964.33 -20910.21,-12964.33 -11548.38,0 -20910.2,5804.33 -20910.2,12964.33 0,7160 9361.82,12964.33 20910.2,12964.33 11548.39,0 20910.21,-5804.33 20910.21,-12964.33z"/>
    <path id="_769" class="fil260" d="M-1916.52 35621.11c0,7155.34 -9355.72,12955.89 -20896.6,12955.89 -11540.87,0 -20896.59,-5800.55 -20896.59,-12955.89 0,-7155.34 9355.72,-12955.89 20896.59,-12955.89 11540.88,0 20896.6,5800.55 20896.6,12955.89zm40.82 0c0,-7169.32 -9374,-12981.2 -20937.42,-12981.2 -11563.41,0 -20937.41,5811.88 -20937.41,12981.2 0,7169.32 9374,12981.2 20937.41,12981.2 11563.42,0 20937.42,-5811.88 20937.42,-12981.2z"/>
    <path id="_770" class="fil260" d="M-1889.31 35621.11c0,7164.66 -9367.9,12972.76 -20923.81,12972.76 -11555.9,0 -20923.8,-5808.1 -20923.8,-12972.76 0,-7164.66 9367.9,-12972.76 20923.8,-12972.76 11555.91,0 20923.81,5808.1 20923.81,12972.76zm40.82 0c0,-7178.63 -9386.18,-12998.07 -20964.63,-12998.07 -11578.44,0 -20964.62,5819.44 -20964.62,12998.07 0,7178.63 9386.18,12998.07 20964.62,12998.07 11578.45,0 20964.63,-5819.44 20964.63,-12998.07z"/>
    <path id="_771" class="fil260" d="M-1862.1 35621.11c0,7173.97 -9380.09,12989.63 -20951.02,12989.63 -11570.92,0 -20951.01,-5815.66 -20951.01,-12989.63 0,-7173.97 9380.09,-12989.63 20951.01,-12989.63 11570.93,0 20951.02,5815.66 20951.02,12989.63zm40.82 0c0,-7187.95 -9398.37,-13014.93 -20991.84,-13014.93 -11593.46,0 -20991.83,5826.98 -20991.83,13014.93 0,7187.95 9398.37,13014.93 20991.83,13014.93 11593.47,0 20991.84,-5826.98 20991.84,-13014.93z"/>
    <path id="_772" class="fil260" d="M-1834.89 35621.11c0,7183.29 -9392.27,13006.5 -20978.23,13006.5 -11585.95,0 -20978.22,-5823.21 -20978.22,-13006.5 0,-7183.29 9392.27,-13006.5 20978.22,-13006.5 11585.96,0 20978.23,5823.21 20978.23,13006.5zm40.82 0c0,-7197.27 -9410.55,-13031.8 -21019.05,-13031.8 -11608.49,0 -21019.04,5834.53 -21019.04,13031.8 0,7197.27 9410.55,13031.8 21019.04,13031.8 11608.5,0 21019.05,-5834.53 21019.05,-13031.8z"/>
    <path id="_773" class="fil260" d="M-1807.68 35621.11c0,7192.61 -9404.45,13023.37 -21005.44,13023.37 -11600.98,0 -21005.43,-5830.76 -21005.43,-13023.37 0,-7192.61 9404.45,-13023.37 21005.43,-13023.37 11600.99,0 21005.44,5830.76 21005.44,13023.37zm40.81 0c0,-7206.58 -9422.72,-13048.67 -21046.25,-13048.67 -11623.52,0 -21046.24,5842.09 -21046.24,13048.67 0,7206.58 9422.72,13048.67 21046.24,13048.67 11623.53,0 21046.25,-5842.09 21046.25,-13048.67z"/>
    <path id="_774" class="fil260" d="M-1780.47 35621.11c0,7201.93 -9416.64,13040.24 -21032.65,13040.24 -11616,0 -21032.64,-5838.31 -21032.64,-13040.24 0,-7201.93 9416.64,-13040.24 21032.64,-13040.24 11616.01,0 21032.65,5838.31 21032.65,13040.24zm40.81 0c0,-7215.9 -9434.91,-13065.54 -21073.46,-13065.54 -11638.54,0 -21073.45,5849.64 -21073.45,13065.54 0,7215.9 9434.91,13065.54 21073.45,13065.54 11638.55,0 21073.46,-5849.64 21073.46,-13065.54z"/>
    <path id="_775" class="fil260" d="M-1753.26 35621.11c0,7211.24 -9428.82,13057.11 -21059.86,13057.11 -11631.03,0 -21059.85,-5845.87 -21059.85,-13057.11 0,-7211.24 9428.82,-13057.11 21059.85,-13057.11 11631.04,0 21059.86,5845.87 21059.86,13057.11zm40.81 0c0,-7225.22 -9447.09,-13082.41 -21100.67,-13082.41 -11653.57,0 -21100.66,5857.19 -21100.66,13082.41 0,7225.22 9447.09,13082.41 21100.66,13082.41 11653.58,0 21100.67,-5857.19 21100.67,-13082.41z"/>
    <path id="_776" class="fil261" d="M-1726.05 35621.11c0,7220.56 -9441,13073.98 -21087.07,13073.98 -11646.06,0 -21087.06,-5853.42 -21087.06,-13073.98 0,-7220.56 9441,-13073.98 21087.06,-13073.98 11646.07,0 21087.07,5853.42 21087.07,13073.98zm40.81 0c0,-7234.53 -9459.27,-13099.28 -21127.88,-13099.28 -11668.6,0 -21127.87,5864.75 -21127.87,13099.28 0,7234.53 9459.27,13099.28 21127.87,13099.28 11668.61,0 21127.88,-5864.75 21127.88,-13099.28z"/>
    <path id="_777" class="fil261" d="M-1698.84 35621.11c0,7229.88 -9453.18,13090.85 -21114.28,13090.85 -11661.09,0 -21114.27,-5860.97 -21114.27,-13090.85 0,-7229.88 9453.18,-13090.85 21114.27,-13090.85 11661.1,0 21114.28,5860.97 21114.28,13090.85zm40.81 0c0,-7243.85 -9471.45,-13116.15 -21155.09,-13116.15 -11683.63,0 -21155.08,5872.3 -21155.08,13116.15 0,7243.85 9471.45,13116.15 21155.08,13116.15 11683.64,0 21155.09,-5872.3 21155.09,-13116.15z"/>
    <path id="_778" class="fil261" d="M-1671.63 35621.11c0,7239.19 -9465.37,13107.72 -21141.49,13107.72 -11676.11,0 -21141.48,-5868.53 -21141.48,-13107.72 0,-7239.19 9465.37,-13107.72 21141.48,-13107.72 11676.12,0 21141.49,5868.53 21141.49,13107.72zm40.81 0c0,-7253.17 -9483.64,-13133.02 -21182.3,-13133.02 -11698.65,0 -21182.29,5879.85 -21182.29,13133.02 0,7253.17 9483.64,13133.02 21182.29,13133.02 11698.66,0 21182.3,-5879.85 21182.3,-13133.02z"/>
    <path id="_779" class="fil261" d="M-1644.42 35621.11c0,7248.51 -9477.55,13124.59 -21168.7,13124.59 -11691.14,0 -21168.69,-5876.08 -21168.69,-13124.59 0,-7248.51 9477.55,-13124.59 21168.69,-13124.59 11691.15,0 21168.7,5876.08 21168.7,13124.59zm40.81 0c0,-7262.48 -9495.82,-13149.89 -21209.51,-13149.89 -11713.68,0 -21209.5,5887.41 -21209.5,13149.89 0,7262.48 9495.82,13149.89 21209.5,13149.89 11713.69,0 21209.51,-5887.41 21209.51,-13149.89z"/>
    <path id="_780" class="fil261" d="M-1617.22 35621.11c0,7257.83 -9489.72,13141.46 -21195.9,13141.46 -11706.17,0 -21195.89,-5883.63 -21195.89,-13141.46 0,-7257.83 9489.72,-13141.46 21195.89,-13141.46 11706.18,0 21195.9,5883.63 21195.9,13141.46zm40.82 0c0,-7271.8 -9508,-13166.76 -21236.72,-13166.76 -11728.71,0 -21236.71,5894.96 -21236.71,13166.76 0,7271.8 9508,13166.76 21236.71,13166.76 11728.72,0 21236.72,-5894.96 21236.72,-13166.76z"/>
    <path id="_781" class="fil261" d="M-1590.01 35621.11c0,7267.14 -9501.91,13158.33 -21223.11,13158.33 -11721.19,0 -21223.1,-5891.19 -21223.1,-13158.33 0,-7267.14 9501.91,-13158.33 21223.1,-13158.33 11721.2,0 21223.11,5891.19 21223.11,13158.33zm40.82 0c0,-7281.12 -9520.18,-13183.63 -21263.93,-13183.63 -11743.74,0 -21263.92,5902.51 -21263.92,13183.63 0,7281.12 9520.18,13183.63 21263.92,13183.63 11743.75,0 21263.93,-5902.51 21263.93,-13183.63z"/>
    <path id="_782" class="fil261" d="M-1562.8 35621.11c0,7276.46 -9514.09,13175.2 -21250.32,13175.2 -11736.22,0 -21250.31,-5898.74 -21250.31,-13175.2 0,-7276.46 9514.09,-13175.2 21250.31,-13175.2 11736.23,0 21250.32,5898.74 21250.32,13175.2zm40.82 0c0,-7290.44 -9532.37,-13200.5 -21291.14,-13200.5 -11758.76,0 -21291.13,5910.06 -21291.13,13200.5 0,7290.44 9532.37,13200.5 21291.13,13200.5 11758.77,0 21291.14,-5910.06 21291.14,-13200.5z"/>
    <path id="_783" class="fil261" d="M-1535.59 35621.11c0,7285.78 -9526.27,13192.07 -21277.53,13192.07 -11751.25,0 -21277.52,-5906.29 -21277.52,-13192.07 0,-7285.78 9526.27,-13192.07 21277.52,-13192.07 11751.26,0 21277.53,5906.29 21277.53,13192.07zm40.82 0c0,-7299.75 -9544.55,-13217.37 -21318.35,-13217.37 -11773.79,0 -21318.34,5917.62 -21318.34,13217.37 0,7299.75 9544.55,13217.37 21318.34,13217.37 11773.8,0 21318.35,-5917.62 21318.35,-13217.37z"/>
    <path id="_784" class="fil262" d="M-1508.38 35621.11c0,7295.09 -9538.45,13208.94 -21304.74,13208.94 -11766.28,0 -21304.73,-5913.85 -21304.73,-13208.94 0,-7295.09 9538.45,-13208.94 21304.73,-13208.94 11766.29,0 21304.74,5913.85 21304.74,13208.94zm40.82 0c0,-7309.07 -9556.73,-13234.24 -21345.56,-13234.24 -11788.82,0 -21345.55,5925.17 -21345.55,13234.24 0,7309.07 9556.73,13234.24 21345.55,13234.24 11788.83,0 21345.56,-5925.17 21345.56,-13234.24z"/>
    <path id="_785" class="fil262" d="M-1481.17 35621.11c0,7304.41 -9550.64,13225.81 -21331.95,13225.81 -11781.3,0 -21331.94,-5921.4 -21331.94,-13225.81 0,-7304.41 9550.64,-13225.81 21331.94,-13225.81 11781.31,0 21331.95,5921.4 21331.95,13225.81zm40.81 0c0,-7318.39 -9568.91,-13251.11 -21372.76,-13251.11 -11803.84,0 -21372.75,5932.72 -21372.75,13251.11 0,7318.39 9568.91,13251.11 21372.75,13251.11 11803.85,0 21372.76,-5932.72 21372.76,-13251.11z"/>
    <path id="_786" class="fil262" d="M-1453.96 35621.11c0,7313.73 -9562.82,13242.67 -21359.16,13242.67 -11796.33,0 -21359.15,-5928.94 -21359.15,-13242.67 0,-7313.73 9562.82,-13242.67 21359.15,-13242.67 11796.34,0 21359.16,5928.94 21359.16,13242.67zm40.81 0c0,-7327.7 -9581.09,-13267.98 -21399.97,-13267.98 -11818.87,0 -21399.96,5940.28 -21399.96,13267.98 0,7327.7 9581.09,13267.98 21399.96,13267.98 11818.88,0 21399.97,-5940.28 21399.97,-13267.98z"/>
    <path id="_787" class="fil262" d="M-1426.75 35621.11c0,7323.04 -9575,13259.54 -21386.37,13259.54 -11811.36,0 -21386.36,-5936.5 -21386.36,-13259.54 0,-7323.04 9575,-13259.54 21386.36,-13259.54 11811.37,0 21386.37,5936.5 21386.37,13259.54zm40.81 0c0,-7337.02 -9593.27,-13284.85 -21427.18,-13284.85 -11833.9,0 -21427.17,5947.83 -21427.17,13284.85 0,7337.02 9593.27,13284.85 21427.17,13284.85 11833.91,0 21427.18,-5947.83 21427.18,-13284.85z"/>
    <path id="_788" class="fil263" d="M-1399.54 35621.11c0,7332.36 -9587.19,13276.41 -21413.58,13276.41 -11826.38,0 -21413.57,-5944.05 -21413.57,-13276.41 0,-7332.36 9587.19,-13276.41 21413.57,-13276.41 11826.39,0 21413.58,5944.05 21413.58,13276.41zm40.81 0c0,-7346.34 -9605.45,-13301.72 -21454.39,-13301.72 -11848.93,0 -21454.38,5955.38 -21454.38,13301.72 0,7346.34 9605.45,13301.72 21454.38,13301.72 11848.94,0 21454.39,-5955.38 21454.39,-13301.72z"/>
    <path id="_789" class="fil263" d="M-1372.33 35621.11c0,7341.68 -9599.37,13293.28 -21440.79,13293.28 -11841.41,0 -21440.78,-5951.6 -21440.78,-13293.28 0,-7341.68 9599.37,-13293.28 21440.78,-13293.28 11841.42,0 21440.79,5951.6 21440.79,13293.28zm40.81 0c0,-7355.65 -9617.64,-13318.59 -21481.6,-13318.59 -11863.95,0 -21481.59,5962.94 -21481.59,13318.59 0,7355.65 9617.64,13318.59 21481.59,13318.59 11863.96,0 21481.6,-5962.94 21481.6,-13318.59z"/>
    <path id="_790" class="fil263" d="M-1345.12 35621.11c0,7350.99 -9611.55,13310.15 -21468,13310.15 -11856.44,0 -21467.99,-5959.16 -21467.99,-13310.15 0,-7350.99 9611.55,-13310.15 21467.99,-13310.15 11856.45,0 21468,5959.16 21468,13310.15zm40.81 0c0,-7364.97 -9629.82,-13335.46 -21508.81,-13335.46 -11878.98,0 -21508.8,5970.49 -21508.8,13335.46 0,7364.97 9629.82,13335.46 21508.8,13335.46 11878.99,0 21508.81,-5970.49 21508.81,-13335.46z"/>
    <path id="_791" class="fil263" d="M-1317.91 35621.11c0,7360.31 -9623.73,13327.02 -21495.21,13327.02 -11871.47,0 -21495.2,-5966.71 -21495.2,-13327.02 0,-7360.31 9623.73,-13327.02 21495.2,-13327.02 11871.48,0 21495.21,5966.71 21495.21,13327.02zm40.81 0c0,-7374.29 -9642,-13352.33 -21536.02,-13352.33 -11894.01,0 -21536.01,5978.04 -21536.01,13352.33 0,7374.29 9642,13352.33 21536.01,13352.33 11894.02,0 21536.02,-5978.04 21536.02,-13352.33z"/>
    <path id="_792" class="fil263" d="M-1290.71 35621.11c0,7369.63 -9635.91,13343.89 -21522.41,13343.89 -11886.49,0 -21522.4,-5974.26 -21522.4,-13343.89 0,-7369.63 9635.91,-13343.89 21522.4,-13343.89 11886.5,0 21522.41,5974.26 21522.41,13343.89zm40.82 0c0,-7383.6 -9654.19,-13369.2 -21563.23,-13369.2 -11909.03,0 -21563.22,5985.6 -21563.22,13369.2 0,7383.6 9654.19,13369.2 21563.22,13369.2 11909.04,0 21563.23,-5985.6 21563.23,-13369.2z"/>
    <path id="_793" class="fil264" d="M-1263.5 35621.11c0,7378.95 -9648.09,13360.76 -21549.62,13360.76 -11901.52,0 -21549.61,-5981.81 -21549.61,-13360.76 0,-7378.95 9648.09,-13360.76 21549.61,-13360.76 11901.53,0 21549.62,5981.81 21549.62,13360.76zm40.82 0c0,-7392.92 -9666.37,-13386.07 -21590.44,-13386.07 -11924.06,0 -21590.43,5993.15 -21590.43,13386.07 0,7392.92 9666.37,13386.07 21590.43,13386.07 11924.07,0 21590.44,-5993.15 21590.44,-13386.07z"/>
    <path id="_794" class="fil264" d="M-1236.29 35621.11c0,7388.26 -9660.27,13377.63 -21576.83,13377.63 -11916.55,0 -21576.82,-5989.37 -21576.82,-13377.63 0,-7388.26 9660.27,-13377.63 21576.82,-13377.63 11916.56,0 21576.83,5989.37 21576.83,13377.63zm40.82 0c0,-7402.24 -9678.55,-13402.94 -21617.65,-13402.94 -11939.09,0 -21617.64,6000.7 -21617.64,13402.94 0,7402.24 9678.55,13402.94 21617.64,13402.94 11939.1,0 21617.65,-6000.7 21617.65,-13402.94z"/>
    <path id="_795" class="fil265" d="M-1209.08 35621.11c0,7397.58 -9672.46,13394.5 -21604.04,13394.5 -11931.57,0 -21604.03,-5996.92 -21604.03,-13394.5 0,-7397.58 9672.46,-13394.5 21604.03,-13394.5 11931.58,0 21604.04,5996.92 21604.04,13394.5zm40.82 0c0,-7411.55 -9690.73,-13419.81 -21644.86,-13419.81 -11954.12,0 -21644.85,6008.26 -21644.85,13419.81 0,7411.55 9690.73,13419.81 21644.85,13419.81 11954.13,0 21644.86,-6008.26 21644.86,-13419.81z"/>
    <path id="_796" class="fil265" d="M-1181.87 35621.11c0,7406.9 -9684.64,13411.37 -21631.25,13411.37 -11946.6,0 -21631.24,-6004.47 -21631.24,-13411.37 0,-7406.9 9684.64,-13411.37 21631.24,-13411.37 11946.61,0 21631.25,6004.47 21631.25,13411.37zm40.81 0c0,-7420.87 -9702.91,-13436.68 -21672.06,-13436.68 -11969.14,0 -21672.05,6015.81 -21672.05,13436.68 0,7420.87 9702.91,13436.68 21672.05,13436.68 11969.15,0 21672.06,-6015.81 21672.06,-13436.68z"/>
    <path id="_797" class="fil265" d="M-1154.66 35621.11c0,7416.21 -9696.82,13428.24 -21658.46,13428.24 -11961.63,0 -21658.45,-6012.03 -21658.45,-13428.24 0,-7416.21 9696.82,-13428.24 21658.45,-13428.24 11961.64,0 21658.46,6012.03 21658.46,13428.24zm40.81 0c0,-7430.19 -9715.09,-13453.55 -21699.27,-13453.55 -11984.17,0 -21699.26,6023.36 -21699.26,13453.55 0,7430.19 9715.09,13453.55 21699.26,13453.55 11984.18,0 21699.27,-6023.36 21699.27,-13453.55z"/>
    <path id="_798" class="fil265" d="M-1127.45 35621.11c0,7425.53 -9709,13445.11 -21685.67,13445.11 -11976.66,0 -21685.66,-6019.58 -21685.66,-13445.11 0,-7425.53 9709,-13445.11 21685.66,-13445.11 11976.67,0 21685.67,6019.58 21685.67,13445.11zm40.81 0c0,-7439.5 -9727.27,-13470.42 -21726.48,-13470.42 -11999.2,0 -21726.47,6030.92 -21726.47,13470.42 0,7439.5 9727.27,13470.42 21726.47,13470.42 11999.21,0 21726.48,-6030.92 21726.48,-13470.42z"/>
    <path id="_799" class="fil265" d="M-1100.24 35621.11c0,7434.85 -9721.19,13461.98 -21712.88,13461.98 -11991.68,0 -21712.87,-6027.13 -21712.87,-13461.98 0,-7434.85 9721.19,-13461.98 21712.87,-13461.98 11991.69,0 21712.88,6027.13 21712.88,13461.98zm40.81 0c0,-7448.82 -9739.46,-13487.28 -21753.69,-13487.28 -12014.22,0 -21753.68,6038.46 -21753.68,13487.28 0,7448.82 9739.46,13487.28 21753.68,13487.28 12014.23,0 21753.69,-6038.46 21753.69,-13487.28z"/>
    <path id="_800" class="fil265" d="M-1073.03 35621.11c0,7444.16 -9733.37,13478.85 -21740.09,13478.85 -12006.71,0 -21740.08,-6034.69 -21740.08,-13478.85 0,-7444.16 9733.37,-13478.85 21740.08,-13478.85 12006.72,0 21740.09,6034.69 21740.09,13478.85zm40.81 0c0,-7458.14 -9751.64,-13504.15 -21780.9,-13504.15 -12029.25,0 -21780.89,6046.01 -21780.89,13504.15 0,7458.14 9751.64,13504.15 21780.89,13504.15 12029.26,0 21780.9,-6046.01 21780.9,-13504.15z"/>
    <path id="_801" class="fil266" d="M-1045.82 35621.11c0,7453.48 -9745.55,13495.72 -21767.3,13495.72 -12021.74,0 -21767.29,-6042.24 -21767.29,-13495.72 0,-7453.48 9745.55,-13495.72 21767.29,-13495.72 12021.75,0 21767.3,6042.24 21767.3,13495.72zm40.81 0c0,-7467.46 -9763.82,-13521.02 -21808.11,-13521.02 -12044.28,0 -21808.1,6053.56 -21808.1,13521.02 0,7467.46 9763.82,13521.02 21808.1,13521.02 12044.29,0 21808.11,-6053.56 21808.11,-13521.02z"/>
    <path id="_802" class="fil266" d="M-1018.61 35621.11c0,7462.8 -9757.73,13512.59 -21794.51,13512.59 -12036.77,0 -21794.5,-6049.79 -21794.5,-13512.59 0,-7462.8 9757.73,-13512.59 21794.5,-13512.59 12036.78,0 21794.51,6049.79 21794.51,13512.59zm40.81 0c0,-7476.77 -9776,-13537.89 -21835.32,-13537.89 -12059.31,0 -21835.31,6061.12 -21835.31,13537.89 0,7476.77 9776,13537.89 21835.31,13537.89 12059.32,0 21835.32,-6061.12 21835.32,-13537.89z"/>
    <path id="_803" class="fil266" d="M-991.41 35621.11c0,7472.11 -9769.91,13529.46 -21821.71,13529.46 -12051.79,0 -21821.7,-6057.35 -21821.7,-13529.46 0,-7472.11 9769.91,-13529.46 21821.7,-13529.46 12051.8,0 21821.71,6057.35 21821.71,13529.46zm40.82 0c0,-7486.09 -9788.19,-13554.76 -21862.53,-13554.76 -12074.33,0 -21862.52,6068.67 -21862.52,13554.76 0,7486.09 9788.19,13554.76 21862.52,13554.76 12074.34,0 21862.53,-6068.67 21862.53,-13554.76z"/>
    <path id="_804" class="fil266" d="M-964.2 35621.11c0,7481.43 -9782.09,13546.33 -21848.92,13546.33 -12066.82,0 -21848.91,-6064.9 -21848.91,-13546.33 0,-7481.43 9782.09,-13546.33 21848.91,-13546.33 12066.83,0 21848.92,6064.9 21848.92,13546.33zm40.82 0c0,-7495.41 -9800.37,-13571.63 -21889.74,-13571.63 -12089.36,0 -21889.73,6076.22 -21889.73,13571.63 0,7495.41 9800.37,13571.63 21889.73,13571.63 12089.37,0 21889.74,-6076.22 21889.74,-13571.63z"/>
    <path id="_805" class="fil266" d="M-936.99 35621.11c0,7490.75 -9794.27,13563.2 -21876.13,13563.2 -12081.85,0 -21876.12,-6072.45 -21876.12,-13563.2 0,-7490.75 9794.27,-13563.2 21876.12,-13563.2 12081.86,0 21876.13,6072.45 21876.13,13563.2zm40.82 0c0,-7504.72 -9812.55,-13588.5 -21916.95,-13588.5 -12104.39,0 -21916.94,6083.78 -21916.94,13588.5 0,7504.72 9812.55,13588.5 21916.94,13588.5 12104.4,0 21916.95,-6083.78 21916.95,-13588.5z"/>
    <path id="_806" class="fil266" d="M-909.78 35621.11c0,7500.06 -9806.46,13580.07 -21903.34,13580.07 -12096.87,0 -21903.33,-6080.01 -21903.33,-13580.07 0,-7500.06 9806.46,-13580.07 21903.33,-13580.07 12096.88,0 21903.34,6080.01 21903.34,13580.07zm40.82 0c0,-7514.04 -9824.74,-13605.37 -21944.16,-13605.37 -12119.41,0 -21944.15,6091.33 -21944.15,13605.37 0,7514.04 9824.74,13605.37 21944.15,13605.37 12119.42,0 21944.16,-6091.33 21944.16,-13605.37z"/>
    <path id="_807" class="fil266" d="M-882.57 35621.11c0,7509.38 -9818.64,13596.94 -21930.55,13596.94 -12111.9,0 -21930.54,-6087.56 -21930.54,-13596.94 0,-7509.38 9818.64,-13596.94 21930.54,-13596.94 12111.91,0 21930.55,6087.56 21930.55,13596.94zm40.81 0c0,-7523.36 -9836.91,-13622.24 -21971.36,-13622.24 -12134.44,0 -21971.35,6098.88 -21971.35,13622.24 0,7523.36 9836.91,13622.24 21971.35,13622.24 12134.45,0 21971.36,-6098.88 21971.36,-13622.24z"/>
    <path id="_808" class="fil266" d="M-855.36 35621.11c0,7518.7 -9830.82,13613.81 -21957.76,13613.81 -12126.93,0 -21957.75,-6095.11 -21957.75,-13613.81 0,-7518.7 9830.82,-13613.81 21957.75,-13613.81 12126.94,0 21957.76,6095.11 21957.76,13613.81zm40.81 0c0,-7532.67 -9849.09,-13639.11 -21998.57,-13639.11 -12149.47,0 -21998.56,6106.44 -21998.56,13639.11 0,7532.67 9849.09,13639.11 21998.56,13639.11 12149.48,0 21998.57,-6106.44 21998.57,-13639.11z"/>
    <path id="_809" class="fil267" d="M-828.15 35621.11c0,7528.01 -9843,13630.68 -21984.97,13630.68 -12141.96,0 -21984.96,-6102.67 -21984.96,-13630.68 0,-7528.01 9843,-13630.68 21984.96,-13630.68 12141.97,0 21984.97,6102.67 21984.97,13630.68zm40.81 0c0,-7541.99 -9861.27,-13655.98 -22025.78,-13655.98 -12164.5,0 -22025.77,6113.99 -22025.77,13655.98 0,7541.99 9861.27,13655.98 22025.77,13655.98 12164.51,0 22025.78,-6113.99 22025.78,-13655.98z"/>
    <path id="_810" class="fil267" d="M-800.94 35621.11c0,7537.33 -9855.19,13647.55 -22012.18,13647.55 -12156.98,0 -22012.17,-6110.22 -22012.17,-13647.55 0,-7537.33 9855.19,-13647.55 22012.17,-13647.55 12156.99,0 22012.18,6110.22 22012.18,13647.55zm40.81 0c0,-7551.31 -9873.46,-13672.85 -22052.99,-13672.85 -12179.52,0 -22052.98,6121.54 -22052.98,13672.85 0,7551.31 9873.46,13672.85 22052.98,13672.85 12179.53,0 22052.99,-6121.54 22052.99,-13672.85z"/>
    <path id="_811" class="fil267" d="M-773.73 35621.11c0,7546.65 -9867.37,13664.42 -22039.39,13664.42 -12172.01,0 -22039.38,-6117.77 -22039.38,-13664.42 0,-7546.65 9867.37,-13664.42 22039.38,-13664.42 12172.02,0 22039.39,6117.77 22039.39,13664.42zm40.81 0c0,-7560.62 -9885.64,-13689.72 -22080.2,-13689.72 -12194.55,0 -22080.19,6129.1 -22080.19,13689.72 0,7560.62 9885.64,13689.72 22080.19,13689.72 12194.56,0 22080.2,-6129.1 22080.2,-13689.72z"/>
    <path id="_812" class="fil267" d="M-746.52 35621.11c0,7555.97 -9879.55,13681.29 -22066.6,13681.29 -12187.04,0 -22066.59,-6125.32 -22066.59,-13681.29 0,-7555.97 9879.55,-13681.29 22066.59,-13681.29 12187.05,0 22066.6,6125.32 22066.6,13681.29zm40.81 0c0,-7569.94 -9897.82,-13706.59 -22107.41,-13706.59 -12209.58,0 -22107.4,6136.65 -22107.4,13706.59 0,7569.94 9897.82,13706.59 22107.4,13706.59 12209.59,0 22107.41,-6136.65 22107.41,-13706.59z"/>
    <path id="_813" class="fil267" d="M-719.31 35621.11c0,7565.28 -9891.74,13698.16 -22093.81,13698.16 -12202.06,0 -22093.8,-6132.88 -22093.8,-13698.16 0,-7565.28 9891.74,-13698.16 22093.8,-13698.16 12202.07,0 22093.81,6132.88 22093.81,13698.16zm40.81 0c0,-7579.26 -9910.01,-13723.46 -22134.62,-13723.46 -12224.6,0 -22134.61,6144.2 -22134.61,13723.46 0,7579.26 9910.01,13723.46 22134.61,13723.46 12224.61,0 22134.62,-6144.2 22134.62,-13723.46z"/>
    <path id="_814" class="fil268" d="M-692.11 35621.11c0,7574.6 -9903.91,13715.03 -22121.01,13715.03 -12217.09,0 -22121,-6140.43 -22121,-13715.03 0,-7574.6 9903.91,-13715.03 22121,-13715.03 12217.1,0 22121.01,6140.43 22121.01,13715.03zm40.82 0c0,-7588.57 -9922.19,-13740.33 -22161.83,-13740.33 -12239.63,0 -22161.82,6151.76 -22161.82,13740.33 0,7588.57 9922.19,13740.33 22161.82,13740.33 12239.64,0 22161.83,-6151.76 22161.83,-13740.33z"/>
    <path id="_815" class="fil269" d="M-664.9 35621.11c0,7583.92 -9916.09,13731.89 -22148.22,13731.89 -12232.12,0 -22148.21,-6147.97 -22148.21,-13731.89 0,-7583.92 9916.09,-13731.89 22148.21,-13731.89 12232.13,0 22148.22,6147.97 22148.22,13731.89zm40.82 0c0,-7597.89 -9934.37,-13757.2 -22189.04,-13757.2 -12254.66,0 -22189.03,6159.31 -22189.03,13757.2 0,7597.89 9934.37,13757.2 22189.03,13757.2 12254.67,0 22189.04,-6159.31 22189.04,-13757.2z"/>
    <path id="_816" class="fil269" d="M-637.69 35621.11c0,7593.23 -9928.27,13748.76 -22175.43,13748.76 -12247.15,0 -22175.42,-6155.53 -22175.42,-13748.76 0,-7593.23 9928.27,-13748.76 22175.42,-13748.76 12247.16,0 22175.43,6155.53 22175.43,13748.76zm40.82 0c0,-7607.21 -9946.55,-13774.07 -22216.25,-13774.07 -12269.69,0 -22216.24,6166.86 -22216.24,13774.07 0,7607.21 9946.55,13774.07 22216.24,13774.07 12269.7,0 22216.25,-6166.86 22216.25,-13774.07z"/>
    <path id="_817" class="fil270" d="M-610.48 35621.11c0,7602.55 -9940.46,13765.63 -22202.64,13765.63 -12262.17,0 -22202.63,-6163.08 -22202.63,-13765.63 0,-7602.55 9940.46,-13765.63 22202.63,-13765.63 12262.18,0 22202.64,6163.08 22202.64,13765.63zm40.82 0c0,-7616.53 -9958.74,-13790.94 -22243.46,-13790.94 -12284.71,0 -22243.45,6174.41 -22243.45,13790.94 0,7616.53 9958.74,13790.94 22243.45,13790.94 12284.72,0 22243.46,-6174.41 22243.46,-13790.94z"/>
    <path id="_818" class="fil270" d="M-583.27 35621.11c0,7611.87 -9952.64,13782.5 -22229.85,13782.5 -12277.2,0 -22229.84,-6170.63 -22229.84,-13782.5 0,-7611.87 9952.64,-13782.5 22229.84,-13782.5 12277.21,0 22229.85,6170.63 22229.85,13782.5zm40.81 0c0,-7625.84 -9970.91,-13807.81 -22270.66,-13807.81 -12299.74,0 -22270.65,6181.97 -22270.65,13807.81 0,7625.84 9970.91,13807.81 22270.65,13807.81 12299.75,0 22270.66,-6181.97 22270.66,-13807.81z"/>
    <path id="_819" class="fil270" d="M-556.06 35621.11c0,7621.18 -9964.82,13799.37 -22257.06,13799.37 -12292.23,0 -22257.05,-6178.19 -22257.05,-13799.37 0,-7621.18 9964.82,-13799.37 22257.05,-13799.37 12292.24,0 22257.06,6178.19 22257.06,13799.37zm40.81 0c0,-7635.16 -9983.09,-13824.68 -22297.87,-13824.68 -12314.77,0 -22297.86,6189.52 -22297.86,13824.68 0,7635.16 9983.09,13824.68 22297.86,13824.68 12314.78,0 22297.87,-6189.52 22297.87,-13824.68z"/>
    <path id="_820" class="fil270" d="M-528.85 35621.11c0,7630.5 -9977.01,13816.24 -22284.27,13816.24 -12307.25,0 -22284.26,-6185.74 -22284.26,-13816.24 0,-7630.5 9977.01,-13816.24 22284.26,-13816.24 12307.26,0 22284.27,6185.74 22284.27,13816.24zm40.81 0c0,-7644.48 -9995.27,-13841.55 -22325.08,-13841.55 -12329.8,0 -22325.07,6197.07 -22325.07,13841.55 0,7644.48 9995.27,13841.55 22325.07,13841.55 12329.81,0 22325.08,-6197.07 22325.08,-13841.55z"/>
    <path id="_821" class="fil270" d="M-501.64 35621.11c0,7639.82 -9989.19,13833.11 -22311.48,13833.11 -12322.28,0 -22311.47,-6193.29 -22311.47,-13833.11 0,-7639.82 9989.19,-13833.11 22311.47,-13833.11 12322.29,0 22311.48,6193.29 22311.48,13833.11zm40.81 0c0,-7653.79 -10007.46,-13858.42 -22352.29,-13858.42 -12344.82,0 -22352.28,6204.63 -22352.28,13858.42 0,7653.79 10007.46,13858.42 22352.28,13858.42 12344.83,0 22352.29,-6204.63 22352.29,-13858.42z"/>
    <path id="_822" class="fil270" d="M-474.43 35621.11c0,7649.13 -10001.37,13849.98 -22338.69,13849.98 -12337.31,0 -22338.68,-6200.85 -22338.68,-13849.98 0,-7649.13 10001.37,-13849.98 22338.68,-13849.98 12337.32,0 22338.69,6200.85 22338.69,13849.98zm40.81 0c0,-7663.11 -10019.64,-13875.29 -22379.5,-13875.29 -12359.85,0 -22379.49,6212.18 -22379.49,13875.29 0,7663.11 10019.64,13875.29 22379.49,13875.29 12359.86,0 22379.5,-6212.18 22379.5,-13875.29z"/>
    <path id="_823" class="fil270" d="M-447.22 35621.11c0,7658.45 -10013.55,13866.85 -22365.9,13866.85 -12352.34,0 -22365.89,-6208.4 -22365.89,-13866.85 0,-7658.45 10013.55,-13866.85 22365.89,-13866.85 12352.35,0 22365.9,6208.4 22365.9,13866.85zm40.81 0c0,-7672.43 -10031.82,-13892.16 -22406.71,-13892.16 -12374.88,0 -22406.7,6219.73 -22406.7,13892.16 0,7672.43 10031.82,13892.16 22406.7,13892.16 12374.89,0 22406.71,-6219.73 22406.71,-13892.16z"/>
    <path id="_824" class="fil270" d="M-420.01 35621.11c0,7667.77 -10025.74,13883.72 -22393.11,13883.72 -12367.36,0 -22393.1,-6215.95 -22393.1,-13883.72 0,-7667.77 10025.74,-13883.72 22393.1,-13883.72 12367.37,0 22393.11,6215.95 22393.11,13883.72zm40.81 0c0,-7681.74 -10044.01,-13909.03 -22433.92,-13909.03 -12389.9,0 -22433.91,6227.29 -22433.91,13909.03 0,7681.74 10044.01,13909.03 22433.91,13909.03 12389.91,0 22433.92,-6227.29 22433.92,-13909.03z"/>
    <path id="_825" class="fil270" d="M-392.8 35621.11c0,7677.08 -10037.92,13900.59 -22420.32,13900.59 -12382.39,0 -22420.31,-6223.51 -22420.31,-13900.59 0,-7677.08 10037.92,-13900.59 22420.31,-13900.59 12382.4,0 22420.32,6223.51 22420.32,13900.59zm40.81 0c0,-7691.06 -10056.19,-13925.9 -22461.13,-13925.9 -12404.93,0 -22461.12,6234.84 -22461.12,13925.9 0,7691.06 10056.19,13925.9 22461.12,13925.9 12404.94,0 22461.13,-6234.84 22461.13,-13925.9z"/>
    <path id="_826" class="fil271" d="M-365.6 35621.11c0,7686.4 -10050.09,13917.46 -22447.52,13917.46 -12397.42,0 -22447.51,-6231.06 -22447.51,-13917.46 0,-7686.4 10050.09,-13917.46 22447.51,-13917.46 12397.43,0 22447.52,6231.06 22447.52,13917.46zm40.82 0c0,-7700.38 -10068.37,-13942.77 -22488.34,-13942.77 -12419.96,0 -22488.33,6242.39 -22488.33,13942.77 0,7700.38 10068.37,13942.77 22488.33,13942.77 12419.97,0 22488.34,-6242.39 22488.34,-13942.77z"/>
    <path id="_827" class="fil271" d="M-338.39 35621.11c0,7695.72 -10062.28,13934.33 -22474.73,13934.33 -12412.44,0 -22474.72,-6238.61 -22474.72,-13934.33 0,-7695.72 10062.28,-13934.33 22474.72,-13934.33 12412.45,0 22474.73,6238.61 22474.73,13934.33zm40.82 0c0,-7709.69 -10080.55,-13959.64 -22515.55,-13959.64 -12434.99,0 -22515.54,6249.95 -22515.54,13959.64 0,7709.69 10080.55,13959.64 22515.54,13959.64 12435,0 22515.55,-6249.95 22515.55,-13959.64z"/>
    <path id="_828" class="fil271" d="M-311.18 35621.11c0,7705.04 -10074.46,13951.2 -22501.94,13951.2 -12427.47,0 -22501.93,-6246.16 -22501.93,-13951.2 0,-7705.04 10074.46,-13951.2 22501.93,-13951.2 12427.48,0 22501.94,6246.16 22501.94,13951.2zm40.82 0c0,-7719.01 -10092.74,-13976.5 -22542.76,-13976.5 -12450.01,0 -22542.75,6257.49 -22542.75,13976.5 0,7719.01 10092.74,13976.5 22542.75,13976.5 12450.02,0 22542.76,-6257.49 22542.76,-13976.5z"/>
    <path id="_829" class="fil272" d="M-283.97 35621.11c0,7714.35 -10086.64,13968.07 -22529.15,13968.07 -12442.5,0 -22529.14,-6253.72 -22529.14,-13968.07 0,-7714.35 10086.64,-13968.07 22529.14,-13968.07 12442.51,0 22529.15,6253.72 22529.15,13968.07zm40.82 0c0,-7728.33 -10104.92,-13993.37 -22569.97,-13993.37 -12465.04,0 -22569.96,6265.04 -22569.96,13993.37 0,7728.33 10104.92,13993.37 22569.96,13993.37 12465.05,0 22569.97,-6265.04 22569.97,-13993.37z"/>
    <path id="_830" class="fil272" d="M-256.76 35621.11c0,7723.67 -10098.82,13984.94 -22556.36,13984.94 -12457.53,0 -22556.35,-6261.27 -22556.35,-13984.94 0,-7723.67 10098.82,-13984.94 22556.35,-13984.94 12457.54,0 22556.36,6261.27 22556.36,13984.94zm40.81 0c0,-7737.64 -10117.09,-14010.24 -22597.17,-14010.24 -12480.07,0 -22597.16,6272.6 -22597.16,14010.24 0,7737.64 10117.09,14010.24 22597.16,14010.24 12480.08,0 22597.17,-6272.6 22597.17,-14010.24z"/>
    <path id="_831" class="fil272" d="M-229.55 35621.11c0,7732.99 -10111.01,14001.81 -22583.57,14001.81 -12472.55,0 -22583.56,-6268.82 -22583.56,-14001.81 0,-7732.99 10111.01,-14001.81 22583.56,-14001.81 12472.56,0 22583.57,6268.82 22583.57,14001.81zm40.81 0c0,-7746.96 -10129.28,-14027.11 -22624.38,-14027.11 -12495.09,0 -22624.37,6280.15 -22624.37,14027.11 0,7746.96 10129.28,14027.11 22624.37,14027.11 12495.1,0 22624.38,-6280.15 22624.38,-14027.11z"/>
    <path id="_832" class="fil272" d="M-202.34 35621.11c0,7742.3 -10123.19,14018.68 -22610.78,14018.68 -12487.58,0 -22610.77,-6276.38 -22610.77,-14018.68 0,-7742.3 10123.19,-14018.68 22610.77,-14018.68 12487.59,0 22610.78,6276.38 22610.78,14018.68zm40.81 0c0,-7756.28 -10141.46,-14043.98 -22651.59,-14043.98 -12510.12,0 -22651.58,6287.7 -22651.58,14043.98 0,7756.28 10141.46,14043.98 22651.58,14043.98 12510.13,0 22651.59,-6287.7 22651.59,-14043.98z"/>
    <path id="_833" class="fil272" d="M-175.13 35621.11c0,7751.62 -10135.37,14035.55 -22637.99,14035.55 -12502.61,0 -22637.98,-6283.93 -22637.98,-14035.55 0,-7751.62 10135.37,-14035.55 22637.98,-14035.55 12502.62,0 22637.99,6283.93 22637.99,14035.55zm40.81 0c0,-7765.59 -10153.64,-14060.85 -22678.8,-14060.85 -12525.15,0 -22678.79,6295.26 -22678.79,14060.85 0,7765.59 10153.64,14060.85 22678.79,14060.85 12525.16,0 22678.8,-6295.26 22678.8,-14060.85z"/>
    <path id="_834" class="fil273" d="M-147.92 35621.11c0,7760.94 -10147.56,14052.42 -22665.2,14052.42 -12517.63,0 -22665.19,-6291.48 -22665.19,-14052.42 0,-7760.94 10147.56,-14052.42 22665.19,-14052.42 12517.64,0 22665.2,6291.48 22665.2,14052.42zm40.81 0c0,-7774.91 -10165.82,-14077.72 -22706.01,-14077.72 -12540.18,0 -22706,6302.81 -22706,14077.72 0,7774.91 10165.82,14077.72 22706,14077.72 12540.19,0 22706.01,-6302.81 22706.01,-14077.72z"/>
    <path id="_835" class="fil273" d="M-120.71 35621.11c0,7770.25 -10159.74,14069.29 -22692.41,14069.29 -12532.66,0 -22692.4,-6299.04 -22692.4,-14069.29 0,-7770.25 10159.74,-14069.29 22692.4,-14069.29 12532.67,0 22692.41,6299.04 22692.41,14069.29zm40.81 0c0,-7784.23 -10178.01,-14094.59 -22733.22,-14094.59 -12555.2,0 -22733.21,6310.36 -22733.21,14094.59 0,7784.23 10178.01,14094.59 22733.21,14094.59 12555.21,0 22733.22,-6310.36 22733.22,-14094.59z"/>
    <path id="_836" class="fil274" d="M-93.5 35621.11c0,7779.57 -10171.92,14086.16 -22719.62,14086.16 -12547.69,0 -22719.61,-6306.59 -22719.61,-14086.16 0,-7779.57 10171.92,-14086.16 22719.61,-14086.16 12547.7,0 22719.62,6306.59 22719.62,14086.16zm40.81 0c0,-7793.55 -10190.19,-14111.46 -22760.43,-14111.46 -12570.23,0 -22760.42,6317.91 -22760.42,14111.46 0,7793.55 10190.19,14111.46 22760.42,14111.46 12570.24,0 22760.43,-6317.91 22760.43,-14111.46z"/>
    <path id="_837" class="fil274" d="M-66.3 35621.11c0,7788.89 -10184.09,14103.03 -22746.82,14103.03 -12562.72,0 -22746.81,-6314.14 -22746.81,-14103.03 0,-7788.89 10184.09,-14103.03 22746.81,-14103.03 12562.73,0 22746.82,6314.14 22746.82,14103.03zm40.82 0c0,-7802.86 -10202.37,-14128.33 -22787.64,-14128.33 -12585.26,0 -22787.63,6325.47 -22787.63,14128.33 0,7802.86 10202.37,14128.33 22787.63,14128.33 12585.27,0 22787.64,-6325.47 22787.64,-14128.33z"/>
    <path id="_838" class="fil274" d="M-39.09 35621.11c0,7798.2 -10196.28,14119.9 -22774.03,14119.9 -12577.74,0 -22774.02,-6321.7 -22774.02,-14119.9 0,-7798.2 10196.28,-14119.9 22774.02,-14119.9 12577.75,0 22774.03,6321.7 22774.03,14119.9zm40.82 0c0,-7812.18 -10214.56,-14145.2 -22814.85,-14145.2 -12600.28,0 -22814.84,6333.02 -22814.84,14145.2 0,7812.18 10214.56,14145.2 22814.84,14145.2 12600.29,0 22814.85,-6333.02 22814.85,-14145.2z"/>
    <path id="_839" class="fil274" d="M-11.88 35621.11c0,7807.52 -10208.46,14136.77 -22801.24,14136.77 -12592.77,0 -22801.23,-6329.25 -22801.23,-14136.77 0,-7807.52 10208.46,-14136.77 22801.23,-14136.77 12592.78,0 22801.24,6329.25 22801.24,14136.77zm40.82 0c0,-7821.5 -10226.74,-14162.07 -22842.06,-14162.07 -12615.31,0 -22842.05,6340.57 -22842.05,14162.07 0,7821.5 10226.74,14162.07 22842.05,14162.07 12615.32,0 22842.06,-6340.57 22842.06,-14162.07z"/>
    <path id="_840" class="fil274" d="M15.33 35621.11c0,7816.84 -10220.64,14153.64 -22828.45,14153.64 -12607.8,0 -22828.44,-6336.8 -22828.44,-14153.64 0,-7816.84 10220.64,-14153.64 22828.44,-14153.64 12607.81,0 22828.45,6336.8 22828.45,14153.64zm40.82 0c0,-7830.81 -10238.92,-14178.94 -22869.27,-14178.94 -12630.34,0 -22869.26,6348.13 -22869.26,14178.94 0,7830.81 10238.92,14178.94 22869.26,14178.94 12630.35,0 22869.27,-6348.13 22869.27,-14178.94z"/>
    <path id="_841" class="fil274" d="M42.54 35621.11c0,7826.15 -10232.82,14170.51 -22855.66,14170.51 -12622.83,0 -22855.65,-6344.36 -22855.65,-14170.51 0,-7826.15 10232.82,-14170.51 22855.65,-14170.51 12622.84,0 22855.66,6344.36 22855.66,14170.51zm40.81 0c0,-7840.13 -10251.09,-14195.81 -22896.47,-14195.81 -12645.37,0 -22896.46,6355.68 -22896.46,14195.81 0,7840.13 10251.09,14195.81 22896.46,14195.81 12645.38,0 22896.47,-6355.68 22896.47,-14195.81z"/>
    <path id="_842" class="fil274" d="M69.75 35621.11c0,7835.47 -10245.01,14187.38 -22882.87,14187.38 -12637.85,0 -22882.86,-6351.91 -22882.86,-14187.38 0,-7835.47 10245.01,-14187.38 22882.86,-14187.38 12637.86,0 22882.87,6351.91 22882.87,14187.38zm40.81 0c0,-7849.45 -10263.28,-14212.68 -22923.68,-14212.68 -12660.39,0 -22923.67,6363.23 -22923.67,14212.68 0,7849.45 10263.28,14212.68 22923.67,14212.68 12660.4,0 22923.68,-6363.23 22923.68,-14212.68z"/>
    <path id="_843" class="fil275" d="M96.96 35621.11c0,7844.79 -10257.19,14204.25 -22910.08,14204.25 -12652.88,0 -22910.07,-6359.46 -22910.07,-14204.25 0,-7844.79 10257.19,-14204.25 22910.07,-14204.25 12652.89,0 22910.08,6359.46 22910.08,14204.25zm40.81 0c0,-7858.76 -10275.46,-14229.55 -22950.89,-14229.55 -12675.42,0 -22950.88,6370.79 -22950.88,14229.55 0,7858.76 10275.46,14229.55 22950.88,14229.55 12675.43,0 22950.89,-6370.79 22950.89,-14229.55z"/>
    <path id="_844" class="fil275" d="M124.17 35621.11c0,7854.1 -10269.37,14221.11 -22937.29,14221.11 -12667.91,0 -22937.28,-6367.01 -22937.28,-14221.11 0,-7854.1 10269.37,-14221.11 22937.28,-14221.11 12667.92,0 22937.29,6367.01 22937.29,14221.11zm40.81 0c0,-7868.08 -10287.64,-14246.42 -22978.1,-14246.42 -12690.45,0 -22978.09,6378.34 -22978.09,14246.42 0,7868.08 10287.64,14246.42 22978.09,14246.42 12690.46,0 22978.1,-6378.34 22978.1,-14246.42z"/>
    <path id="_845" class="fil276" d="M151.38 35621.11c0,7863.42 -10281.56,14237.98 -22964.5,14237.98 -12682.93,0 -22964.49,-6374.56 -22964.49,-14237.98 0,-7863.42 10281.56,-14237.98 22964.49,-14237.98 12682.94,0 22964.5,6374.56 22964.5,14237.98zm40.81 0c0,-7877.4 -10299.83,-14263.29 -23005.31,-14263.29 -12705.47,0 -23005.3,6385.89 -23005.3,14263.29 0,7877.4 10299.83,14263.29 23005.3,14263.29 12705.48,0 23005.31,-6385.89 23005.31,-14263.29z"/>
    <path id="_846" class="fil276" d="M178.59 35621.11c0,7872.74 -10293.74,14254.85 -22991.71,14254.85 -12697.96,0 -22991.7,-6382.11 -22991.7,-14254.85 0,-7872.74 10293.74,-14254.85 22991.7,-14254.85 12697.97,0 22991.71,6382.11 22991.71,14254.85zm40.81 0c0,-7886.71 -10312.01,-14280.16 -23032.52,-14280.16 -12720.5,0 -23032.51,6393.45 -23032.51,14280.16 0,7886.71 10312.01,14280.16 23032.51,14280.16 12720.51,0 23032.52,-6393.45 23032.52,-14280.16z"/>
    <path id="_847" class="fil276" d="M205.8 35621.11c0,7882.06 -10305.92,14271.72 -23018.92,14271.72 -12712.99,0 -23018.91,-6389.66 -23018.91,-14271.72 0,-7882.06 10305.92,-14271.72 23018.91,-14271.72 12713,0 23018.92,6389.66 23018.92,14271.72zm40.81 0c0,-7896.03 -10324.19,-14297.03 -23059.73,-14297.03 -12735.53,0 -23059.72,6401 -23059.72,14297.03 0,7896.03 10324.19,14297.03 23059.72,14297.03 12735.54,0 23059.73,-6401 23059.73,-14297.03z"/>
    <path id="_848" class="fil276" d="M233 35621.11c0,7891.37 -10318.09,14288.59 -23046.12,14288.59 -12728.02,0 -23046.11,-6397.22 -23046.11,-14288.59 0,-7891.37 10318.09,-14288.59 23046.11,-14288.59 12728.03,0 23046.12,6397.22 23046.12,14288.59zm40.82 0c0,-7905.35 -10336.37,-14313.9 -23086.94,-14313.9 -12750.56,0 -23086.93,6408.55 -23086.93,14313.9 0,7905.35 10336.37,14313.9 23086.93,14313.9 12750.57,0 23086.94,-6408.55 23086.94,-14313.9z"/>
    <path id="_849" class="fil276" d="M260.21 35621.11c0,7900.69 -10330.28,14305.46 -23073.33,14305.46 -12743.04,0 -23073.32,-6404.77 -23073.32,-14305.46 0,-7900.69 10330.28,-14305.46 23073.32,-14305.46 12743.05,0 23073.33,6404.77 23073.33,14305.46zm40.82 0c0,-7914.66 -10348.56,-14330.77 -23114.15,-14330.77 -12765.58,0 -23114.14,6416.11 -23114.14,14330.77 0,7914.66 10348.56,14330.77 23114.14,14330.77 12765.59,0 23114.15,-6416.11 23114.15,-14330.77z"/>
    <path id="_850" class="fil276" d="M287.42 35621.11c0,7910.01 -10342.46,14322.33 -23100.54,14322.33 -12758.07,0 -23100.53,-6412.32 -23100.53,-14322.33 0,-7910.01 10342.46,-14322.33 23100.53,-14322.33 12758.08,0 23100.54,6412.32 23100.54,14322.33zm40.82 0c0,-7923.98 -10360.74,-14347.64 -23141.36,-14347.64 -12780.61,0 -23141.35,6423.66 -23141.35,14347.64 0,7923.98 10360.74,14347.64 23141.35,14347.64 12780.62,0 23141.36,-6423.66 23141.36,-14347.64z"/>
    <path id="_851" class="fil276" d="M314.63 35621.11c0,7919.32 -10354.64,14339.2 -23127.75,14339.2 -12773.1,0 -23127.74,-6419.88 -23127.74,-14339.2 0,-7919.32 10354.64,-14339.2 23127.74,-14339.2 12773.11,0 23127.75,6419.88 23127.75,14339.2zm40.82 0c0,-7933.3 -10372.92,-14364.51 -23168.57,-14364.51 -12795.64,0 -23168.56,6431.21 -23168.56,14364.51 0,7933.3 10372.92,14364.51 23168.56,14364.51 12795.65,0 23168.57,-6431.21 23168.57,-14364.51z"/>
    <path id="_852" class="fil277" d="M341.84 35621.11c0,7928.64 -10366.83,14356.07 -23154.96,14356.07 -12788.12,0 -23154.95,-6427.43 -23154.95,-14356.07 0,-7928.64 10366.83,-14356.07 23154.95,-14356.07 12788.13,0 23154.96,6427.43 23154.96,14356.07zm40.81 0c0,-7942.61 -10385.1,-14381.38 -23195.77,-14381.38 -12810.66,0 -23195.76,6438.77 -23195.76,14381.38 0,7942.61 10385.1,14381.38 23195.76,14381.38 12810.67,0 23195.77,-6438.77 23195.77,-14381.38z"/>
    <path id="_853" class="fil277" d="M369.05 35621.11c0,7937.96 -10379.01,14372.94 -23182.17,14372.94 -12803.15,0 -23182.16,-6434.98 -23182.16,-14372.94 0,-7937.96 10379.01,-14372.94 23182.16,-14372.94 12803.16,0 23182.17,6434.98 23182.17,14372.94zm40.81 0c0,-7951.93 -10397.28,-14398.25 -23222.98,-14398.25 -12825.69,0 -23222.97,6446.32 -23222.97,14398.25 0,7951.93 10397.28,14398.25 23222.97,14398.25 12825.7,0 23222.98,-6446.32 23222.98,-14398.25z"/>
    <path id="_854" class="fil277" d="M396.26 35621.11c0,7947.27 -10391.19,14389.81 -23209.38,14389.81 -12818.18,0 -23209.37,-6442.54 -23209.37,-14389.81 0,-7947.27 10391.19,-14389.81 23209.37,-14389.81 12818.19,0 23209.38,6442.54 23209.38,14389.81zm40.81 0c0,-7961.25 -10409.46,-14415.12 -23250.19,-14415.12 -12840.72,0 -23250.18,6453.87 -23250.18,14415.12 0,7961.25 10409.46,14415.12 23250.18,14415.12 12840.73,0 23250.19,-6453.87 23250.19,-14415.12z"/>
    <path id="_855" class="fil277" d="M423.47 35621.11c0,7956.59 -10403.37,14406.68 -23236.59,14406.68 -12833.21,0 -23236.58,-6450.09 -23236.58,-14406.68 0,-7956.59 10403.37,-14406.68 23236.58,-14406.68 12833.22,0 23236.59,6450.09 23236.59,14406.68zm40.81 0c0,-7970.57 -10421.64,-14431.99 -23277.4,-14431.99 -12855.75,0 -23277.39,6461.42 -23277.39,14431.99 0,7970.57 10421.64,14431.99 23277.39,14431.99 12855.76,0 23277.4,-6461.42 23277.4,-14431.99z"/>
    <path id="_856" class="fil277" d="M450.68 35621.11c0,7965.91 -10415.56,14423.55 -23263.8,14423.55 -12848.23,0 -23263.79,-6457.64 -23263.79,-14423.55 0,-7965.91 10415.56,-14423.55 23263.79,-14423.55 12848.24,0 23263.8,6457.64 23263.8,14423.55zm40.81 0c0,-7979.88 -10433.83,-14448.85 -23304.61,-14448.85 -12870.77,0 -23304.6,6468.97 -23304.6,14448.85 0,7979.88 10433.83,14448.85 23304.6,14448.85 12870.78,0 23304.61,-6468.97 23304.61,-14448.85z"/>
    <path id="_857" class="fil277" d="M477.89 35621.11c0,7975.22 -10427.74,14440.42 -23291.01,14440.42 -12863.26,0 -23291,-6465.2 -23291,-14440.42 0,-7975.22 10427.74,-14440.42 23291,-14440.42 12863.27,0 23291.01,6465.2 23291.01,14440.42zm40.81 0c0,-7989.2 -10446.01,-14465.72 -23331.82,-14465.72 -12885.8,0 -23331.81,6476.52 -23331.81,14465.72 0,7989.2 10446.01,14465.72 23331.81,14465.72 12885.81,0 23331.82,-6476.52 23331.82,-14465.72z"/>
    <path id="_858" class="fil277" d="M505.1 35621.11c0,7984.54 -10439.92,14457.29 -23318.22,14457.29 -12878.29,0 -23318.21,-6472.75 -23318.21,-14457.29 0,-7984.54 10439.92,-14457.29 23318.21,-14457.29 12878.3,0 23318.22,6472.75 23318.22,14457.29zm40.81 0c0,-7998.52 -10458.19,-14482.59 -23359.03,-14482.59 -12900.83,0 -23359.02,6484.07 -23359.02,14482.59 0,7998.52 10458.19,14482.59 23359.02,14482.59 12900.84,0 23359.03,-6484.07 23359.03,-14482.59z"/>
    <path id="_859" class="fil278" d="M532.3 35621.11c0,7993.86 -10452.1,14474.16 -23345.42,14474.16 -12893.31,0 -23345.41,-6480.3 -23345.41,-14474.16 0,-7993.86 10452.1,-14474.16 23345.41,-14474.16 12893.32,0 23345.42,6480.3 23345.42,14474.16zm40.82 0c0,-8007.83 -10470.37,-14499.46 -23386.24,-14499.46 -12915.86,0 -23386.23,6491.63 -23386.23,14499.46 0,8007.83 10470.37,14499.46 23386.23,14499.46 12915.87,0 23386.24,-6491.63 23386.24,-14499.46z"/>
    <path id="_860" class="fil278" d="M559.51 35621.11c0,8003.17 -10464.28,14491.03 -23372.63,14491.03 -12908.34,0 -23372.62,-6487.86 -23372.62,-14491.03 0,-8003.17 10464.28,-14491.03 23372.62,-14491.03 12908.35,0 23372.63,6487.86 23372.63,14491.03zm40.82 0c0,-8017.15 -10482.56,-14516.33 -23413.45,-14516.33 -12930.88,0 -23413.44,6499.18 -23413.44,14516.33 0,8017.15 10482.56,14516.33 23413.44,14516.33 12930.89,0 23413.45,-6499.18 23413.45,-14516.33z"/>
    <path id="_861" class="fil279" d="M586.72 35621.11c0,8012.49 -10476.46,14507.9 -23399.84,14507.9 -12923.37,0 -23399.83,-6495.41 -23399.83,-14507.9 0,-8012.49 10476.46,-14507.9 23399.83,-14507.9 12923.38,0 23399.84,6495.41 23399.84,14507.9zm40.82 0c0,-8026.47 -10494.74,-14533.2 -23440.66,-14533.2 -12945.91,0 -23440.65,6506.73 -23440.65,14533.2 0,8026.47 10494.74,14533.2 23440.65,14533.2 12945.92,0 23440.66,-6506.73 23440.66,-14533.2z"/>
    <path id="_862" class="fil280" d="M613.93 35621.11c0,8021.81 -10488.64,14524.77 -23427.05,14524.77 -12938.4,0 -23427.04,-6502.96 -23427.04,-14524.77 0,-8021.81 10488.64,-14524.77 23427.04,-14524.77 12938.41,0 23427.05,6502.96 23427.05,14524.77zm40.82 0c0,-8035.78 -10506.92,-14550.07 -23467.87,-14550.07 -12960.94,0 -23467.86,6514.29 -23467.86,14550.07 0,8035.78 10506.92,14550.07 23467.86,14550.07 12960.95,0 23467.87,-6514.29 23467.87,-14550.07z"/>
    <path id="_863" class="fil280" d="M641.14 35621.11c0,8031.12 -10500.83,14541.64 -23454.26,14541.64 -12953.42,0 -23454.25,-6510.52 -23454.25,-14541.64 0,-8031.12 10500.83,-14541.64 23454.25,-14541.64 12953.43,0 23454.26,6510.52 23454.26,14541.64zm40.82 0c0,-8045.1 -10519.11,-14566.94 -23495.08,-14566.94 -12975.96,0 -23495.07,6521.84 -23495.07,14566.94 0,8045.1 10519.11,14566.94 23495.07,14566.94 12975.97,0 23495.08,-6521.84 23495.08,-14566.94z"/>
    <path id="_864" class="fil280" d="M668.35 35621.11c0,8040.44 -10513.01,14558.51 -23481.47,14558.51 -12968.45,0 -23481.46,-6518.07 -23481.46,-14558.51 0,-8040.44 10513.01,-14558.51 23481.46,-14558.51 12968.46,0 23481.47,6518.07 23481.47,14558.51zm40.81 0c0,-8054.42 -10531.28,-14583.81 -23522.28,-14583.81 -12990.99,0 -23522.27,6529.39 -23522.27,14583.81 0,8054.42 10531.28,14583.81 23522.27,14583.81 12991,0 23522.28,-6529.39 23522.28,-14583.81z"/>
    <path id="_865" class="fil280" d="M695.56 35621.11c0,8049.76 -10525.19,14575.38 -23508.68,14575.38 -12983.48,0 -23508.67,-6525.62 -23508.67,-14575.38 0,-8049.76 10525.19,-14575.38 23508.67,-14575.38 12983.49,0 23508.68,6525.62 23508.68,14575.38zm40.81 0c0,-8063.73 -10543.46,-14600.68 -23549.49,-14600.68 -13006.02,0 -23549.48,6536.95 -23549.48,14600.68 0,8063.73 10543.46,14600.68 23549.48,14600.68 13006.03,0 23549.49,-6536.95 23549.49,-14600.68z"/>
    <path id="_866" class="fil280" d="M722.77 35621.11c0,8059.08 -10537.38,14592.25 -23535.89,14592.25 -12998.5,0 -23535.88,-6533.17 -23535.88,-14592.25 0,-8059.08 10537.38,-14592.25 23535.88,-14592.25 12998.51,0 23535.89,6533.17 23535.89,14592.25zm40.81 0c0,-8073.05 -10555.64,-14617.55 -23576.7,-14617.55 -13021.05,0 -23576.69,6544.5 -23576.69,14617.55 0,8073.05 10555.64,14617.55 23576.69,14617.55 13021.06,0 23576.7,-6544.5 23576.7,-14617.55z"/>
    <path id="_867" class="fil280" d="M749.98 35621.11c0,8068.39 -10549.56,14609.12 -23563.1,14609.12 -13013.53,0 -23563.09,-6540.73 -23563.09,-14609.12 0,-8068.39 10549.56,-14609.12 23563.09,-14609.12 13013.54,0 23563.1,6540.73 23563.1,14609.12zm40.81 0c0,-8082.37 -10567.83,-14634.42 -23603.91,-14634.42 -13036.07,0 -23603.9,6552.05 -23603.9,14634.42 0,8082.37 10567.83,14634.42 23603.9,14634.42 13036.08,0 23603.91,-6552.05 23603.91,-14634.42z"/>
    <path id="_868" class="fil280" d="M777.19 35621.11c0,8077.71 -10561.74,14625.99 -23590.31,14625.99 -13028.56,0 -23590.3,-6548.28 -23590.3,-14625.99 0,-8077.71 10561.74,-14625.99 23590.3,-14625.99 13028.57,0 23590.31,6548.28 23590.31,14625.99zm40.81 0c0,-8091.68 -10580.01,-14651.29 -23631.12,-14651.29 -13051.1,0 -23631.11,6559.61 -23631.11,14651.29 0,8091.68 10580.01,14651.29 23631.11,14651.29 13051.11,0 23631.12,-6559.61 23631.12,-14651.29z"/>
    <path id="_869" class="fil280" d="M804.4 35621.11c0,8087.03 -10573.92,14642.86 -23617.52,14642.86 -13043.59,0 -23617.51,-6555.83 -23617.51,-14642.86 0,-8087.03 10573.92,-14642.86 23617.51,-14642.86 13043.6,0 23617.52,6555.83 23617.52,14642.86zm40.81 0c0,-8101 -10592.19,-14668.16 -23658.33,-14668.16 -13066.13,0 -23658.32,6567.16 -23658.32,14668.16 0,8101 10592.19,14668.16 23658.32,14668.16 13066.14,0 23658.33,-6567.16 23658.33,-14668.16z"/>
    <path id="_870" class="fil281" d="M831.61 35621.11c0,8096.34 -10586.11,14659.73 -23644.73,14659.73 -13058.61,0 -23644.72,-6563.39 -23644.72,-14659.73 0,-8096.34 10586.11,-14659.73 23644.72,-14659.73 13058.62,0 23644.73,6563.39 23644.73,14659.73zm40.81 0c0,-8110.32 -10604.38,-14685.03 -23685.54,-14685.03 -13081.15,0 -23685.53,6574.71 -23685.53,14685.03 0,8110.32 10604.38,14685.03 23685.53,14685.03 13081.16,0 23685.54,-6574.71 23685.54,-14685.03z"/>
    <path id="_871" class="fil281" d="M858.81 35621.11c0,8105.66 -10598.28,14676.6 -23671.93,14676.6 -13073.64,0 -23671.92,-6570.94 -23671.92,-14676.6 0,-8105.66 10598.28,-14676.6 23671.92,-14676.6 13073.65,0 23671.93,6570.94 23671.93,14676.6zm40.82 0c0,-8119.63 -10616.56,-14701.9 -23712.75,-14701.9 -13096.18,0 -23712.74,6582.27 -23712.74,14701.9 0,8119.63 10616.56,14701.9 23712.74,14701.9 13096.19,0 23712.75,-6582.27 23712.75,-14701.9z"/>
    <path id="_872" class="fil281" d="M886.02 35621.11c0,8114.98 -10610.46,14693.46 -23699.14,14693.46 -13088.67,0 -23699.13,-6578.48 -23699.13,-14693.46 0,-8114.98 10610.46,-14693.46 23699.13,-14693.46 13088.68,0 23699.14,6578.48 23699.14,14693.46zm40.82 0c0,-8128.95 -10628.74,-14718.77 -23739.96,-14718.77 -13111.21,0 -23739.95,6589.82 -23739.95,14718.77 0,8128.95 10628.74,14718.77 23739.95,14718.77 13111.22,0 23739.96,-6589.82 23739.96,-14718.77z"/>
    <path id="_873" class="fil281" d="M913.23 35621.11c0,8124.29 -10622.65,14710.33 -23726.35,14710.33 -13103.69,0 -23726.34,-6586.04 -23726.34,-14710.33 0,-8124.29 10622.65,-14710.33 23726.34,-14710.33 13103.7,0 23726.35,6586.04 23726.35,14710.33zm40.82 0c0,-8138.27 -10640.92,-14735.64 -23767.17,-14735.64 -13126.24,0 -23767.16,6597.37 -23767.16,14735.64 0,8138.27 10640.92,14735.64 23767.16,14735.64 13126.25,0 23767.17,-6597.37 23767.17,-14735.64z"/>
    <path id="_874" class="fil281" d="M940.44 35621.11c0,8133.61 -10634.83,14727.2 -23753.56,14727.2 -13118.72,0 -23753.55,-6593.59 -23753.55,-14727.2 0,-8133.61 10634.83,-14727.2 23753.55,-14727.2 13118.73,0 23753.56,6593.59 23753.56,14727.2zm40.82 0c0,-8147.59 -10653.11,-14752.51 -23794.38,-14752.51 -13141.26,0 -23794.37,6604.92 -23794.37,14752.51 0,8147.59 10653.11,14752.51 23794.37,14752.51 13141.27,0 23794.38,-6604.92 23794.38,-14752.51z"/>
    <path id="_875" class="fil281" d="M967.65 35621.11c0,8142.93 -10647.01,14744.07 -23780.77,14744.07 -13133.75,0 -23780.76,-6601.14 -23780.76,-14744.07 0,-8142.93 10647.01,-14744.07 23780.76,-14744.07 13133.76,0 23780.77,6601.14 23780.77,14744.07zm40.81 0c0,-8156.9 -10665.28,-14769.38 -23821.58,-14769.38 -13156.29,0 -23821.57,6612.48 -23821.57,14769.38 0,8156.9 10665.28,14769.38 23821.57,14769.38 13156.3,0 23821.58,-6612.48 23821.58,-14769.38z"/>
    <path id="_876" class="fil281" d="M994.86 35621.11c0,8152.24 -10659.19,14760.94 -23807.98,14760.94 -13148.78,0 -23807.97,-6608.7 -23807.97,-14760.94 0,-8152.24 10659.19,-14760.94 23807.97,-14760.94 13148.79,0 23807.98,6608.7 23807.98,14760.94zm40.81 0c0,-8166.22 -10677.46,-14786.25 -23848.79,-14786.25 -13171.32,0 -23848.78,6620.03 -23848.78,14786.25 0,8166.22 10677.46,14786.25 23848.78,14786.25 13171.33,0 23848.79,-6620.03 23848.79,-14786.25z"/>
    <path id="_877" class="fil281" d="M1022.07 35621.11c0,8161.56 -10671.38,14777.81 -23835.19,14777.81 -13163.8,0 -23835.18,-6616.25 -23835.18,-14777.81 0,-8161.56 10671.38,-14777.81 23835.18,-14777.81 13163.81,0 23835.19,6616.25 23835.19,14777.81zm40.81 0c0,-8175.54 -10689.65,-14803.12 -23876,-14803.12 -13186.34,0 -23875.99,6627.58 -23875.99,14803.12 0,8175.54 10689.65,14803.12 23875.99,14803.12 13186.35,0 23876,-6627.58 23876,-14803.12z"/>
    <path id="_878" class="fil281" d="M1049.28 35621.11c0,8170.88 -10683.56,14794.68 -23862.4,14794.68 -13178.83,0 -23862.39,-6623.8 -23862.39,-14794.68 0,-8170.88 10683.56,-14794.68 23862.39,-14794.68 13178.84,0 23862.4,6623.8 23862.4,14794.68zm40.81 0c0,-8184.85 -10701.83,-14819.99 -23903.21,-14819.99 -13201.37,0 -23903.2,6635.14 -23903.2,14819.99 0,8184.85 10701.83,14819.99 23903.2,14819.99 13201.38,0 23903.21,-6635.14 23903.21,-14819.99z"/>
    <path id="_879" class="fil282" d="M1076.49 35621.11c0,8180.19 -10695.74,14811.55 -23889.61,14811.55 -13193.86,0 -23889.6,-6631.36 -23889.6,-14811.55 0,-8180.19 10695.74,-14811.55 23889.6,-14811.55 13193.87,0 23889.61,6631.36 23889.61,14811.55zm40.81 0c0,-8194.17 -10714.01,-14836.86 -23930.42,-14836.86 -13216.4,0 -23930.41,6642.69 -23930.41,14836.86 0,8194.17 10714.01,14836.86 23930.41,14836.86 13216.41,0 23930.42,-6642.69 23930.42,-14836.86z"/>
    <path id="_880" class="fil282" d="M1103.7 35621.11c0,8189.51 -10707.92,14828.42 -23916.82,14828.42 -13208.89,0 -23916.81,-6638.91 -23916.81,-14828.42 0,-8189.51 10707.92,-14828.42 23916.81,-14828.42 13208.9,0 23916.82,6638.91 23916.82,14828.42zm40.81 0c0,-8203.49 -10726.19,-14853.73 -23957.63,-14853.73 -13231.43,0 -23957.62,6650.24 -23957.62,14853.73 0,8203.49 10726.19,14853.73 23957.62,14853.73 13231.44,0 23957.63,-6650.24 23957.63,-14853.73z"/>
    <path id="_881" class="fil283" d="M1130.91 35621.11c0,8198.83 -10720.11,14845.29 -23944.03,14845.29 -13223.91,0 -23944.02,-6646.46 -23944.02,-14845.29 0,-8198.83 10720.11,-14845.29 23944.02,-14845.29 13223.92,0 23944.03,6646.46 23944.03,14845.29zm40.81 0c0,-8212.8 -10738.38,-14870.6 -23984.84,-14870.6 -13246.45,0 -23984.83,6657.8 -23984.83,14870.6 0,8212.8 10738.38,14870.6 23984.83,14870.6 13246.46,0 23984.84,-6657.8 23984.84,-14870.6z"/>
    <path id="_882" class="fil283" d="M1158.11 35621.11c0,8208.15 -10732.28,14862.16 -23971.23,14862.16 -13238.94,0 -23971.22,-6654.01 -23971.22,-14862.16 0,-8208.15 10732.28,-14862.16 23971.22,-14862.16 13238.95,0 23971.23,6654.01 23971.23,14862.16zm40.82 0c0,-8222.12 -10750.56,-14887.47 -24012.05,-14887.47 -13261.48,0 -24012.04,6665.35 -24012.04,14887.47 0,8222.12 10750.56,14887.47 24012.04,14887.47 13261.49,0 24012.05,-6665.35 24012.05,-14887.47z"/>
    <path id="_883" class="fil283" d="M1185.32 35621.11c0,8217.46 -10744.46,14879.03 -23998.44,14879.03 -13253.97,0 -23998.43,-6661.57 -23998.43,-14879.03 0,-8217.46 10744.46,-14879.03 23998.43,-14879.03 13253.98,0 23998.44,6661.57 23998.44,14879.03zm40.82 0c0,-8231.44 -10762.74,-14904.34 -24039.26,-14904.34 -13276.51,0 -24039.25,6672.9 -24039.25,14904.34 0,8231.44 10762.74,14904.34 24039.25,14904.34 13276.52,0 24039.26,-6672.9 24039.26,-14904.34z"/>
    <path id="_884" class="fil283" d="M1212.53 35621.11c0,8226.78 -10756.65,14895.9 -24025.65,14895.9 -13268.99,0 -24025.64,-6669.12 -24025.64,-14895.9 0,-8226.78 10756.65,-14895.9 24025.64,-14895.9 13269,0 24025.65,6669.12 24025.65,14895.9zm40.82 0c0,-8240.75 -10774.93,-14921.21 -24066.47,-14921.21 -13291.53,0 -24066.46,6680.46 -24066.46,14921.21 0,8240.75 10774.93,14921.21 24066.46,14921.21 13291.54,0 24066.47,-6680.46 24066.47,-14921.21z"/>
    <path id="_885" class="fil283" d="M1239.74 35621.11c0,8236.1 -10768.83,14912.77 -24052.86,14912.77 -13284.02,0 -24052.85,-6676.67 -24052.85,-14912.77 0,-8236.1 10768.83,-14912.77 24052.85,-14912.77 13284.03,0 24052.86,6676.67 24052.86,14912.77zm40.82 0c0,-8250.07 -10787.11,-14938.07 -24093.68,-14938.07 -13306.56,0 -24093.67,6688 -24093.67,14938.07 0,8250.07 10787.11,14938.07 24093.67,14938.07 13306.57,0 24093.68,-6688 24093.68,-14938.07z"/>
    <path id="_886" class="fil283" d="M1266.95 35621.11c0,8245.41 -10781.01,14929.64 -24080.07,14929.64 -13299.05,0 -24080.06,-6684.23 -24080.06,-14929.64 0,-8245.41 10781.01,-14929.64 24080.06,-14929.64 13299.06,0 24080.07,6684.23 24080.07,14929.64zm40.81 0c0,-8259.39 -10799.28,-14954.94 -24120.88,-14954.94 -13321.59,0 -24120.87,6695.55 -24120.87,14954.94 0,8259.39 10799.28,14954.94 24120.87,14954.94 13321.6,0 24120.88,-6695.55 24120.88,-14954.94z"/>
    <path id="_887" class="fil283" d="M1294.16 35621.11c0,8254.73 -10793.19,14946.51 -24107.28,14946.51 -13314.08,0 -24107.27,-6691.78 -24107.27,-14946.51 0,-8254.73 10793.19,-14946.51 24107.27,-14946.51 13314.09,0 24107.28,6691.78 24107.28,14946.51zm40.81 0c0,-8268.7 -10811.46,-14971.81 -24148.09,-14971.81 -13336.62,0 -24148.08,6703.11 -24148.08,14971.81 0,8268.7 10811.46,14971.81 24148.08,14971.81 13336.63,0 24148.09,-6703.11 24148.09,-14971.81z"/>
    <path id="_888" class="fil284" d="M1321.37 35621.11c0,8264.05 -10805.38,14963.38 -24134.49,14963.38 -13329.1,0 -24134.48,-6699.33 -24134.48,-14963.38 0,-8264.05 10805.38,-14963.38 24134.48,-14963.38 13329.11,0 24134.49,6699.33 24134.49,14963.38zm40.81 0c0,-8278.02 -10823.65,-14988.68 -24175.3,-14988.68 -13351.64,0 -24175.29,6710.66 -24175.29,14988.68 0,8278.02 10823.65,14988.68 24175.29,14988.68 13351.65,0 24175.3,-6710.66 24175.3,-14988.68z"/>
    <path id="_889" class="fil285" d="M1348.58 35621.11c0,8273.36 -10817.56,14980.25 -24161.7,14980.25 -13344.13,0 -24161.69,-6706.89 -24161.69,-14980.25 0,-8273.36 10817.56,-14980.25 24161.69,-14980.25 13344.14,0 24161.7,6706.89 24161.7,14980.25zm40.81 0c0,-8287.34 -10835.83,-15005.55 -24202.51,-15005.55 -13366.67,0 -24202.5,6718.21 -24202.5,15005.55 0,8287.34 10835.83,15005.55 24202.5,15005.55 13366.68,0 24202.51,-6718.21 24202.51,-15005.55z"/>
    <path id="_890" class="fil285" d="M1375.79 35621.11c0,8282.68 -10829.74,14997.12 -24188.91,14997.12 -13359.16,0 -24188.9,-6714.44 -24188.9,-14997.12 0,-8282.68 10829.74,-14997.12 24188.9,-14997.12 13359.17,0 24188.91,6714.44 24188.91,14997.12zm40.81 0c0,-8296.66 -10848.01,-15022.42 -24229.72,-15022.42 -13381.7,0 -24229.71,6725.76 -24229.71,15022.42 0,8296.66 10848.01,15022.42 24229.71,15022.42 13381.71,0 24229.72,-6725.76 24229.72,-15022.42z"/>
    <path id="_891" class="fil285" d="M1403 35621.11c0,8292 -10841.93,15013.99 -24216.12,15013.99 -13374.18,0 -24216.11,-6721.99 -24216.11,-15013.99 0,-8292 10841.93,-15013.99 24216.11,-15013.99 13374.19,0 24216.12,6721.99 24216.12,15013.99zm40.81 0c0,-8305.97 -10860.2,-15039.29 -24256.93,-15039.29 -13396.72,0 -24256.92,6733.32 -24256.92,15039.29 0,8305.97 10860.2,15039.29 24256.92,15039.29 13396.73,0 24256.93,-6733.32 24256.93,-15039.29z"/>
    <path id="_892" class="fil285" d="M1430.21 35621.11c0,8301.31 -10854.11,15030.86 -24243.33,15030.86 -13389.21,0 -24243.32,-6729.55 -24243.32,-15030.86 0,-8301.31 10854.11,-15030.86 24243.32,-15030.86 13389.22,0 24243.33,6729.55 24243.33,15030.86zm40.81 0c0,-8315.29 -10872.38,-15056.16 -24284.14,-15056.16 -13411.75,0 -24284.13,6740.87 -24284.13,15056.16 0,8315.29 10872.38,15056.16 24284.13,15056.16 13411.76,0 24284.14,-6740.87 24284.14,-15056.16z"/>
    <path id="_893" class="fil285" d="M1457.41 35621.11c0,8310.63 -10866.28,15047.73 -24270.53,15047.73 -13404.24,0 -24270.52,-6737.1 -24270.52,-15047.73 0,-8310.63 10866.28,-15047.73 24270.52,-15047.73 13404.25,0 24270.53,6737.1 24270.53,15047.73zm40.82 0c0,-8324.61 -10884.56,-15073.03 -24311.35,-15073.03 -13426.78,0 -24311.34,6748.42 -24311.34,15073.03 0,8324.61 10884.56,15073.03 24311.34,15073.03 13426.79,0 24311.35,-6748.42 24311.35,-15073.03z"/>
    <path id="_894" class="fil285" d="M1484.62 35621.11c0,8319.95 -10878.46,15064.6 -24297.74,15064.6 -13419.27,0 -24297.73,-6744.65 -24297.73,-15064.6 0,-8319.95 10878.46,-15064.6 24297.73,-15064.6 13419.28,0 24297.74,6744.65 24297.74,15064.6zm40.82 0c0,-8333.92 -10896.74,-15089.9 -24338.56,-15089.9 -13441.81,0 -24338.55,6755.98 -24338.55,15089.9 0,8333.92 10896.74,15089.9 24338.55,15089.9 13441.82,0 24338.56,-6755.98 24338.56,-15089.9z"/>
    <path id="_895" class="fil285" d="M1511.83 35621.11c0,8329.26 -10890.65,15081.47 -24324.95,15081.47 -13434.29,0 -24324.94,-6752.21 -24324.94,-15081.47 0,-8329.26 10890.65,-15081.47 24324.94,-15081.47 13434.3,0 24324.95,6752.21 24324.95,15081.47zm40.82 0c0,-8343.24 -10908.93,-15106.77 -24365.77,-15106.77 -13456.83,0 -24365.76,6763.53 -24365.76,15106.77 0,8343.24 10908.93,15106.77 24365.76,15106.77 13456.84,0 24365.77,-6763.53 24365.77,-15106.77z"/>
    <path id="_896" class="fil285" d="M1539.04 35621.11c0,8338.58 -10902.83,15098.34 -24352.16,15098.34 -13449.32,0 -24352.15,-6759.76 -24352.15,-15098.34 0,-8338.58 10902.83,-15098.34 24352.15,-15098.34 13449.33,0 24352.16,6759.76 24352.16,15098.34zm40.82 0c0,-8352.56 -10921.11,-15123.64 -24392.98,-15123.64 -13471.86,0 -24392.97,6771.08 -24392.97,15123.64 0,8352.56 10921.11,15123.64 24392.97,15123.64 13471.87,0 24392.98,-6771.08 24392.98,-15123.64z"/>
    <path id="_897" class="fil285" d="M1566.25 35621.11c0,8347.9 -10915.01,15115.21 -24379.37,15115.21 -13464.35,0 -24379.36,-6767.31 -24379.36,-15115.21 0,-8347.9 10915.01,-15115.21 24379.36,-15115.21 13464.36,0 24379.37,6767.31 24379.37,15115.21zm40.81 0c0,-8361.87 -10933.28,-15140.51 -24420.18,-15140.51 -13486.89,0 -24420.17,6778.64 -24420.17,15140.51 0,8361.87 10933.28,15140.51 24420.17,15140.51 13486.9,0 24420.18,-6778.64 24420.18,-15140.51z"/>
    <path id="_898" class="fil285" d="M1593.46 35621.11c0,8357.21 -10927.2,15132.08 -24406.58,15132.08 -13479.37,0 -24406.57,-6774.87 -24406.57,-15132.08 0,-8357.21 10927.2,-15132.08 24406.57,-15132.08 13479.38,0 24406.58,6774.87 24406.58,15132.08zm40.81 0c0,-8371.19 -10945.46,-15157.38 -24447.39,-15157.38 -13501.92,0 -24447.38,6786.19 -24447.38,15157.38 0,8371.19 10945.46,15157.38 24447.38,15157.38 13501.93,0 24447.39,-6786.19 24447.39,-15157.38z"/>
    <path id="_899" class="fil285" d="M1620.67 35621.11c0,8366.53 -10939.38,15148.95 -24433.79,15148.95 -13494.4,0 -24433.78,-6782.42 -24433.78,-15148.95 0,-8366.53 10939.38,-15148.95 24433.78,-15148.95 13494.41,0 24433.79,6782.42 24433.79,15148.95zm40.81 0c0,-8380.51 -10957.65,-15174.25 -24474.6,-15174.25 -13516.94,0 -24474.59,6793.74 -24474.59,15174.25 0,8380.51 10957.65,15174.25 24474.59,15174.25 13516.95,0 24474.6,-6793.74 24474.6,-15174.25z"/>
    <path id="_900" class="fil286" d="M1647.88 35621.11c0,8375.85 -10951.56,15165.82 -24461,15165.82 -13509.43,0 -24460.99,-6789.97 -24460.99,-15165.82 0,-8375.85 10951.56,-15165.82 24460.99,-15165.82 13509.44,0 24461,6789.97 24461,15165.82zm40.81 0c0,-8389.82 -10969.83,-15191.12 -24501.81,-15191.12 -13531.97,0 -24501.8,6801.3 -24501.8,15191.12 0,8389.82 10969.83,15191.12 24501.8,15191.12 13531.98,0 24501.81,-6801.3 24501.81,-15191.12z"/>
    <path id="_901" class="fil286" d="M1675.09 35621.11c0,8385.17 -10963.74,15182.68 -24488.21,15182.68 -13524.46,0 -24488.2,-6797.51 -24488.2,-15182.68 0,-8385.17 10963.74,-15182.68 24488.2,-15182.68 13524.47,0 24488.21,6797.51 24488.21,15182.68zm40.81 0c0,-8399.14 -10982.01,-15207.99 -24529.02,-15207.99 -13547,0 -24529.01,6808.85 -24529.01,15207.99 0,8399.14 10982.01,15207.99 24529.01,15207.99 13547.01,0 24529.02,-6808.85 24529.02,-15207.99z"/>
    <path id="_902" class="fil286" d="M1702.3 35621.11c0,8394.48 -10975.93,15199.55 -24515.42,15199.55 -13539.48,0 -24515.41,-6805.07 -24515.41,-15199.55 0,-8394.48 10975.93,-15199.55 24515.41,-15199.55 13539.49,0 24515.42,6805.07 24515.42,15199.55zm40.81 0c0,-8408.46 -10994.2,-15224.86 -24556.23,-15224.86 -13562.02,0 -24556.22,6816.4 -24556.22,15224.86 0,8408.46 10994.2,15224.86 24556.22,15224.86 13562.03,0 24556.23,-6816.4 24556.23,-15224.86z"/>
    <path id="_903" class="fil286" d="M1729.51 35621.11c0,8403.8 -10988.11,15216.42 -24542.63,15216.42 -13554.51,0 -24542.62,-6812.62 -24542.62,-15216.42 0,-8403.8 10988.11,-15216.42 24542.62,-15216.42 13554.52,0 24542.63,6812.62 24542.63,15216.42zm40.81 0c0,-8417.77 -11006.38,-15241.73 -24583.44,-15241.73 -13577.05,0 -24583.43,6823.96 -24583.43,15241.73 0,8417.77 11006.38,15241.73 24583.43,15241.73 13577.06,0 24583.44,-6823.96 24583.44,-15241.73z"/>
    <path id="_904" class="fil287" d="M1756.72 35621.11c0,8413.12 -11000.29,15233.29 -24569.84,15233.29 -13569.54,0 -24569.83,-6820.17 -24569.83,-15233.29 0,-8413.12 11000.29,-15233.29 24569.83,-15233.29 13569.55,0 24569.84,6820.17 24569.84,15233.29zm40.81 0c0,-8427.09 -11018.56,-15258.6 -24610.65,-15258.6 -13592.08,0 -24610.64,6831.51 -24610.64,15258.6 0,8427.09 11018.56,15258.6 24610.64,15258.6 13592.09,0 24610.65,-6831.51 24610.65,-15258.6z"/>
    <path id="_905" class="fil287" d="M1783.92 35621.11c0,8422.43 -11012.47,15250.16 -24597.04,15250.16 -13584.56,0 -24597.03,-6827.73 -24597.03,-15250.16 0,-8422.43 11012.47,-15250.16 24597.03,-15250.16 13584.57,0 24597.04,6827.73 24597.04,15250.16zm40.82 0c0,-8436.41 -11030.74,-15275.47 -24637.86,-15275.47 -13607.11,0 -24637.85,6839.06 -24637.85,15275.47 0,8436.41 11030.74,15275.47 24637.85,15275.47 13607.12,0 24637.86,-6839.06 24637.86,-15275.47z"/>
    <path id="_906" class="fil287" d="M1811.13 35621.11c0,8431.75 -11024.65,15267.03 -24624.25,15267.03 -13599.59,0 -24624.24,-6835.28 -24624.24,-15267.03 0,-8431.75 11024.65,-15267.03 24624.24,-15267.03 13599.6,0 24624.25,6835.28 24624.25,15267.03zm40.82 0c0,-8445.72 -11042.93,-15292.34 -24665.07,-15292.34 -13622.13,0 -24665.06,6846.62 -24665.06,15292.34 0,8445.72 11042.93,15292.34 24665.06,15292.34 13622.14,0 24665.07,-6846.62 24665.07,-15292.34z"/>
    <path id="_907" class="fil287" d="M1838.34 35621.11c0,8441.07 -11036.83,15283.9 -24651.46,15283.9 -13614.62,0 -24651.45,-6842.83 -24651.45,-15283.9 0,-8441.07 11036.83,-15283.9 24651.45,-15283.9 13614.63,0 24651.46,6842.83 24651.46,15283.9zm40.82 0c0,-8455.04 -11055.11,-15309.21 -24692.28,-15309.21 -13637.16,0 -24692.27,6854.17 -24692.27,15309.21 0,8455.04 11055.11,15309.21 24692.27,15309.21 13637.17,0 24692.28,-6854.17 24692.28,-15309.21z"/>
    <path id="_908" class="fil287" d="M1865.55 35621.11c0,8450.38 -11049.01,15300.77 -24678.67,15300.77 -13629.65,0 -24678.66,-6850.39 -24678.66,-15300.77 0,-8450.38 11049.01,-15300.77 24678.66,-15300.77 13629.66,0 24678.67,6850.39 24678.67,15300.77zm40.82 0c0,-8464.36 -11067.29,-15326.08 -24719.49,-15326.08 -13652.19,0 -24719.48,6861.72 -24719.48,15326.08 0,8464.36 11067.29,15326.08 24719.48,15326.08 13652.2,0 24719.49,-6861.72 24719.49,-15326.08z"/>
    <path id="_909" class="fil287" d="M1892.76 35621.11c0,8459.7 -11061.2,15317.64 -24705.88,15317.64 -13644.67,0 -24705.87,-6857.94 -24705.87,-15317.64 0,-8459.7 11061.2,-15317.64 24705.87,-15317.64 13644.68,0 24705.88,6857.94 24705.88,15317.64zm40.81 0c0,-8473.68 -11079.47,-15342.95 -24746.69,-15342.95 -13667.21,0 -24746.68,6869.27 -24746.68,15342.95 0,8473.68 11079.47,15342.95 24746.68,15342.95 13667.22,0 24746.69,-6869.27 24746.69,-15342.95z"/>
    <path id="_910" class="fil287" d="M1919.97 35621.11c0,8469.02 -11073.38,15334.51 -24733.09,15334.51 -13659.7,0 -24733.08,-6865.49 -24733.08,-15334.51 0,-8469.02 11073.38,-15334.51 24733.08,-15334.51 13659.71,0 24733.09,6865.49 24733.09,15334.51zm40.81 0c0,-8482.99 -11091.65,-15359.82 -24773.9,-15359.82 -13682.24,0 -24773.89,6876.83 -24773.89,15359.82 0,8482.99 11091.65,15359.82 24773.89,15359.82 13682.25,0 24773.9,-6876.83 24773.9,-15359.82z"/>
    <path id="_911" class="fil288" d="M1947.18 35621.11c0,8478.33 -11085.56,15351.38 -24760.3,15351.38 -13674.73,0 -24760.29,-6873.05 -24760.29,-15351.38 0,-8478.33 11085.56,-15351.38 24760.29,-15351.38 13674.74,0 24760.3,6873.05 24760.3,15351.38zm40.81 0c0,-8492.31 -11103.83,-15376.69 -24801.11,-15376.69 -13697.27,0 -24801.1,6884.38 -24801.1,15376.69 0,8492.31 11103.83,15376.69 24801.1,15376.69 13697.28,0 24801.11,-6884.38 24801.11,-15376.69z"/>
    <path id="_912" class="fil288" d="M1974.39 35621.11c0,8487.65 -11097.75,15368.25 -24787.51,15368.25 -13689.75,0 -24787.5,-6880.6 -24787.5,-15368.25 0,-8487.65 11097.75,-15368.25 24787.5,-15368.25 13689.76,0 24787.51,6880.6 24787.51,15368.25zm40.81 0c0,-8501.63 -11116.01,-15393.56 -24828.32,-15393.56 -13712.3,0 -24828.31,6891.93 -24828.31,15393.56 0,8501.63 11116.01,15393.56 24828.31,15393.56 13712.31,0 24828.32,-6891.93 24828.32,-15393.56z"/>
    <path id="_913" class="fil288" d="M2001.6 35621.11c0,8496.97 -11109.93,15385.12 -24814.72,15385.12 -13704.78,0 -24814.71,-6888.15 -24814.71,-15385.12 0,-8496.97 11109.93,-15385.12 24814.71,-15385.12 13704.79,0 24814.72,6888.15 24814.72,15385.12zm40.81 0c0,-8510.94 -11128.2,-15410.42 -24855.53,-15410.42 -13727.32,0 -24855.52,6899.48 -24855.52,15410.42 0,8510.94 11128.2,15410.42 24855.52,15410.42 13727.33,0 24855.53,-6899.48 24855.53,-15410.42z"/>
    <path id="_914" class="fil288" d="M2028.81 35621.11c0,8506.28 -11122.11,15401.99 -24841.93,15401.99 -13719.81,0 -24841.92,-6895.71 -24841.92,-15401.99 0,-8506.28 11122.11,-15401.99 24841.92,-15401.99 13719.82,0 24841.93,6895.71 24841.93,15401.99zm40.81 0c0,-8520.26 -11140.38,-15427.29 -24882.74,-15427.29 -13742.35,0 -24882.73,6907.03 -24882.73,15427.29 0,8520.26 11140.38,15427.29 24882.73,15427.29 13742.36,0 24882.74,-6907.03 24882.74,-15427.29z"/>
    <path id="_915" class="fil288" d="M2056.02 35621.11c0,8515.6 -11134.29,15418.86 -24869.14,15418.86 -13734.84,0 -24869.13,-6903.26 -24869.13,-15418.86 0,-8515.6 11134.29,-15418.86 24869.13,-15418.86 13734.85,0 24869.14,6903.26 24869.14,15418.86zm40.81 0c0,-8529.58 -11152.56,-15444.16 -24909.95,-15444.16 -13757.38,0 -24909.94,6914.58 -24909.94,15444.16 0,8529.58 11152.56,15444.16 24909.94,15444.16 13757.39,0 24909.95,-6914.58 24909.95,-15444.16z"/>
    <path id="_916" class="fil288" d="M2083.22 35621.11c0,8524.92 -11146.47,15435.73 -24896.34,15435.73 -13749.86,0 -24896.33,-6910.81 -24896.33,-15435.73 0,-8524.92 11146.47,-15435.73 24896.33,-15435.73 13749.87,0 24896.34,6910.81 24896.34,15435.73zm40.82 0c0,-8538.89 -11164.75,-15461.03 -24937.16,-15461.03 -13772.4,0 -24937.15,6922.14 -24937.15,15461.03 0,8538.89 11164.75,15461.03 24937.15,15461.03 13772.41,0 24937.16,-6922.14 24937.16,-15461.03z"/>
    <path id="_917" class="fil288" d="M2110.43 35621.11c0,8534.23 -11158.65,15452.6 -24923.55,15452.6 -13764.89,0 -24923.54,-6918.37 -24923.54,-15452.6 0,-8534.23 11158.65,-15452.6 24923.54,-15452.6 13764.9,0 24923.55,6918.37 24923.55,15452.6zm40.82 0c0,-8548.21 -11176.93,-15477.9 -24964.37,-15477.9 -13787.43,0 -24964.36,6929.69 -24964.36,15477.9 0,8548.21 11176.93,15477.9 24964.36,15477.9 13787.44,0 24964.37,-6929.69 24964.37,-15477.9z"/>
    <path id="_918" class="fil288" d="M2137.64 35621.11c0,8543.55 -11170.83,15469.47 -24950.76,15469.47 -13779.92,0 -24950.75,-6925.92 -24950.75,-15469.47 0,-8543.55 11170.83,-15469.47 24950.75,-15469.47 13779.93,0 24950.76,6925.92 24950.76,15469.47zm40.82 0c0,-8557.53 -11189.11,-15494.77 -24991.58,-15494.77 -13802.46,0 -24991.57,6937.24 -24991.57,15494.77 0,8557.53 11189.11,15494.77 24991.57,15494.77 13802.47,0 24991.58,-6937.24 24991.58,-15494.77z"/>
    <path id="_919" class="fil288" d="M2164.85 35621.11c0,8552.87 -11183.01,15486.34 -24977.97,15486.34 -13794.95,0 -24977.96,-6933.47 -24977.96,-15486.34 0,-8552.87 11183.01,-15486.34 24977.96,-15486.34 13794.96,0 24977.97,6933.47 24977.97,15486.34zm40.82 0c0,-8566.84 -11201.29,-15511.64 -25018.79,-15511.64 -13817.49,0 -25018.78,6944.8 -25018.78,15511.64 0,8566.84 11201.29,15511.64 25018.78,15511.64 13817.5,0 25018.79,-6944.8 25018.79,-15511.64z"/>
    <path id="_920" class="fil288" d="M2192.06 35621.11c0,8562.19 -11195.2,15503.21 -25005.18,15503.21 -13809.97,0 -25005.17,-6941.02 -25005.17,-15503.21 0,-8562.19 11195.2,-15503.21 25005.17,-15503.21 13809.98,0 25005.18,6941.02 25005.18,15503.21zm40.81 0c0,-8576.16 -11213.47,-15528.51 -25045.99,-15528.51 -13832.51,0 -25045.98,6952.35 -25045.98,15528.51 0,8576.16 11213.47,15528.51 25045.98,15528.51 13832.52,0 25045.99,-6952.35 25045.99,-15528.51z"/>
    <path id="_921" class="fil288" d="M2219.27 35621.11c0,8571.5 -11207.38,15520.08 -25032.39,15520.08 -13825,0 -25032.38,-6948.58 -25032.38,-15520.08 0,-8571.5 11207.38,-15520.08 25032.38,-15520.08 13825.01,0 25032.39,6948.58 25032.39,15520.08zm40.81 0c0,-8585.48 -11225.65,-15545.38 -25073.2,-15545.38 -13847.54,0 -25073.19,6959.9 -25073.19,15545.38 0,8585.48 11225.65,15545.38 25073.19,15545.38 13847.55,0 25073.2,-6959.9 25073.2,-15545.38z"/>
    <path id="_922" class="fil289" d="M2246.48 35621.11c0,8580.82 -11219.56,15536.95 -25059.6,15536.95 -13840.03,0 -25059.59,-6956.13 -25059.59,-15536.95 0,-8580.82 11219.56,-15536.95 25059.59,-15536.95 13840.04,0 25059.6,6956.13 25059.6,15536.95zm40.81 0c0,-8594.79 -11237.83,-15562.25 -25100.41,-15562.25 -13862.57,0 -25100.4,6967.46 -25100.4,15562.25 0,8594.79 11237.83,15562.25 25100.4,15562.25 13862.58,0 25100.41,-6967.46 25100.41,-15562.25z"/>
    <path id="_923" class="fil289" d="M2273.69 35621.11c0,8590.14 -11231.75,15553.82 -25086.81,15553.82 -13855.05,0 -25086.8,-6963.68 -25086.8,-15553.82 0,-8590.14 11231.75,-15553.82 25086.8,-15553.82 13855.06,0 25086.81,6963.68 25086.81,15553.82zm40.81 0c0,-8604.11 -11250.02,-15579.12 -25127.62,-15579.12 -13877.59,0 -25127.61,6975.01 -25127.61,15579.12 0,8604.11 11250.02,15579.12 25127.61,15579.12 13877.6,0 25127.62,-6975.01 25127.62,-15579.12z"/>
    <path id="_924" class="fil289" d="M2300.9 35621.11c0,8599.45 -11243.93,15570.69 -25114.02,15570.69 -13870.08,0 -25114.01,-6971.24 -25114.01,-15570.69 0,-8599.45 11243.93,-15570.69 25114.01,-15570.69 13870.09,0 25114.02,6971.24 25114.02,15570.69zm40.81 0c0,-8613.43 -11262.2,-15595.99 -25154.83,-15595.99 -13892.62,0 -25154.82,6982.56 -25154.82,15595.99 0,8613.43 11262.2,15595.99 25154.82,15595.99 13892.63,0 25154.83,-6982.56 25154.83,-15595.99z"/>
    <path id="_925" class="fil289" d="M2328.11 35621.11c0,8608.77 -11256.11,15587.56 -25141.23,15587.56 -13885.11,0 -25141.22,-6978.79 -25141.22,-15587.56 0,-8608.77 11256.11,-15587.56 25141.22,-15587.56 13885.12,0 25141.23,6978.79 25141.23,15587.56zm40.81 0c0,-8622.74 -11274.38,-15612.86 -25182.04,-15612.86 -13907.65,0 -25182.03,6990.12 -25182.03,15612.86 0,8622.74 11274.38,15612.86 25182.03,15612.86 13907.66,0 25182.04,-6990.12 25182.04,-15612.86z"/>
    <path id="_926" class="fil289" d="M2355.32 35621.11c0,8618.09 -11268.29,15604.43 -25168.44,15604.43 -13900.14,0 -25168.43,-6986.34 -25168.43,-15604.43 0,-8618.09 11268.29,-15604.43 25168.43,-15604.43 13900.15,0 25168.44,6986.34 25168.44,15604.43zm40.81 0c0,-8632.06 -11286.56,-15629.73 -25209.25,-15629.73 -13922.68,0 -25209.24,6997.67 -25209.24,15629.73 0,8632.06 11286.56,15629.73 25209.24,15629.73 13922.69,0 25209.25,-6997.67 25209.25,-15629.73z"/>
    <path id="_927" class="fil289" d="M2382.52 35621.11c0,8627.4 -11280.47,15621.3 -25195.64,15621.3 -13915.16,0 -25195.63,-6993.9 -25195.63,-15621.3 0,-8627.4 11280.47,-15621.3 25195.63,-15621.3 13915.17,0 25195.64,6993.9 25195.64,15621.3zm40.82 0c0,-8641.38 -11298.75,-15646.6 -25236.46,-15646.6 -13937.7,0 -25236.45,7005.22 -25236.45,15646.6 0,8641.38 11298.75,15646.6 25236.45,15646.6 13937.71,0 25236.46,-7005.22 25236.46,-15646.6z"/>
    <path id="_928" class="fil290" d="M2409.73 35621.11c0,8636.72 -11292.65,15638.17 -25222.85,15638.17 -13930.19,0 -25222.84,-7001.45 -25222.84,-15638.17 0,-8636.72 11292.65,-15638.17 25222.84,-15638.17 13930.2,0 25222.85,7001.45 25222.85,15638.17zm40.82 0c0,-8650.7 -11310.93,-15663.47 -25263.67,-15663.47 -13952.73,0 -25263.66,7012.77 -25263.66,15663.47 0,8650.7 11310.93,15663.47 25263.66,15663.47 13952.74,0 25263.67,-7012.77 25263.67,-15663.47z"/>
    <path id="_929" class="fil290" d="M2436.94 35621.11c0,8646.04 -11304.83,15655.03 -25250.06,15655.03 -13945.22,0 -25250.05,-7008.99 -25250.05,-15655.03 0,-8646.04 11304.83,-15655.03 25250.05,-15655.03 13945.23,0 25250.06,7008.99 25250.06,15655.03zm40.82 0c0,-8660.01 -11323.11,-15680.34 -25290.88,-15680.34 -13967.76,0 -25290.87,7020.33 -25290.87,15680.34 0,8660.01 11323.11,15680.34 25290.87,15680.34 13967.77,0 25290.88,-7020.33 25290.88,-15680.34z"/>
    <path id="_930" class="fil290" d="M2464.15 35621.11c0,8655.35 -11317.02,15671.9 -25277.27,15671.9 -13960.24,0 -25277.26,-7016.55 -25277.26,-15671.9 0,-8655.35 11317.02,-15671.9 25277.26,-15671.9 13960.25,0 25277.27,7016.55 25277.27,15671.9zm40.82 0c0,-8669.33 -11335.3,-15697.21 -25318.09,-15697.21 -13982.78,0 -25318.08,7027.88 -25318.08,15697.21 0,8669.33 11335.3,15697.21 25318.08,15697.21 13982.79,0 25318.09,-7027.88 25318.09,-15697.21z"/>
    <path id="_931" class="fil290" d="M2491.36 35621.11c0,8664.67 -11329.2,15688.77 -25304.48,15688.77 -13975.27,0 -25304.47,-7024.1 -25304.47,-15688.77 0,-8664.67 11329.2,-15688.77 25304.47,-15688.77 13975.28,0 25304.48,7024.1 25304.48,15688.77zm40.81 0c0,-8678.65 -11347.47,-15714.08 -25345.29,-15714.08 -13997.81,0 -25345.28,7035.43 -25345.28,15714.08 0,8678.65 11347.47,15714.08 25345.28,15714.08 13997.82,0 25345.29,-7035.43 25345.29,-15714.08z"/>
    <path id="_932" class="fil290" d="M2518.57 35621.11c0,8673.99 -11341.38,15705.64 -25331.69,15705.64 -13990.3,0 -25331.68,-7031.65 -25331.68,-15705.64 0,-8673.99 11341.38,-15705.64 25331.68,-15705.64 13990.31,0 25331.69,7031.65 25331.69,15705.64zm40.81 0c0,-8687.96 -11359.65,-15730.95 -25372.5,-15730.95 -14012.84,0 -25372.49,7042.99 -25372.49,15730.95 0,8687.96 11359.65,15730.95 25372.49,15730.95 14012.85,0 25372.5,-7042.99 25372.5,-15730.95z"/>
    <path id="_933" class="fil290" d="M2545.78 35621.11c0,8683.3 -11353.56,15722.51 -25358.9,15722.51 -14005.33,0 -25358.89,-7039.21 -25358.89,-15722.51 0,-8683.3 11353.56,-15722.51 25358.89,-15722.51 14005.34,0 25358.9,7039.21 25358.9,15722.51zm40.81 0c0,-8697.28 -11371.83,-15747.82 -25399.71,-15747.82 -14027.87,0 -25399.7,7050.54 -25399.7,15747.82 0,8697.28 11371.83,15747.82 25399.7,15747.82 14027.88,0 25399.71,-7050.54 25399.71,-15747.82z"/>
    <path id="_934" class="fil290" d="M2572.99 35621.11c0,8692.62 -11365.75,15739.38 -25386.11,15739.38 -14020.35,0 -25386.1,-7046.76 -25386.1,-15739.38 0,-8692.62 11365.75,-15739.38 25386.1,-15739.38 14020.36,0 25386.11,7046.76 25386.11,15739.38zm40.81 0c0,-8706.6 -11384.02,-15764.69 -25426.92,-15764.69 -14042.89,0 -25426.91,7058.09 -25426.91,15764.69 0,8706.6 11384.02,15764.69 25426.91,15764.69 14042.9,0 25426.92,-7058.09 25426.92,-15764.69z"/>
    <path id="_935" class="fil290" d="M2600.2 35621.11c0,8701.94 -11377.93,15756.25 -25413.32,15756.25 -14035.38,0 -25413.31,-7054.31 -25413.31,-15756.25 0,-8701.94 11377.93,-15756.25 25413.31,-15756.25 14035.39,0 25413.32,7054.31 25413.32,15756.25zm40.81 0c0,-8715.91 -11396.2,-15781.56 -25454.13,-15781.56 -14057.92,0 -25454.12,7065.65 -25454.12,15781.56 0,8715.91 11396.2,15781.56 25454.12,15781.56 14057.93,0 25454.13,-7065.65 25454.13,-15781.56z"/>
    <path id="_936" class="fil291" d="M2627.41 35621.11c0,8711.25 -11390.11,15773.12 -25440.53,15773.12 -14050.41,0 -25440.52,-7061.87 -25440.52,-15773.12 0,-8711.25 11390.11,-15773.12 25440.52,-15773.12 14050.42,0 25440.53,7061.87 25440.53,15773.12zm40.81 0c0,-8725.23 -11408.38,-15798.43 -25481.34,-15798.43 -14072.95,0 -25481.33,7073.2 -25481.33,15798.43 0,8725.23 11408.38,15798.43 25481.33,15798.43 14072.96,0 25481.34,-7073.2 25481.34,-15798.43z"/>
    <path id="_937" class="fil291" d="M2654.62 35621.11c0,8720.57 -11402.3,15789.99 -25467.74,15789.99 -14065.43,0 -25467.73,-7069.42 -25467.73,-15789.99 0,-8720.57 11402.3,-15789.99 25467.73,-15789.99 14065.44,0 25467.74,7069.42 25467.74,15789.99zm40.81 0c0,-8734.55 -11420.56,-15815.3 -25508.55,-15815.3 -14087.98,0 -25508.54,7080.75 -25508.54,15815.3 0,8734.55 11420.56,15815.3 25508.54,15815.3 14087.99,0 25508.55,-7080.75 25508.55,-15815.3z"/>
    <path id="_938" class="fil292" d="M2681.82 35621.11c0,8729.89 -11414.47,15806.86 -25494.94,15806.86 -14080.46,0 -25494.93,-7076.97 -25494.93,-15806.86 0,-8729.89 11414.47,-15806.86 25494.93,-15806.86 14080.47,0 25494.94,7076.97 25494.94,15806.86zm40.82 0c0,-8743.86 -11432.75,-15832.17 -25535.76,-15832.17 -14103,0 -25535.75,7088.31 -25535.75,15832.17 0,8743.86 11432.75,15832.17 25535.75,15832.17 14103.01,0 25535.76,-7088.31 25535.76,-15832.17z"/>
    <path id="_939" class="fil292" d="M2709.03 35621.11c0,8739.21 -11426.65,15823.73 -25522.15,15823.73 -14095.49,0 -25522.14,-7084.52 -25522.14,-15823.73 0,-8739.21 11426.65,-15823.73 25522.14,-15823.73 14095.5,0 25522.15,7084.52 25522.15,15823.73zm40.82 0c0,-8753.18 -11444.93,-15849.04 -25562.97,-15849.04 -14118.03,0 -25562.96,7095.86 -25562.96,15849.04 0,8753.18 11444.93,15849.04 25562.96,15849.04 14118.04,0 25562.97,-7095.86 25562.97,-15849.04z"/>
    <path id="_940" class="fil292" d="M2736.24 35621.11c0,8748.52 -11438.83,15840.6 -25549.36,15840.6 -14110.52,0 -25549.35,-7092.08 -25549.35,-15840.6 0,-8748.52 11438.83,-15840.6 25549.35,-15840.6 14110.53,0 25549.36,7092.08 25549.36,15840.6zm40.82 0c0,-8762.5 -11457.11,-15865.91 -25590.18,-15865.91 -14133.06,0 -25590.17,7103.41 -25590.17,15865.91 0,8762.5 11457.11,15865.91 25590.17,15865.91 14133.07,0 25590.18,-7103.41 25590.18,-15865.91z"/>
    <path id="_941" class="fil292" d="M2763.45 35621.11c0,8757.84 -11451.02,15857.47 -25576.57,15857.47 -14125.54,0 -25576.56,-7099.63 -25576.56,-15857.47 0,-8757.84 11451.02,-15857.47 25576.56,-15857.47 14125.55,0 25576.57,7099.63 25576.57,15857.47zm40.82 0c0,-8771.81 -11469.3,-15882.78 -25617.39,-15882.78 -14148.08,0 -25617.38,7110.97 -25617.38,15882.78 0,8771.81 11469.3,15882.78 25617.38,15882.78 14148.09,0 25617.39,-7110.97 25617.39,-15882.78z"/>
    <path id="_942" class="fil292" d="M2790.66 35621.11c0,8767.16 -11463.2,15874.34 -25603.78,15874.34 -14140.57,0 -25603.77,-7107.18 -25603.77,-15874.34 0,-8767.16 11463.2,-15874.34 25603.77,-15874.34 14140.58,0 25603.78,7107.18 25603.78,15874.34zm40.82 0c0,-8781.13 -11481.48,-15899.64 -25644.6,-15899.64 -14163.11,0 -25644.59,7118.51 -25644.59,15899.64 0,8781.13 11481.48,15899.64 25644.59,15899.64 14163.12,0 25644.6,-7118.51 25644.6,-15899.64z"/>
    <path id="_943" class="fil292" d="M2817.87 35621.11c0,8776.47 -11475.38,15891.21 -25630.99,15891.21 -14155.6,0 -25630.98,-7114.74 -25630.98,-15891.21 0,-8776.47 11475.38,-15891.21 25630.98,-15891.21 14155.61,0 25630.99,7114.74 25630.99,15891.21zm40.81 0c0,-8790.45 -11493.65,-15916.51 -25671.8,-15916.51 -14178.14,0 -25671.79,7126.06 -25671.79,15916.51 0,8790.45 11493.65,15916.51 25671.79,15916.51 14178.15,0 25671.8,-7126.06 25671.8,-15916.51z"/>
    <path id="_944" class="fil292" d="M2845.08 35621.11c0,8785.79 -11487.57,15908.08 -25658.2,15908.08 -14170.62,0 -25658.19,-7122.29 -25658.19,-15908.08 0,-8785.79 11487.57,-15908.08 25658.19,-15908.08 14170.63,0 25658.2,7122.29 25658.2,15908.08zm40.81 0c0,-8799.77 -11505.83,-15933.38 -25699.01,-15933.38 -14193.17,0 -25699,7133.61 -25699,15933.38 0,8799.77 11505.83,15933.38 25699,15933.38 14193.18,0 25699.01,-7133.61 25699.01,-15933.38z"/>
    <path id="_945" class="fil292" d="M2872.29 35621.11c0,8795.11 -11499.75,15924.95 -25685.41,15924.95 -14185.65,0 -25685.4,-7129.84 -25685.4,-15924.95 0,-8795.11 11499.75,-15924.95 25685.4,-15924.95 14185.66,0 25685.41,7129.84 25685.41,15924.95zm40.81 0c0,-8809.08 -11518.02,-15950.25 -25726.22,-15950.25 -14208.19,0 -25726.21,7141.17 -25726.21,15950.25 0,8809.08 11518.02,15950.25 25726.21,15950.25 14208.2,0 25726.22,-7141.17 25726.22,-15950.25z"/>
    <path id="_946" class="fil292" d="M2899.5 35621.11c0,8804.42 -11511.93,15941.82 -25712.62,15941.82 -14200.68,0 -25712.61,-7137.4 -25712.61,-15941.82 0,-8804.42 11511.93,-15941.82 25712.61,-15941.82 14200.69,0 25712.62,7137.4 25712.62,15941.82zm40.81 0c0,-8818.4 -11530.2,-15967.12 -25753.43,-15967.12 -14223.22,0 -25753.42,7148.72 -25753.42,15967.12 0,8818.4 11530.2,15967.12 25753.42,15967.12 14223.23,0 25753.43,-7148.72 25753.43,-15967.12z"/>
    <path id="_947" class="fil292" d="M2926.71 35621.11c0,8813.74 -11524.11,15958.69 -25739.83,15958.69 -14215.71,0 -25739.82,-7144.95 -25739.82,-15958.69 0,-8813.74 11524.11,-15958.69 25739.82,-15958.69 14215.72,0 25739.83,7144.95 25739.83,15958.69zm40.81 0c0,-8827.72 -11542.38,-15983.99 -25780.64,-15983.99 -14238.25,0 -25780.63,7156.27 -25780.63,15983.99 0,8827.72 11542.38,15983.99 25780.63,15983.99 14238.26,0 25780.64,-7156.27 25780.64,-15983.99z"/>
    <path id="_948" class="fil292" d="M2953.92 35621.11c0,8823.06 -11536.3,15975.56 -25767.04,15975.56 -14230.73,0 -25767.03,-7152.5 -25767.03,-15975.56 0,-8823.06 11536.3,-15975.56 25767.03,-15975.56 14230.74,0 25767.04,7152.5 25767.04,15975.56zm40.81 0c0,-8837.03 -11554.57,-16000.86 -25807.85,-16000.86 -14253.27,0 -25807.84,7163.83 -25807.84,16000.86 0,8837.03 11554.57,16000.86 25807.84,16000.86 14253.28,0 25807.85,-7163.83 25807.85,-16000.86z"/>
    <path id="_949" class="fil292" d="M2981.13 35621.11c0,8832.37 -11548.48,15992.43 -25794.25,15992.43 -14245.76,0 -25794.24,-7160.06 -25794.24,-15992.43 0,-8832.37 11548.48,-15992.43 25794.24,-15992.43 14245.77,0 25794.25,7160.06 25794.25,15992.43zm40.81 0c0,-8846.35 -11566.75,-16017.73 -25835.06,-16017.73 -14268.3,0 -25835.05,7171.38 -25835.05,16017.73 0,8846.35 11566.75,16017.73 25835.05,16017.73 14268.31,0 25835.06,-7171.38 25835.06,-16017.73z"/>
    <path id="_950" class="fil292" d="M3008.33 35621.11c0,8841.69 -11560.65,16009.3 -25821.45,16009.3 -14260.79,0 -25821.44,-7167.61 -25821.44,-16009.3 0,-8841.69 11560.65,-16009.3 25821.44,-16009.3 14260.8,0 25821.45,7167.61 25821.45,16009.3zm40.82 0c0,-8855.67 -11578.93,-16034.6 -25862.27,-16034.6 -14283.33,0 -25862.26,7178.93 -25862.26,16034.6 0,8855.67 11578.93,16034.6 25862.26,16034.6 14283.34,0 25862.27,-7178.93 25862.27,-16034.6z"/>
    <path id="_951" class="fil293" d="M3035.54 35621.11c0,8851.01 -11572.84,16026.17 -25848.66,16026.17 -14275.81,0 -25848.65,-7175.16 -25848.65,-16026.17 0,-8851.01 11572.84,-16026.17 25848.65,-16026.17 14275.82,0 25848.66,7175.16 25848.66,16026.17zm40.82 0c0,-8864.98 -11591.11,-16051.47 -25889.48,-16051.47 -14298.36,0 -25889.47,7186.49 -25889.47,16051.47 0,8864.98 11591.11,16051.47 25889.47,16051.47 14298.37,0 25889.48,-7186.49 25889.48,-16051.47z"/>
    <path id="_952" class="fil293" d="M3062.75 35621.11c0,8860.32 -11585.02,16043.04 -25875.87,16043.04 -14290.84,0 -25875.86,-7182.72 -25875.86,-16043.04 0,-8860.32 11585.02,-16043.04 25875.86,-16043.04 14290.85,0 25875.87,7182.72 25875.87,16043.04zm40.82 0c0,-8874.3 -11603.3,-16068.34 -25916.69,-16068.34 -14313.38,0 -25916.68,7194.04 -25916.68,16068.34 0,8874.3 11603.3,16068.34 25916.68,16068.34 14313.39,0 25916.69,-7194.04 25916.69,-16068.34z"/>
    <path id="_953" class="fil293" d="M3089.96 35621.11c0,8869.64 -11597.2,16059.91 -25903.08,16059.91 -14305.87,0 -25903.07,-7190.27 -25903.07,-16059.91 0,-8869.64 11597.2,-16059.91 25903.07,-16059.91 14305.88,0 25903.08,7190.27 25903.08,16059.91zm40.82 0c0,-8883.62 -11615.48,-16085.21 -25943.9,-16085.21 -14328.41,0 -25943.89,7201.59 -25943.89,16085.21 0,8883.62 11615.48,16085.21 25943.89,16085.21 14328.42,0 25943.9,-7201.59 25943.9,-16085.21z"/>
    <path id="_954" class="fil293" d="M3117.17 35621.11c0,8878.96 -11609.38,16076.78 -25930.29,16076.78 -14320.9,0 -25930.28,-7197.82 -25930.28,-16076.78 0,-8878.96 11609.38,-16076.78 25930.28,-16076.78 14320.91,0 25930.29,7197.82 25930.29,16076.78zm40.81 0c0,-8892.93 -11627.65,-16102.08 -25971.1,-16102.08 -14343.44,0 -25971.09,7209.15 -25971.09,16102.08 0,8892.93 11627.65,16102.08 25971.09,16102.08 14343.45,0 25971.1,-7209.15 25971.1,-16102.08z"/>
    <path id="_955" class="fil293" d="M3144.38 35621.11c0,8888.28 -11621.57,16093.65 -25957.5,16093.65 -14335.92,0 -25957.49,-7205.37 -25957.49,-16093.65 0,-8888.28 11621.57,-16093.65 25957.49,-16093.65 14335.93,0 25957.5,7205.37 25957.5,16093.65zm40.81 0c0,-8902.25 -11639.84,-16118.95 -25998.31,-16118.95 -14358.46,0 -25998.3,7216.7 -25998.3,16118.95 0,8902.25 11639.84,16118.95 25998.3,16118.95 14358.47,0 25998.31,-7216.7 25998.31,-16118.95z"/>
    <path id="_956" class="fil293" d="M3171.59 35621.11c0,8897.59 -11633.75,16110.52 -25984.71,16110.52 -14350.95,0 -25984.7,-7212.93 -25984.7,-16110.52 0,-8897.59 11633.75,-16110.52 25984.7,-16110.52 14350.96,0 25984.71,7212.93 25984.71,16110.52zm40.81 0c0,-8911.57 -11652.02,-16135.82 -26025.52,-16135.82 -14373.49,0 -26025.51,7224.25 -26025.51,16135.82 0,8911.57 11652.02,16135.82 26025.51,16135.82 14373.5,0 26025.52,-7224.25 26025.52,-16135.82z"/>
    <path id="_957" class="fil293" d="M3198.8 35621.11c0,8906.91 -11645.93,16127.39 -26011.92,16127.39 -14365.98,0 -26011.91,-7220.48 -26011.91,-16127.39 0,-8906.91 11645.93,-16127.39 26011.91,-16127.39 14365.99,0 26011.92,7220.48 26011.92,16127.39zm40.81 0c0,-8920.88 -11664.2,-16152.69 -26052.73,-16152.69 -14388.52,0 -26052.72,7231.81 -26052.72,16152.69 0,8920.88 11664.2,16152.69 26052.72,16152.69 14388.53,0 26052.73,-7231.81 26052.73,-16152.69z"/>
    <path id="_958" class="fil293" d="M3226.01 35621.11c0,8916.23 -11658.11,16144.25 -26039.13,16144.25 -14381.01,0 -26039.12,-7228.02 -26039.12,-16144.25 0,-8916.23 11658.11,-16144.25 26039.12,-16144.25 14381.02,0 26039.13,7228.02 26039.13,16144.25zm40.81 0c0,-8930.2 -11676.38,-16169.56 -26079.94,-16169.56 -14403.55,0 -26079.93,7239.36 -26079.93,16169.56 0,8930.2 11676.38,16169.56 26079.93,16169.56 14403.56,0 26079.94,-7239.36 26079.94,-16169.56z"/>
    <path id="_959" class="fil293" d="M3253.22 35621.11c0,8925.54 -11670.3,16161.12 -26066.34,16161.12 -14396.03,0 -26066.33,-7235.58 -26066.33,-16161.12 0,-8925.54 11670.3,-16161.12 26066.33,-16161.12 14396.04,0 26066.34,7235.58 26066.34,16161.12zm40.81 0c0,-8939.52 -11688.57,-16186.43 -26107.15,-16186.43 -14418.57,0 -26107.14,7246.91 -26107.14,16186.43 0,8939.52 11688.57,16186.43 26107.14,16186.43 14418.58,0 26107.15,-7246.91 26107.15,-16186.43z"/>
    <path id="_960" class="fil293" d="M3280.43 35621.11c0,8934.86 -11682.48,16177.99 -26093.55,16177.99 -14411.06,0 -26093.54,-7243.13 -26093.54,-16177.99 0,-8934.86 11682.48,-16177.99 26093.54,-16177.99 14411.07,0 26093.55,7243.13 26093.55,16177.99zm40.81 0c0,-8948.83 -11700.75,-16203.3 -26134.36,-16203.3 -14433.6,0 -26134.35,7254.47 -26134.35,16203.3 0,8948.83 11700.75,16203.3 26134.35,16203.3 14433.61,0 26134.36,-7254.47 26134.36,-16203.3z"/>
    <path id="_961" class="fil293" d="M3307.63 35621.11c0,8944.18 -11694.65,16194.86 -26120.75,16194.86 -14426.09,0 -26120.74,-7250.68 -26120.74,-16194.86 0,-8944.18 11694.65,-16194.86 26120.74,-16194.86 14426.1,0 26120.75,7250.68 26120.75,16194.86zm40.82 0c0,-8958.15 -11712.93,-16220.17 -26161.57,-16220.17 -14448.63,0 -26161.56,7262.02 -26161.56,16220.17 0,8958.15 11712.93,16220.17 26161.56,16220.17 14448.64,0 26161.57,-7262.02 26161.57,-16220.17z"/>
    <path id="_962" class="fil293" d="M3334.84 35621.11c0,8953.49 -11706.84,16211.73 -26147.96,16211.73 -14441.11,0 -26147.95,-7258.24 -26147.95,-16211.73 0,-8953.49 11706.84,-16211.73 26147.95,-16211.73 14441.12,0 26147.96,7258.24 26147.96,16211.73zm40.82 0c0,-8967.47 -11725.12,-16237.04 -26188.78,-16237.04 -14463.65,0 -26188.77,7269.57 -26188.77,16237.04 0,8967.47 11725.12,16237.04 26188.77,16237.04 14463.66,0 26188.78,-7269.57 26188.78,-16237.04z"/>
    <path id="_963" class="fil293" d="M3362.05 35621.11c0,8962.81 -11719.02,16228.6 -26175.17,16228.6 -14456.14,0 -26175.16,-7265.79 -26175.16,-16228.6 0,-8962.81 11719.02,-16228.6 26175.16,-16228.6 14456.15,0 26175.17,7265.79 26175.17,16228.6zm40.82 0c0,-8976.79 -11737.3,-16253.91 -26215.99,-16253.91 -14478.68,0 -26215.98,7277.12 -26215.98,16253.91 0,8976.79 11737.3,16253.91 26215.98,16253.91 14478.69,0 26215.99,-7277.12 26215.99,-16253.91z"/>
    <path id="_964" class="fil293" d="M3389.26 35621.11c0,8972.13 -11731.2,16245.47 -26202.38,16245.47 -14471.17,0 -26202.37,-7273.34 -26202.37,-16245.47 0,-8972.13 11731.2,-16245.47 26202.37,-16245.47 14471.18,0 26202.38,7273.34 26202.38,16245.47zm40.82 0c0,-8986.1 -11749.48,-16270.78 -26243.2,-16270.78 -14493.71,0 -26243.19,7284.68 -26243.19,16270.78 0,8986.1 11749.48,16270.78 26243.19,16270.78 14493.72,0 26243.2,-7284.68 26243.2,-16270.78z"/>
    <path id="_965" class="fil293" d="M3416.47 35621.11c0,8981.44 -11743.38,16262.34 -26229.59,16262.34 -14486.2,0 -26229.58,-7280.9 -26229.58,-16262.34 0,-8981.44 11743.38,-16262.34 26229.58,-16262.34 14486.21,0 26229.59,7280.9 26229.59,16262.34zm40.81 0c0,-8995.42 -11761.65,-16287.65 -26270.4,-16287.65 -14508.74,0 -26270.39,7292.23 -26270.39,16287.65 0,8995.42 11761.65,16287.65 26270.39,16287.65 14508.75,0 26270.4,-7292.23 26270.4,-16287.65z"/>
    <path id="_966" class="fil293" d="M3443.68 35621.11c0,8990.76 -11755.57,16279.21 -26256.8,16279.21 -14501.22,0 -26256.79,-7288.45 -26256.79,-16279.21 0,-8990.76 11755.57,-16279.21 26256.79,-16279.21 14501.23,0 26256.8,7288.45 26256.8,16279.21zm40.81 0c0,-9004.74 -11773.84,-16304.52 -26297.61,-16304.52 -14523.76,0 -26297.6,7299.78 -26297.6,16304.52 0,9004.74 11773.84,16304.52 26297.6,16304.52 14523.77,0 26297.61,-7299.78 26297.61,-16304.52z"/>
    <path id="_967" class="fil293" d="M3470.89 35621.11c0,9000.08 -11767.75,16296.08 -26284.01,16296.08 -14516.25,0 -26284,-7296 -26284,-16296.08 0,-9000.08 11767.75,-16296.08 26284,-16296.08 14516.26,0 26284.01,7296 26284.01,16296.08zm40.81 0c0,-9014.05 -11786.02,-16321.39 -26324.82,-16321.39 -14538.79,0 -26324.81,7307.34 -26324.81,16321.39 0,9014.05 11786.02,16321.39 26324.81,16321.39 14538.8,0 26324.82,-7307.34 26324.82,-16321.39z"/>
    <path id="_968" class="fil293" d="M3498.1 35621.11c0,9009.39 -11779.93,16312.95 -26311.22,16312.95 -14531.28,0 -26311.21,-7303.56 -26311.21,-16312.95 0,-9009.39 11779.93,-16312.95 26311.21,-16312.95 14531.29,0 26311.22,7303.56 26311.22,16312.95zm40.81 0c0,-9023.37 -11798.2,-16338.26 -26352.03,-16338.26 -14553.82,0 -26352.02,7314.89 -26352.02,16338.26 0,9023.37 11798.2,16338.26 26352.02,16338.26 14553.83,0 26352.03,-7314.89 26352.03,-16338.26z"/>
    <path id="_969" class="fil293" d="M3525.31 35621.11c0,9018.71 -11792.12,16329.82 -26338.43,16329.82 -14546.3,0 -26338.42,-7311.11 -26338.42,-16329.82 0,-9018.71 11792.12,-16329.82 26338.42,-16329.82 14546.31,0 26338.43,7311.11 26338.43,16329.82zm40.81 0c0,-9032.69 -11810.39,-16355.13 -26379.24,-16355.13 -14568.84,0 -26379.23,7322.44 -26379.23,16355.13 0,9032.69 11810.39,16355.13 26379.23,16355.13 14568.85,0 26379.24,-7322.44 26379.24,-16355.13z"/>
    <path id="_970" class="fil293" d="M3552.52 35621.11c0,9028.03 -11804.3,16346.69 -26365.64,16346.69 -14561.33,0 -26365.63,-7318.66 -26365.63,-16346.69 0,-9028.03 11804.3,-16346.69 26365.63,-16346.69 14561.34,0 26365.64,7318.66 26365.64,16346.69zm40.81 0c0,-9042 -11822.57,-16371.99 -26406.45,-16371.99 -14583.87,0 -26406.44,7329.99 -26406.44,16371.99 0,9042 11822.57,16371.99 26406.44,16371.99 14583.88,0 26406.45,-7329.99 26406.45,-16371.99z"/>
    <path id="_971" class="fil293" d="M3579.73 35621.11c0,9037.34 -11816.48,16363.56 -26392.85,16363.56 -14576.36,0 -26392.84,-7326.22 -26392.84,-16363.56 0,-9037.34 11816.48,-16363.56 26392.84,-16363.56 14576.37,0 26392.85,7326.22 26392.85,16363.56zm40.81 0c0,-9051.32 -11834.75,-16388.86 -26433.66,-16388.86 -14598.9,0 -26433.65,7337.54 -26433.65,16388.86 0,9051.32 11834.75,16388.86 26433.65,16388.86 14598.91,0 26433.66,-7337.54 26433.66,-16388.86z"/>
    <path id="_972" class="fil0" d="M3606.93 35621.11c0,9046.66 -11828.65,16380.43 -26420.05,16380.43 -14591.39,0 -26420.04,-7333.77 -26420.04,-16380.43 0,-9046.66 11828.65,-16380.43 26420.04,-16380.43 14591.4,0 26420.05,7333.77 26420.05,16380.43zm40.82 0c0,-9060.64 -11846.93,-16405.73 -26460.87,-16405.73 -14613.93,0 -26460.86,7345.09 -26460.86,16405.73 0,9060.64 11846.93,16405.73 26460.86,16405.73 14613.94,0 26460.87,-7345.09 26460.87,-16405.73z"/>
    <path id="_973" class="fil0" d="M3634.14 35621.11c0,9055.98 -11840.84,16397.3 -26447.26,16397.3 -14606.41,0 -26447.25,-7341.32 -26447.25,-16397.3 0,-9055.98 11840.84,-16397.3 26447.25,-16397.3 14606.42,0 26447.26,7341.32 26447.26,16397.3zm40.82 0c0,-9069.95 -11859.12,-16422.6 -26488.08,-16422.6 -14628.95,0 -26488.07,7352.65 -26488.07,16422.6 0,9069.95 11859.12,16422.6 26488.07,16422.6 14628.96,0 26488.08,-7352.65 26488.08,-16422.6z"/>
    <path id="_974" class="fil0" d="M3661.35 35621.11c0,9065.3 -11853.02,16414.17 -26474.47,16414.17 -14621.44,0 -26474.46,-7348.87 -26474.46,-16414.17 0,-9065.3 11853.02,-16414.17 26474.46,-16414.17 14621.45,0 26474.47,7348.87 26474.47,16414.17zm40.82 0c0,-9079.27 -11871.3,-16439.47 -26515.29,-16439.47 -14643.98,0 -26515.28,7360.2 -26515.28,16439.47 0,9079.27 11871.3,16439.47 26515.28,16439.47 14643.99,0 26515.29,-7360.2 26515.29,-16439.47z"/>
    <path id="_975" class="fil0" d="M3688.56 35621.11c0,9074.61 -11865.2,16431.04 -26501.68,16431.04 -14636.47,0 -26501.67,-7356.43 -26501.67,-16431.04 0,-9074.61 11865.2,-16431.04 26501.67,-16431.04 14636.48,0 26501.68,7356.43 26501.68,16431.04zm40.82 0c0,-9088.59 -11883.48,-16456.34 -26542.5,-16456.34 -14659.01,0 -26542.49,7367.75 -26542.49,16456.34 0,9088.59 11883.48,16456.34 26542.49,16456.34 14659.02,0 26542.5,-7367.75 26542.5,-16456.34z"/>
    <path id="_976" class="fil0" d="M3715.77 35621.11c0,9083.93 -11877.39,16447.91 -26528.89,16447.91 -14651.49,0 -26528.88,-7363.98 -26528.88,-16447.91 0,-9083.93 11877.39,-16447.91 26528.88,-16447.91 14651.5,0 26528.89,7363.98 26528.89,16447.91zm40.81 0c0,-9097.9 -11895.65,-16473.21 -26569.7,-16473.21 -14674.04,0 -26569.69,7375.31 -26569.69,16473.21 0,9097.9 11895.65,16473.21 26569.69,16473.21 14674.05,0 26569.7,-7375.31 26569.7,-16473.21z"/>
    <path id="_977" class="fil0" d="M3742.98 35621.11c0,9093.25 -11889.57,16464.78 -26556.1,16464.78 -14666.52,0 -26556.09,-7371.53 -26556.09,-16464.78 0,-9093.25 11889.57,-16464.78 26556.09,-16464.78 14666.53,0 26556.1,7371.53 26556.1,16464.78zm40.81 0c0,-9107.22 -11907.84,-16490.08 -26596.91,-16490.08 -14689.06,0 -26596.9,7382.86 -26596.9,16490.08 0,9107.22 11907.84,16490.08 26596.9,16490.08 14689.07,0 26596.91,-7382.86 26596.91,-16490.08z"/>
    <path id="_978" class="fil0" d="M3770.19 35621.11c0,9102.56 -11901.75,16481.65 -26583.31,16481.65 -14681.55,0 -26583.3,-7379.09 -26583.3,-16481.65 0,-9102.56 11901.75,-16481.65 26583.3,-16481.65 14681.56,0 26583.31,7379.09 26583.31,16481.65zm40.81 0c0,-9116.54 -11920.02,-16506.95 -26624.12,-16506.95 -14704.09,0 -26624.11,7390.41 -26624.11,16506.95 0,9116.54 11920.02,16506.95 26624.11,16506.95 14704.1,0 26624.12,-7390.41 26624.12,-16506.95z"/>
    <path id="_979" class="fil0" d="M3797.4 35621.11c0,9111.88 -11913.93,16498.52 -26610.52,16498.52 -14696.58,0 -26610.51,-7386.64 -26610.51,-16498.52 0,-9111.88 11913.93,-16498.52 26610.51,-16498.52 14696.59,0 26610.52,7386.64 26610.52,16498.52zm40.81 0c0,-9125.85 -11932.2,-16523.82 -26651.33,-16523.82 -14719.12,0 -26651.32,7397.97 -26651.32,16523.82 0,9125.85 11932.2,16523.82 26651.32,16523.82 14719.13,0 26651.33,-7397.97 26651.33,-16523.82z"/>
    <path id="_980" class="fil0" d="M3824.61 35621.11c0,9121.2 -11926.12,16515.39 -26637.73,16515.39 -14711.6,0 -26637.72,-7394.19 -26637.72,-16515.39 0,-9121.2 11926.12,-16515.39 26637.72,-16515.39 14711.61,0 26637.73,7394.19 26637.73,16515.39zm40.81 0c0,-9135.17 -11944.39,-16540.69 -26678.54,-16540.69 -14734.14,0 -26678.53,7405.52 -26678.53,16540.69 0,9135.17 11944.39,16540.69 26678.53,16540.69 14734.15,0 26678.54,-7405.52 26678.54,-16540.69z"/>
    <path id="_981" class="fil0" d="M3851.82 35621.11c0,9130.51 -11938.3,16532.26 -26664.94,16532.26 -14726.63,0 -26664.93,-7401.75 -26664.93,-16532.26 0,-9130.51 11938.3,-16532.26 26664.93,-16532.26 14726.64,0 26664.94,7401.75 26664.94,16532.26zm40.81 0c0,-9144.49 -11956.57,-16557.56 -26705.75,-16557.56 -14749.17,0 -26705.74,7413.07 -26705.74,16557.56 0,9144.49 11956.57,16557.56 26705.74,16557.56 14749.18,0 26705.75,-7413.07 26705.75,-16557.56z"/>
    <path id="_982" class="fil0" d="M3879.03 35621.11c0,9139.83 -11950.48,16549.13 -26692.15,16549.13 -14741.66,0 -26692.14,-7409.3 -26692.14,-16549.13 0,-9139.83 11950.48,-16549.13 26692.14,-16549.13 14741.67,0 26692.15,7409.3 26692.15,16549.13zm40.81 0c0,-9153.81 -11968.75,-16574.43 -26732.96,-16574.43 -14764.2,0 -26732.95,7420.62 -26732.95,16574.43 0,9153.81 11968.75,16574.43 26732.95,16574.43 14764.21,0 26732.96,-7420.62 26732.96,-16574.43z"/>
    <path id="_983" class="fil0" d="M3906.24 35621.11c0,9149.15 -11962.67,16566 -26719.36,16566 -14756.68,0 -26719.35,-7416.85 -26719.35,-16566 0,-9149.15 11962.67,-16566 26719.35,-16566 14756.69,0 26719.36,7416.85 26719.36,16566zm40.81 0c0,-9163.12 -11980.93,-16591.3 -26760.17,-16591.3 -14779.23,0 -26760.16,7428.18 -26760.16,16591.3 0,9163.12 11980.93,16591.3 26760.16,16591.3 14779.24,0 26760.17,-7428.18 26760.17,-16591.3z"/>
    <path id="_984" class="fil0" d="M3933.44 35621.11c0,9158.46 -11974.84,16582.87 -26746.56,16582.87 -14771.71,0 -26746.55,-7424.41 -26746.55,-16582.87 0,-9158.46 11974.84,-16582.87 26746.55,-16582.87 14771.72,0 26746.56,7424.41 26746.56,16582.87zm40.82 0c0,-9172.44 -11993.12,-16608.17 -26787.38,-16608.17 -14794.25,0 -26787.37,7435.73 -26787.37,16608.17 0,9172.44 11993.12,16608.17 26787.37,16608.17 14794.26,0 26787.38,-7435.73 26787.38,-16608.17z"/>
    <path id="_985" class="fil0" d="M3960.65 35621.11c0,9167.78 -11987.02,16599.74 -26773.77,16599.74 -14786.74,0 -26773.76,-7431.96 -26773.76,-16599.74 0,-9167.78 11987.02,-16599.74 26773.76,-16599.74 14786.75,0 26773.77,7431.96 26773.77,16599.74zm40.82 0c0,-9181.76 -12005.3,-16625.04 -26814.59,-16625.04 -14809.28,0 -26814.58,7443.28 -26814.58,16625.04 0,9181.76 12005.3,16625.04 26814.58,16625.04 14809.29,0 26814.59,-7443.28 26814.59,-16625.04z"/>
    <path id="_986" class="fil0" d="M3987.86 35621.11c0,9177.1 -11999.2,16616.6 -26800.98,16616.6 -14801.77,0 -26800.97,-7439.5 -26800.97,-16616.6 0,-9177.1 11999.2,-16616.6 26800.97,-16616.6 14801.78,0 26800.98,7439.5 26800.98,16616.6zm40.82 0c0,-9191.07 -12017.48,-16641.91 -26841.8,-16641.91 -14824.31,0 -26841.79,7450.84 -26841.79,16641.91 0,9191.07 12017.48,16641.91 26841.79,16641.91 14824.32,0 26841.8,-7450.84 26841.8,-16641.91z"/>
    <path id="_987" class="fil0" d="M4015.07 35621.11c0,9186.41 -12011.39,16633.47 -26828.19,16633.47 -14816.79,0 -26828.18,-7447.06 -26828.18,-16633.47 0,-9186.41 12011.39,-16633.47 26828.18,-16633.47 14816.8,0 26828.19,7447.06 26828.19,16633.47zm40.82 0c0,-9200.39 -12029.67,-16658.78 -26869.01,-16658.78 -14839.33,0 -26869,7458.39 -26869,16658.78 0,9200.39 12029.67,16658.78 26869,16658.78 14839.34,0 26869.01,-7458.39 26869.01,-16658.78z"/>
    <path id="_988" class="fil0" d="M4042.28 35621.11c0,9195.73 -12023.57,16650.34 -26855.4,16650.34 -14831.82,0 -26855.39,-7454.61 -26855.39,-16650.34 0,-9195.73 12023.57,-16650.34 26855.39,-16650.34 14831.83,0 26855.4,7454.61 26855.4,16650.34zm40.81 0c0,-9209.71 -12041.84,-16675.65 -26896.21,-16675.65 -14854.36,0 -26896.2,7465.94 -26896.2,16675.65 0,9209.71 12041.84,16675.65 26896.2,16675.65 14854.37,0 26896.21,-7465.94 26896.21,-16675.65z"/>
    <path id="_989" class="fil0" d="M4069.49 35621.11c0,9205.05 -12035.75,16667.21 -26882.61,16667.21 -14846.85,0 -26882.6,-7462.16 -26882.6,-16667.21 0,-9205.05 12035.75,-16667.21 26882.6,-16667.21 14846.86,0 26882.61,7462.16 26882.61,16667.21zm40.81 0c0,-9219.02 -12054.02,-16692.52 -26923.42,-16692.52 -14869.39,0 -26923.41,7473.5 -26923.41,16692.52 0,9219.02 12054.02,16692.52 26923.41,16692.52 14869.4,0 26923.42,-7473.5 26923.42,-16692.52z"/>
    <path id="_990" class="fil0" d="M4096.7 35621.11c0,9214.36 -12047.94,16684.08 -26909.82,16684.08 -14861.87,0 -26909.81,-7469.72 -26909.81,-16684.08 0,-9214.36 12047.94,-16684.08 26909.81,-16684.08 14861.88,0 26909.82,7469.72 26909.82,16684.08zm40.81 0c0,-9228.34 -12066.2,-16709.39 -26950.63,-16709.39 -14884.42,0 -26950.62,7481.05 -26950.62,16709.39 0,9228.34 12066.2,16709.39 26950.62,16709.39 14884.43,0 26950.63,-7481.05 26950.63,-16709.39z"/>
    <path id="_991" class="fil0" d="M4123.91 35621.11c0,9223.68 -12060.12,16700.95 -26937.03,16700.95 -14876.9,0 -26937.02,-7477.27 -26937.02,-16700.95 0,-9223.68 12060.12,-16700.95 26937.02,-16700.95 14876.91,0 26937.03,7477.27 26937.03,16700.95zm40.81 0c0,-9237.66 -12078.39,-16726.26 -26977.84,-16726.26 -14899.44,0 -26977.83,7488.6 -26977.83,16726.26 0,9237.66 12078.39,16726.26 26977.83,16726.26 14899.45,0 26977.84,-7488.6 26977.84,-16726.26z"/>
    <path id="_992" class="fil0" d="M4151.12 35621.11c0,9233 -12072.3,16717.82 -26964.24,16717.82 -14891.93,0 -26964.23,-7484.82 -26964.23,-16717.82 0,-9233 12072.3,-16717.82 26964.23,-16717.82 14891.94,0 26964.24,7484.82 26964.24,16717.82zm40.81 0c0,-9246.97 -12090.57,-16743.13 -27005.05,-16743.13 -14914.47,0 -27005.04,7496.16 -27005.04,16743.13 0,9246.97 12090.57,16743.13 27005.04,16743.13 14914.48,0 27005.05,-7496.16 27005.05,-16743.13z"/>
    <path id="_993" class="fil0" d="M4178.33 35621.11c0,9242.32 -12084.48,16734.69 -26991.45,16734.69 -14906.96,0 -26991.44,-7492.37 -26991.44,-16734.69 0,-9242.32 12084.48,-16734.69 26991.44,-16734.69 14906.97,0 26991.45,7492.37 26991.45,16734.69zm40.81 0c0,-9256.29 -12102.75,-16760 -27032.26,-16760 -14929.5,0 -27032.25,7503.71 -27032.25,16760 0,9256.29 12102.75,16760 27032.25,16760 14929.51,0 27032.26,-7503.71 27032.26,-16760z"/>
    <path id="_994" class="fil0" d="M4205.54 35621.11c0,9251.63 -12096.67,16751.56 -27018.66,16751.56 -14921.98,0 -27018.65,-7499.93 -27018.65,-16751.56 0,-9251.63 12096.67,-16751.56 27018.65,-16751.56 14921.99,0 27018.66,7499.93 27018.66,16751.56zm40.81 0c0,-9265.61 -12114.94,-16776.87 -27059.47,-16776.87 -14944.52,0 -27059.46,7511.26 -27059.46,16776.87 0,9265.61 12114.94,16776.87 27059.46,16776.87 14944.53,0 27059.47,-7511.26 27059.47,-16776.87z"/>
    <path id="_995" class="fil0" d="M4232.74 35621.11c0,9260.95 -12108.84,16768.43 -27045.86,16768.43 -14937.01,0 -27045.85,-7507.48 -27045.85,-16768.43 0,-9260.95 12108.84,-16768.43 27045.85,-16768.43 14937.02,0 27045.86,7507.48 27045.86,16768.43zm40.82 0c0,-9274.92 -12127.12,-16793.74 -27086.68,-16793.74 -14959.55,0 -27086.67,7518.82 -27086.67,16793.74 0,9274.92 12127.12,16793.74 27086.67,16793.74 14959.56,0 27086.68,-7518.82 27086.68,-16793.74z"/>
    <path id="_996" class="fil0" d="M4259.95 35621.11c0,9270.27 -12121.02,16785.3 -27073.07,16785.3 -14952.04,0 -27073.06,-7515.03 -27073.06,-16785.3 0,-9270.27 12121.02,-16785.3 27073.06,-16785.3 14952.05,0 27073.07,7515.03 27073.07,16785.3zm40.82 0c0,-9284.24 -12139.3,-16810.61 -27113.89,-16810.61 -14974.58,0 -27113.88,7526.37 -27113.88,16810.61 0,9284.24 12139.3,16810.61 27113.88,16810.61 14974.59,0 27113.89,-7526.37 27113.89,-16810.61z"/>
    <path id="_997" class="fil0" d="M4287.16 35621.11c0,9279.58 -12133.2,16802.17 -27100.28,16802.17 -14967.07,0 -27100.27,-7522.59 -27100.27,-16802.17 0,-9279.58 12133.2,-16802.17 27100.27,-16802.17 14967.08,0 27100.28,7522.59 27100.28,16802.17zm40.82 0c0,-9293.56 -12151.48,-16827.48 -27141.1,-16827.48 -14989.61,0 -27141.09,7533.92 -27141.09,16827.48 0,9293.56 12151.48,16827.48 27141.09,16827.48 14989.62,0 27141.1,-7533.92 27141.1,-16827.48z"/>
    <path id="_998" class="fil0" d="M4314.37 35621.11c0,9288.9 -12145.39,16819.04 -27127.49,16819.04 -14982.09,0 -27127.48,-7530.14 -27127.48,-16819.04 0,-9288.9 12145.39,-16819.04 27127.48,-16819.04 14982.1,0 27127.49,7530.14 27127.49,16819.04zm40.82 0c0,-9302.87 -12163.67,-16844.35 -27168.31,-16844.35 -15004.63,0 -27168.3,7541.48 -27168.3,16844.35 0,9302.87 12163.67,16844.35 27168.3,16844.35 15004.64,0 27168.31,-7541.48 27168.31,-16844.35z"/>
    <path id="_999" class="fil0" d="M4341.58 35621.11c0,9298.22 -12157.57,16835.91 -27154.7,16835.91 -14997.12,0 -27154.69,-7537.69 -27154.69,-16835.91 0,-9298.22 12157.57,-16835.91 27154.69,-16835.91 14997.13,0 27154.7,7537.69 27154.7,16835.91zm27.21 0c0,-9307.53 -12169.75,-16852.78 -27181.91,-16852.78 -15012.15,0 -27181.9,7545.25 -27181.9,16852.78 0,9307.53 12169.75,16852.78 27181.9,16852.78 15012.16,0 27181.91,-7545.25 27181.91,-16852.78z"/>
   </g>
   <polygon id="_1000" class="fil294 str0" points="-49995.02,18768.33 4368.79,18768.33 4368.79,52473.89 -49995.02,52473.89 "/>
  </g>
 </g>
</svg>
